{"global": {"size": 431, "facts": [{"type": "numerical", "feature_label": "CRIM", "cluster_label": "cluster_9", "mean": 76.81036666666667, "std": 10.903343970696945, "diff": 8.344976598806511, "global_mean": 3.742854147355657, "global_std": 8.755867875023286}, {"type": "numerical", "feature_label": "B", "cluster_label": "cluster_7", "mean": 49.1888, "std": 46.36727521647137, "diff": -3.351832080915997, "global_mean": 356.2846867749414, "global_std": 91.62030774853658}, {"type": "numerical", "feature_label": "MEDV", "cluster_label": "cluster_11", "mean": 50.0, "std": 0.0, "diff": 2.8664217677258432, "global_mean": 22.724361948955938, "global_std": 9.515570373540653}, {"type": "numerical", "feature_label": "ZN", "cluster_label": "cluster_5", "mean": 74.89583333333333, "std": 14.808178679267124, "diff": 2.749569334437778, "global_mean": 10.935034802784223, "global_std": 23.262115171802925}, {"type": "numerical", "feature_label": "CRIM", "cluster_label": "cluster_2", "mean": 24.60602666666667, "std": 10.217522752777397, "diff": 2.3827646576103145, "global_mean": 3.742854147355657, "global_std": 8.755867875023286}, {"type": "numerical", "feature_label": "PTRATIO", "cluster_label": "cluster_12", "mean": 13.485714285714286, "std": 0.7969722925954418, "diff": -2.2830572238945965, "global_mean": 18.44849187935028, "global_std": 2.173742095333968}, {"type": "numerical", "feature_label": "ZN", "cluster_label": "cluster_1", "mean": 62.67307692307692, "std": 21.944904787987717, "diff": 2.2241331769781083, "global_mean": 10.935034802784223, "global_std": 23.262115171802925}, {"type": "numerical", "feature_label": "LSTAT", "cluster_label": "cluster_2", "mean": 28.449333333333332, "std": 6.915450059382218, "diff": 2.141806359033852, "global_mean": 12.884991836383959, "global_std": 7.2669228155482255}, {"type": "numerical", "feature_label": "MEDV", "cluster_label": "cluster_12", "mean": 42.478571428571435, "std": 7.591308650882733, "diff": 2.0759879549149027, "global_mean": 22.724361948955938, "global_std": 9.515570373540653}, {"type": "numerical", "feature_label": "DIS", "cluster_label": "cluster_5", "mean": 8.009687499999998, "std": 1.8794581842538278, "diff": 2.0641487405756798, "global_mean": 3.7171805104408326, "global_std": 2.079553137416836}]}, "clusters": [{"cluster": "cluster_0", "size": 95, "facts": [{"type": "numerical", "feature_label": "RAD", "cluster_label": "cluster_0", "mean": 4.484210526315789, "std": 1.4131838046926044, "diff": -0.6006428299696128, "global_mean": 9.77494199535963, "global_std": 8.808448557209122}, {"type": "numerical", "feature_label": "TAX", "cluster_label": "cluster_0", "mean": 318.0315789473684, "std": 59.20923099242591, "diff": -0.5526855041497513, "global_mean": 412.41763341067286, "global_std": 170.77714858562737}, {"type": "numerical", "feature_label": "ZN", "cluster_label": "cluster_0", "mean": 1.1631578947368422, "std": 4.781637141335564, "diff": -0.42007688621077416, "global_mean": 10.935034802784223, "global_std": 23.262115171802925}]}, {"cluster": "cluster_1", "size": 26, "facts": [{"type": "numerical", "feature_label": "ZN", "cluster_label": "cluster_1", "mean": 62.67307692307692, "std": 21.944904787987717, "diff": 2.2241331769781083, "global_mean": 10.935034802784223, "global_std": 23.262115171802925}, {"type": "numerical", "feature_label": "MEDV", "cluster_label": "cluster_1", "mean": 36.3423076923077, "std": 6.992520179558902, "diff": 1.4311223824499606, "global_mean": 22.724361948955938, "global_std": 9.515570373540653}, {"type": "numerical", "feature_label": "AGE", "cluster_label": "cluster_1", "mean": 31.062250712250712, "std": 13.153567543284746, "diff": -1.3901061329120203, "global_mean": 69.16676978602732, "global_std": 27.411230100794203}]}, {"cluster": "cluster_2", "size": 15, "facts": [{"type": "numerical", "feature_label": "CRIM", "cluster_label": "cluster_2", "mean": 24.60602666666667, "std": 10.217522752777397, "diff": 2.3827646576103145, "global_mean": 3.742854147355657, "global_std": 8.755867875023286}, {"type": "numerical", "feature_label": "LSTAT", "cluster_label": "cluster_2", "mean": 28.449333333333332, "std": 6.915450059382218, "diff": 2.141806359033852, "global_mean": 12.884991836383959, "global_std": 7.2669228155482255}, {"type": "numerical", "feature_label": "RM", "cluster_label": "cluster_2", "mean": 4.7922666666666665, "std": 0.5189605636911794, "diff": -2.05715885203712, "global_mean": 6.302051044083534, "global_std": 0.7339172548205453}]}, {"cluster": "cluster_3", "size": 75, "facts": [{"type": "numerical", "feature_label": "AGE", "cluster_label": "cluster_3", "mean": 37.201333333333324, "std": 17.64193019204251, "diff": -1.1661438153323822, "global_mean": 69.16676978602732, "global_std": 27.411230100794203}, {"type": "numerical", "feature_label": "DIS", "cluster_label": "cluster_3", "mean": 5.849725333333334, "std": 1.3661035347267032, "diff": 1.0254822464125586, "global_mean": 3.7171805104408326, "global_std": 2.079553137416836}, {"type": "numerical", "feature_label": "NOX", "cluster_label": "cluster_3", "mean": 0.45550666666666684, "std": 0.034248370777321686, "diff": -0.8817583454247342, "global_mean": 0.5567744779582383, "global_std": 0.11484757906407088}]}, {"cluster": "cluster_4", "size": 30, "facts": [{"type": "numerical", "feature_label": "RAD", "cluster_label": "cluster_4", "mean": 24.0, "std": 0.0, "diff": 1.6149334258185704, "global_mean": 9.77494199535963, "global_std": 8.808448557209122}, {"type": "numerical", "feature_label": "TAX", "cluster_label": "cluster_4", "mean": 666.0, "std": 0.0, "diff": 1.4848729393217464, "global_mean": 412.41763341067286, "global_std": 170.77714858562737}, {"type": "numerical", "feature_label": "INDUS", "cluster_label": "cluster_4", "mean": 17.63226611796983, "std": 1.7800183401572471, "diff": 0.9503872603155561, "global_mean": 11.19228275710616, "global_std": 6.7761676000638}]}, {"cluster": "cluster_5", "size": 24, "facts": [{"type": "numerical", "feature_label": "ZN", "cluster_label": "cluster_5", "mean": 74.89583333333333, "std": 14.808178679267124, "diff": 2.749569334437778, "global_mean": 10.935034802784223, "global_std": 23.262115171802925}, {"type": "numerical", "feature_label": "DIS", "cluster_label": "cluster_5", "mean": 8.009687499999998, "std": 1.8794581842538278, "diff": 2.0641487405756798, "global_mean": 3.7171805104408326, "global_std": 2.079553137416836}, {"type": "numerical", "feature_label": "AGE", "cluster_label": "cluster_5", "mean": 31.104166666666668, "std": 11.121638883243573, "diff": -1.3885769802887407, "global_mean": 69.16676978602732, "global_std": 27.411230100794203}]}, {"cluster": "cluster_6", "size": 36, "facts": [{"type": "numerical", "feature_label": "RM", "cluster_label": "cluster_6", "mean": 7.306916666666668, "std": 0.6123709601680528, "diff": 1.3691810840839818, "global_mean": 6.302051044083534, "global_std": 0.7339172548205453}, {"type": "numerical", "feature_label": "MEDV", "cluster_label": "cluster_6", "mean": 35.7388888888889, "std": 7.403677764762891, "diff": 1.3677085480994013, "global_mean": 22.724361948955938, "global_std": 9.515570373540653}, {"type": "numerical", "feature_label": "INDUS", "cluster_label": "cluster_6", "mean": 4.329444444444447, "std": 1.7593423193981883, "diff": -1.0127905207948364, "global_mean": 11.19228275710616, "global_std": 6.7761676000638}]}, {"cluster": "cluster_7", "size": 25, "facts": [{"type": "numerical", "feature_label": "B", "cluster_label": "cluster_7", "mean": 49.1888, "std": 46.36727521647137, "diff": -3.351832080915997, "global_mean": 356.2846867749414, "global_std": 91.62030774853658}, {"type": "numerical", "feature_label": "RAD", "cluster_label": "cluster_7", "mean": 24.0, "std": 0.0, "diff": 1.6149334258185704, "global_mean": 9.77494199535963, "global_std": 8.808448557209122}, {"type": "numerical", "feature_label": "TAX", "cluster_label": "cluster_7", "mean": 666.0, "std": 0.0, "diff": 1.4848729393217464, "global_mean": 412.41763341067286, "global_std": 170.77714858562737}]}, {"cluster": "cluster_8", "size": 23, "facts": [{"type": "numerical", "feature_label": "INDUS", "cluster_label": "cluster_8", "mean": 24.142608695652168, "std": 2.515682118579199, "diff": 1.9111578554261375, "global_mean": 11.19228275710616, "global_std": 6.7761676000638}, {"type": "numerical", "feature_label": "PTRATIO", "cluster_label": "cluster_8", "mean": 20.41304347826087, "std": 0.9111951930524521, "diff": 0.9037648040802945, "global_mean": 18.44849187935028, "global_std": 2.173742095333968}, {"type": "numerical", "feature_label": "DIS", "cluster_label": "cluster_8", "mean": 1.921260869565218, "std": 0.23121706593810856, "diff": -0.8636084399874758, "global_mean": 3.7171805104408326, "global_std": 2.079553137416836}]}, {"cluster": "cluster_9", "size": 3, "facts": [{"type": "numerical", "feature_label": "CRIM", "cluster_label": "cluster_9", "mean": 76.81036666666667, "std": 10.903343970696945, "diff": 8.344976598806511, "global_mean": 3.742854147355657, "global_std": 8.755867875023286}, {"type": "numerical", "feature_label": "RAD", "cluster_label": "cluster_9", "mean": 24.0, "std": 0.0, "diff": 1.6149334258185704, "global_mean": 9.77494199535963, "global_std": 8.808448557209122}, {"type": "numerical", "feature_label": "MEDV", "cluster_label": "cluster_9", "mean": 8.066666666666668, "std": 2.7736858750286295, "diff": -1.5403906131625067, "global_mean": 22.724361948955938, "global_std": 9.515570373540653}]}, {"cluster": "cluster_10", "size": 39, "facts": [{"type": "numerical", "feature_label": "RAD", "cluster_label": "cluster_10", "mean": 24.0, "std": 0.0, "diff": 1.6149334258185704, "global_mean": 9.77494199535963, "global_std": 8.808448557209122}, {"type": "numerical", "feature_label": "TAX", "cluster_label": "cluster_10", "mean": 666.0, "std": 0.0, "diff": 1.4848729393217464, "global_mean": 412.41763341067286, "global_std": 170.77714858562737}, {"type": "numerical", "feature_label": "NOX", "cluster_label": "cluster_10", "mean": 0.6889487179487178, "std": 0.05030535637377036, "diff": 1.1508665752261305, "global_mean": 0.5567744779582383, "global_std": 0.11484757906407088}]}, {"cluster": "cluster_11", "size": 5, "facts": [{"type": "numerical", "feature_label": "MEDV", "cluster_label": "cluster_11", "mean": 50.0, "std": 0.0, "diff": 2.8664217677258432, "global_mean": 22.724361948955938, "global_std": 9.515570373540653}, {"type": "numerical", "feature_label": "RAD", "cluster_label": "cluster_11", "mean": 24.0, "std": 0.0, "diff": 1.6149334258185704, "global_mean": 9.77494199535963, "global_std": 8.808448557209122}, {"type": "numerical", "feature_label": "TAX", "cluster_label": "cluster_11", "mean": 666.0, "std": 0.0, "diff": 1.4848729393217464, "global_mean": 412.41763341067286, "global_std": 170.77714858562737}]}, {"cluster": "cluster_12", "size": 14, "facts": [{"type": "numerical", "feature_label": "PTRATIO", "cluster_label": "cluster_12", "mean": 13.485714285714286, "std": 0.7969722925954418, "diff": -2.2830572238945965, "global_mean": 18.44849187935028, "global_std": 2.173742095333968}, {"type": "numerical", "feature_label": "MEDV", "cluster_label": "cluster_12", "mean": 42.478571428571435, "std": 7.591308650882733, "diff": 2.0759879549149027, "global_mean": 22.724361948955938, "global_std": 9.515570373540653}, {"type": "numerical", "feature_label": "RM", "cluster_label": "cluster_12", "mean": 7.680071428571428, "std": 0.5723330746616418, "diff": 1.8776236359572207, "global_mean": 6.302051044083534, "global_std": 0.7339172548205453}]}, {"cluster": "cluster_13", "size": 21, "facts": [{"type": "numerical", "feature_label": "PTRATIO", "cluster_label": "cluster_13", "mean": 14.619047619047613, "std": 0.3709704134011869, "diff": -1.761682891692963, "global_mean": 18.44849187935028, "global_std": 2.173742095333968}, {"type": "numerical", "feature_label": "NOX", "cluster_label": "cluster_13", "mean": 0.7590000000000003, "std": 0.13281566172707193, "diff": 1.7608165856847968, "global_mean": 0.5567744779582383, "global_std": 0.11484757906407088}, {"type": "numerical", "feature_label": "INDUS", "cluster_label": "cluster_13", "mean": 18.027523025671165, "std": 4.107447697972513, "diff": 1.0087177106570755, "global_mean": 11.19228275710616, "global_std": 6.7761676000638}]}]}