{
    "metrics": {
        "inertia": 1239.2569458403434,
        "silhouette": 0.24505573073977377,
        "nbClusters": 14
    },
    "processed_feature_names": [
        "B",
        "TAX",
        "CRIM",
        "PTRATIO",
        "MEDV",
        "DIS",
        "ZN",
        "INDUS",
        "RAD",
        "LSTAT",
        "NOX",
        "RM",
        "AGE",
        "dummy:CHAS:0",
        "dummy:CHAS:N/A",
        "dummy:CHAS:__Others__"
    ],
    "variables_importance": {
        "variables": [
            "B",
            "TAX",
            "CRIM",
            "PTRATIO",
            "MEDV",
            "DIS",
            "ZN",
            "INDUS",
            "RAD",
            "LSTAT",
            "NOX",
            "RM",
            "AGE",
            "dummy:CHAS:0",
            "dummy:CHAS:__Others__"
        ],
        "importances": [
            0.0648801704763746,
            0.050813091492487555,
            0.06704750067773127,
            0.05131939507623286,
            0.1043424363540954,
            0.1023036728101602,
            0.05935321545032424,
            0.10865230176235828,
            0.0544055499494481,
            0.05380896144034742,
            0.09271475243291442,
            0.07870394924346968,
            0.10579096094246644,
            0.0029476409178113574,
            0.0029164009737781293
        ]
    },
    "reduce_vars": [],
    "train_nb_records": 431,
    "train_nb_features": 16,
    "train_nb_outliers": 0,
    "cluster_description": [
        {
            "variable": "dummy:CHAS:0",
            "var": 0.02,
            "values": [
                {
                    "cluster": "cluster_0",
                    "value": 0.8842105263157894
                },
                {
                    "cluster": "cluster_1",
                    "value": 0.8846153846153846
                },
                {
                    "cluster": "cluster_10",
                    "value": 0.9487179487179487
                },
                {
                    "cluster": "cluster_11",
                    "value": 0.4
                },
                {
                    "cluster": "cluster_12",
                    "value": 0.8571428571428571
                },
                {
                    "cluster": "cluster_13",
                    "value": 0.8571428571428571
                },
                {
                    "cluster": "cluster_2",
                    "value": 1.0
                },
                {
                    "cluster": "cluster_3",
                    "value": 1.0
                },
                {
                    "cluster": "cluster_4",
                    "value": 0.9
                },
                {
                    "cluster": "cluster_5",
                    "value": 1.0
                },
                {
                    "cluster": "cluster_6",
                    "value": 0.8611111111111112
                },
                {
                    "cluster": "cluster_7",
                    "value": 1.0
                },
                {
                    "cluster": "cluster_8",
                    "value": 1.0
                },
                {
                    "cluster": "cluster_9",
                    "value": 1.0
                }
            ]
        },
        {
            "variable": "dummy:CHAS:N/A",
            "var": 0.0,
            "values": [
                {
                    "cluster": "cluster_0",
                    "value": 0.0
                },
                {
                    "cluster": "cluster_1",
                    "value": 0.0
                },
                {
                    "cluster": "cluster_10",
                    "value": 0.0
                },
                {
                    "cluster": "cluster_11",
                    "value": 0.0
                },
                {
                    "cluster": "cluster_12",
                    "value": 0.0
                },
                {
                    "cluster": "cluster_13",
                    "value": 0.0
                },
                {
                    "cluster": "cluster_2",
                    "value": 0.0
                },
                {
                    "cluster": "cluster_3",
                    "value": 0.0
                },
                {
                    "cluster": "cluster_4",
                    "value": 0.0
                },
                {
                    "cluster": "cluster_5",
                    "value": 0.0
                },
                {
                    "cluster": "cluster_6",
                    "value": 0.0
                },
                {
                    "cluster": "cluster_7",
                    "value": 0.0
                },
                {
                    "cluster": "cluster_8",
                    "value": 0.0
                },
                {
                    "cluster": "cluster_9",
                    "value": 0.0
                }
            ]
        },
        {
            "variable": "dummy:CHAS:__Others__",
            "var": 0.02,
            "values": [
                {
                    "cluster": "cluster_0",
                    "value": 0.11578947368421053
                },
                {
                    "cluster": "cluster_1",
                    "value": 0.11538461538461539
                },
                {
                    "cluster": "cluster_10",
                    "value": 0.05128205128205128
                },
                {
                    "cluster": "cluster_11",
                    "value": 0.6
                },
                {
                    "cluster": "cluster_12",
                    "value": 0.14285714285714285
                },
                {
                    "cluster": "cluster_13",
                    "value": 0.14285714285714285
                },
                {
                    "cluster": "cluster_2",
                    "value": 0.0
                },
                {
                    "cluster": "cluster_3",
                    "value": 0.0
                },
                {
                    "cluster": "cluster_4",
                    "value": 0.1
                },
                {
                    "cluster": "cluster_5",
                    "value": 0.0
                },
                {
                    "cluster": "cluster_6",
                    "value": 0.1388888888888889
                },
                {
                    "cluster": "cluster_7",
                    "value": 0.0
                },
                {
                    "cluster": "cluster_8",
                    "value": 0.0
                },
                {
                    "cluster": "cluster_9",
                    "value": 0.0
                }
            ]
        },
        {
            "variable": "B",
            "var": 8574.47,
            "values": [
                {
                    "cluster": "cluster_0",
                    "value": 379.78821052631594
                },
                {
                    "cluster": "cluster_1",
                    "value": 389.2653846153845
                },
                {
                    "cluster": "cluster_10",
                    "value": 366.4217948717948
                },
                {
                    "cluster": "cluster_11",
                    "value": 371.38599999999997
                },
                {
                    "cluster": "cluster_12",
                    "value": 385.14500000000004
                },
                {
                    "cluster": "cluster_13",
                    "value": 318.7280952380952
                },
                {
                    "cluster": "cluster_2",
                    "value": 288.4426666666667
                },
                {
                    "cluster": "cluster_3",
                    "value": 390.5404000000002
                },
                {
                    "cluster": "cluster_4",
                    "value": 379.7836666666666
                },
                {
                    "cluster": "cluster_5",
                    "value": 391.4354166666665
                },
                {
                    "cluster": "cluster_6",
                    "value": 388.67722222222216
                },
                {
                    "cluster": "cluster_7",
                    "value": 49.1888
                },
                {
                    "cluster": "cluster_8",
                    "value": 378.24652173913046
                },
                {
                    "cluster": "cluster_9",
                    "value": 266.1066666666667
                }
            ]
        },
        {
            "variable": "TAX",
            "var": 31552.41,
            "values": [
                {
                    "cluster": "cluster_0",
                    "value": 318.0315789473684
                },
                {
                    "cluster": "cluster_1",
                    "value": 309.1923076923077
                },
                {
                    "cluster": "cluster_10",
                    "value": 666.0
                },
                {
                    "cluster": "cluster_11",
                    "value": 666.0
                },
                {
                    "cluster": "cluster_12",
                    "value": 303.7142857142857
                },
                {
                    "cluster": "cluster_13",
                    "value": 396.3809523809524
                },
                {
                    "cluster": "cluster_2",
                    "value": 666.0
                },
                {
                    "cluster": "cluster_3",
                    "value": 291.46666666666664
                },
                {
                    "cluster": "cluster_4",
                    "value": 666.0
                },
                {
                    "cluster": "cluster_5",
                    "value": 323.375
                },
                {
                    "cluster": "cluster_6",
                    "value": 262.6111111111111
                },
                {
                    "cluster": "cluster_7",
                    "value": 666.0
                },
                {
                    "cluster": "cluster_8",
                    "value": 431.60869565217394
                },
                {
                    "cluster": "cluster_9",
                    "value": 666.0
                }
            ]
        },
        {
            "variable": "CRIM",
            "var": 415.89,
            "values": [
                {
                    "cluster": "cluster_0",
                    "value": 0.42758197834091394
                },
                {
                    "cluster": "cluster_1",
                    "value": 0.4703462274453941
                },
                {
                    "cluster": "cluster_10",
                    "value": 9.857423793394531
                },
                {
                    "cluster": "cluster_11",
                    "value": 6.509680794238685
                },
                {
                    "cluster": "cluster_12",
                    "value": 1.1305417122281012
                },
                {
                    "cluster": "cluster_13",
                    "value": 2.156145238095238
                },
                {
                    "cluster": "cluster_2",
                    "value": 24.60602666666667
                },
                {
                    "cluster": "cluster_3",
                    "value": 0.2666549588477366
                },
                {
                    "cluster": "cluster_4",
                    "value": 5.828327132373113
                },
                {
                    "cluster": "cluster_5",
                    "value": 0.18418683213305898
                },
                {
                    "cluster": "cluster_6",
                    "value": 0.3097984436442616
                },
                {
                    "cluster": "cluster_7",
                    "value": 10.522153117695474
                },
                {
                    "cluster": "cluster_8",
                    "value": 0.4012517391304347
                },
                {
                    "cluster": "cluster_9",
                    "value": 76.81036666666667
                }
            ]
        },
        {
            "variable": "PTRATIO",
            "var": 5.63,
            "values": [
                {
                    "cluster": "cluster_0",
                    "value": 18.960000000000004
                },
                {
                    "cluster": "cluster_1",
                    "value": 15.44615384615385
                },
                {
                    "cluster": "cluster_10",
                    "value": 20.20000000000001
                },
                {
                    "cluster": "cluster_11",
                    "value": 20.2
                },
                {
                    "cluster": "cluster_12",
                    "value": 13.485714285714286
                },
                {
                    "cluster": "cluster_13",
                    "value": 14.619047619047613
                },
                {
                    "cluster": "cluster_2",
                    "value": 20.199999999999996
                },
                {
                    "cluster": "cluster_3",
                    "value": 18.39333333333334
                },
                {
                    "cluster": "cluster_4",
                    "value": 20.2
                },
                {
                    "cluster": "cluster_5",
                    "value": 17.433333333333334
                },
                {
                    "cluster": "cluster_6",
                    "value": 17.27499999999999
                },
                {
                    "cluster": "cluster_7",
                    "value": 20.199999999999992
                },
                {
                    "cluster": "cluster_8",
                    "value": 20.41304347826087
                },
                {
                    "cluster": "cluster_9",
                    "value": 20.2
                }
            ]
        },
        {
            "variable": "MEDV",
            "var": 157.69,
            "values": [
                {
                    "cluster": "cluster_0",
                    "value": 20.174736842105258
                },
                {
                    "cluster": "cluster_1",
                    "value": 36.3423076923077
                },
                {
                    "cluster": "cluster_10",
                    "value": 13.551282051282055
                },
                {
                    "cluster": "cluster_11",
                    "value": 50.0
                },
                {
                    "cluster": "cluster_12",
                    "value": 42.478571428571435
                },
                {
                    "cluster": "cluster_13",
                    "value": 19.423809523809528
                },
                {
                    "cluster": "cluster_2",
                    "value": 11.526666666666669
                },
                {
                    "cluster": "cluster_3",
                    "value": 23.063999999999997
                },
                {
                    "cluster": "cluster_4",
                    "value": 21.266666666666666
                },
                {
                    "cluster": "cluster_5",
                    "value": 24.912500000000005
                },
                {
                    "cluster": "cluster_6",
                    "value": 35.7388888888889
                },
                {
                    "cluster": "cluster_7",
                    "value": 12.948000000000002
                },
                {
                    "cluster": "cluster_8",
                    "value": 16.456521739130437
                },
                {
                    "cluster": "cluster_9",
                    "value": 8.066666666666668
                }
            ]
        },
        {
            "variable": "DIS",
            "var": 4.31,
            "values": [
                {
                    "cluster": "cluster_0",
                    "value": 3.5035505263157916
                },
                {
                    "cluster": "cluster_1",
                    "value": 6.07563846153846
                },
                {
                    "cluster": "cluster_10",
                    "value": 1.8714692307692316
                },
                {
                    "cluster": "cluster_11",
                    "value": 1.23806
                },
                {
                    "cluster": "cluster_12",
                    "value": 2.1283785714285712
                },
                {
                    "cluster": "cluster_13",
                    "value": 1.8043523809523812
                },
                {
                    "cluster": "cluster_2",
                    "value": 1.48422
                },
                {
                    "cluster": "cluster_3",
                    "value": 5.849725333333334
                },
                {
                    "cluster": "cluster_4",
                    "value": 2.74351
                },
                {
                    "cluster": "cluster_5",
                    "value": 8.009687499999998
                },
                {
                    "cluster": "cluster_6",
                    "value": 3.545069444444444
                },
                {
                    "cluster": "cluster_7",
                    "value": 2.0979240000000003
                },
                {
                    "cluster": "cluster_8",
                    "value": 1.921260869565218
                },
                {
                    "cluster": "cluster_9",
                    "value": 1.5481666666666667
                }
            ]
        },
        {
            "variable": "ZN",
            "var": 601.65,
            "values": [
                {
                    "cluster": "cluster_0",
                    "value": 1.1631578947368422
                },
                {
                    "cluster": "cluster_1",
                    "value": 62.67307692307692
                },
                {
                    "cluster": "cluster_10",
                    "value": 0.0
                },
                {
                    "cluster": "cluster_11",
                    "value": 0.0
                },
                {
                    "cluster": "cluster_12",
                    "value": 12.857142857142858
                },
                {
                    "cluster": "cluster_13",
                    "value": 0.9523809523809523
                },
                {
                    "cluster": "cluster_2",
                    "value": 0.0
                },
                {
                    "cluster": "cluster_3",
                    "value": 10.553333333333333
                },
                {
                    "cluster": "cluster_4",
                    "value": 0.0
                },
                {
                    "cluster": "cluster_5",
                    "value": 74.89583333333333
                },
                {
                    "cluster": "cluster_6",
                    "value": 5.111111111111111
                },
                {
                    "cluster": "cluster_7",
                    "value": 0.0
                },
                {
                    "cluster": "cluster_8",
                    "value": 0.0
                },
                {
                    "cluster": "cluster_9",
                    "value": 0.0
                }
            ]
        },
        {
            "variable": "INDUS",
            "var": 48.5,
            "values": [
                {
                    "cluster": "cluster_0",
                    "value": 9.099789040502491
                },
                {
                    "cluster": "cluster_1",
                    "value": 3.450922760367205
                },
                {
                    "cluster": "cluster_10",
                    "value": 17.920102353065325
                },
                {
                    "cluster": "cluster_11",
                    "value": 18.1
                },
                {
                    "cluster": "cluster_12",
                    "value": 8.429999999999998
                },
                {
                    "cluster": "cluster_13",
                    "value": 18.027523025671165
                },
                {
                    "cluster": "cluster_2",
                    "value": 17.63226611796982
                },
                {
                    "cluster": "cluster_3",
                    "value": 6.71890644718793
                },
                {
                    "cluster": "cluster_4",
                    "value": 17.63226611796983
                },
                {
                    "cluster": "cluster_5",
                    "value": 3.141416323731139
                },
                {
                    "cluster": "cluster_6",
                    "value": 4.329444444444447
                },
                {
                    "cluster": "cluster_7",
                    "value": 17.8193596707819
                },
                {
                    "cluster": "cluster_8",
                    "value": 24.142608695652168
                },
                {
                    "cluster": "cluster_9",
                    "value": 18.1
                }
            ]
        },
        {
            "variable": "RAD",
            "var": 101.74,
            "values": [
                {
                    "cluster": "cluster_0",
                    "value": 4.484210526315789
                },
                {
                    "cluster": "cluster_1",
                    "value": 3.4615384615384617
                },
                {
                    "cluster": "cluster_10",
                    "value": 24.0
                },
                {
                    "cluster": "cluster_11",
                    "value": 24.0
                },
                {
                    "cluster": "cluster_12",
                    "value": 5.0
                },
                {
                    "cluster": "cluster_13",
                    "value": 5.0
                },
                {
                    "cluster": "cluster_2",
                    "value": 24.0
                },
                {
                    "cluster": "cluster_3",
                    "value": 4.8
                },
                {
                    "cluster": "cluster_4",
                    "value": 24.0
                },
                {
                    "cluster": "cluster_5",
                    "value": 3.75
                },
                {
                    "cluster": "cluster_6",
                    "value": 5.111111111111111
                },
                {
                    "cluster": "cluster_7",
                    "value": 24.0
                },
                {
                    "cluster": "cluster_8",
                    "value": 3.4782608695652173
                },
                {
                    "cluster": "cluster_9",
                    "value": 24.0
                }
            ]
        },
        {
            "variable": "LSTAT",
            "var": 53.63,
            "values": [
                {
                    "cluster": "cluster_0",
                    "value": 14.162917478882393
                },
                {
                    "cluster": "cluster_1",
                    "value": 4.884824311490978
                },
                {
                    "cluster": "cluster_10",
                    "value": 19.370278569167453
                },
                {
                    "cluster": "cluster_11",
                    "value": 5.672
                },
                {
                    "cluster": "cluster_12",
                    "value": 6.71
                },
                {
                    "cluster": "cluster_13",
                    "value": 16.25142857142857
                },
                {
                    "cluster": "cluster_2",
                    "value": 28.449333333333332
                },
                {
                    "cluster": "cluster_3",
                    "value": 8.770350617283949
                },
                {
                    "cluster": "cluster_4",
                    "value": 12.763847736625516
                },
                {
                    "cluster": "cluster_5",
                    "value": 6.756476337448561
                },
                {
                    "cluster": "cluster_6",
                    "value": 6.099468449931413
                },
                {
                    "cluster": "cluster_7",
                    "value": 20.612399999999997
                },
                {
                    "cluster": "cluster_8",
                    "value": 18.984347826086957
                },
                {
                    "cluster": "cluster_9",
                    "value": 20.27
                }
            ]
        },
        {
            "variable": "NOX",
            "var": 0.01,
            "values": [
                {
                    "cluster": "cluster_0",
                    "value": 0.5249157894736839
                },
                {
                    "cluster": "cluster_1",
                    "value": 0.4240846153846153
                },
                {
                    "cluster": "cluster_10",
                    "value": 0.6889487179487178
                },
                {
                    "cluster": "cluster_11",
                    "value": 0.6384000000000001
                },
                {
                    "cluster": "cluster_12",
                    "value": 0.6247142857142858
                },
                {
                    "cluster": "cluster_13",
                    "value": 0.7590000000000003
                },
                {
                    "cluster": "cluster_2",
                    "value": 0.6713999999999999
                },
                {
                    "cluster": "cluster_3",
                    "value": 0.45550666666666684
                },
                {
                    "cluster": "cluster_4",
                    "value": 0.6608999999999997
                },
                {
                    "cluster": "cluster_5",
                    "value": 0.4116250000000001
                },
                {
                    "cluster": "cluster_6",
                    "value": 0.4851555555555555
                },
                {
                    "cluster": "cluster_7",
                    "value": 0.6745199999999998
                },
                {
                    "cluster": "cluster_8",
                    "value": 0.6095217391304348
                },
                {
                    "cluster": "cluster_9",
                    "value": 0.681
                }
            ]
        },
        {
            "variable": "RM",
            "var": 0.51,
            "values": [
                {
                    "cluster": "cluster_0",
                    "value": 6.0172
                },
                {
                    "cluster": "cluster_1",
                    "value": 7.218692307692308
                },
                {
                    "cluster": "cluster_10",
                    "value": 6.090615384615385
                },
                {
                    "cluster": "cluster_11",
                    "value": 6.151999999999999
                },
                {
                    "cluster": "cluster_12",
                    "value": 7.680071428571428
                },
                {
                    "cluster": "cluster_13",
                    "value": 5.7804761904761905
                },
                {
                    "cluster": "cluster_2",
                    "value": 4.7922666666666665
                },
                {
                    "cluster": "cluster_3",
                    "value": 6.252146666666667
                },
                {
                    "cluster": "cluster_4",
                    "value": 6.2955666666666685
                },
                {
                    "cluster": "cluster_5",
                    "value": 6.438541666666668
                },
                {
                    "cluster": "cluster_6",
                    "value": 7.306916666666668
                },
                {
                    "cluster": "cluster_7",
                    "value": 6.35196
                },
                {
                    "cluster": "cluster_8",
                    "value": 5.870260869565217
                },
                {
                    "cluster": "cluster_9",
                    "value": 6.2026666666666666
                }
            ]
        },
        {
            "variable": "AGE",
            "var": 607.86,
            "values": [
                {
                    "cluster": "cluster_0",
                    "value": 77.05150097465888
                },
                {
                    "cluster": "cluster_1",
                    "value": 31.062250712250712
                },
                {
                    "cluster": "cluster_10",
                    "value": 95.87179487179489
                },
                {
                    "cluster": "cluster_11",
                    "value": 90.48370370370371
                },
                {
                    "cluster": "cluster_12",
                    "value": 85.72989417989416
                },
                {
                    "cluster": "cluster_13",
                    "value": 93.03897707231039
                },
                {
                    "cluster": "cluster_2",
                    "value": 96.74666666666666
                },
                {
                    "cluster": "cluster_3",
                    "value": 37.201333333333324
                },
                {
                    "cluster": "cluster_4",
                    "value": 78.7772839506173
                },
                {
                    "cluster": "cluster_5",
                    "value": 31.104166666666668
                },
                {
                    "cluster": "cluster_6",
                    "value": 66.34269547325103
                },
                {
                    "cluster": "cluster_7",
                    "value": 88.00474074074074
                },
                {
                    "cluster": "cluster_8",
                    "value": 91.58421900161031
                },
                {
                    "cluster": "cluster_9",
                    "value": 97.3
                }
            ]
        },
        {
            "variable": "cluster_size",
            "var": 646.18,
            "values": [
                {
                    "cluster": "cluster_0",
                    "value": 95
                },
                {
                    "cluster": "cluster_3",
                    "value": 75
                },
                {
                    "cluster": "cluster_10",
                    "value": 39
                },
                {
                    "cluster": "cluster_6",
                    "value": 36
                },
                {
                    "cluster": "cluster_4",
                    "value": 30
                },
                {
                    "cluster": "cluster_1",
                    "value": 26
                },
                {
                    "cluster": "cluster_7",
                    "value": 25
                },
                {
                    "cluster": "cluster_5",
                    "value": 24
                },
                {
                    "cluster": "cluster_8",
                    "value": 23
                },
                {
                    "cluster": "cluster_13",
                    "value": 21
                },
                {
                    "cluster": "cluster_2",
                    "value": 15
                },
                {
                    "cluster": "cluster_12",
                    "value": 14
                },
                {
                    "cluster": "cluster_11",
                    "value": 5
                },
                {
                    "cluster": "cluster_9",
                    "value": 3
                }
            ]
        }
    ],
    "summary": {
        "clusters": []
    }
}