{
  "columns": [
    {"name":"date","type":"string"},
    {"name":"severity","type":"bigint"},
    {"name":"mortality_ratio","type":"double"},
    {"name":"age","type":"bigint"},
    {"name":"num_proc","type":"bigint"},
    {"name":"ambulatory","type":"bigint"},
    {"name":"origin","type":"bigint"},
    {"name":"expected_length","type":"bigint"},
    {"name":"tip_grd","type":"string","meaning":"Text"},
    {"name":"tip_adm","type":"bigint"},
    {"name":"exitus","type":"bigint"}
  ],
  "userModified": true
}