{"global": {"size": 431, "facts": [{"type": "numerical", "feature_label": "ZN", "cluster_label": "cluster_2", "mean": 59.801587301587304, "std": 24.73105982404476, "diff": 2.1006925697812924, "global_mean": 10.935034802784223, "global_std": 23.262115171802925}, {"type": "numerical", "feature_label": "RAD", "cluster_label": "cluster_3", "mean": 24.0, "std": 0.0, "diff": 1.6149334258185704, "global_mean": 9.77494199535963, "global_std": 8.808448557209122}, {"type": "numerical", "feature_label": "DIS", "cluster_label": "cluster_2", "mean": 7.038274603174604, "std": 1.74666371894722, "diff": 1.5970229531423004, "global_mean": 3.7171805104408326, "global_std": 2.079553137416836}, {"type": "numerical", "feature_label": "RM", "cluster_label": "cluster_1", "mean": 7.460217391304349, "std": 0.6395241603652057, "diff": 1.5780612046026985, "global_mean": 6.302051044083534, "global_std": 0.7339172548205453}, {"type": "numerical", "feature_label": "INDUS", "cluster_label": "cluster_0", "mean": 21.40795518975767, "std": 3.8269591055210785, "diff": 1.5075885125030446, "global_mean": 11.19228275710616, "global_std": 6.7761676000638}, {"type": "numerical", "feature_label": "TAX", "cluster_label": "cluster_3", "mean": 666.0, "std": 0.0, "diff": 1.4848729393217464, "global_mean": 412.41763341067286, "global_std": 170.77714858562737}, {"type": "numerical", "feature_label": "AGE", "cluster_label": "cluster_2", "mean": 30.638389182833627, "std": 13.239561440018562, "diff": -1.4055691941412503, "global_mean": 69.16676978602732, "global_std": 27.411230100794203}, {"type": "numerical", "feature_label": "NOX", "cluster_label": "cluster_2", "mean": 0.42149682539682526, "std": 0.02029002590066526, "diff": -1.177888586453744, "global_mean": 0.5567744779582383, "global_std": 0.11484757906407088}, {"type": "numerical", "feature_label": "INDUS", "cluster_label": "cluster_2", "mean": 3.700444183160233, "std": 2.1673674252556188, "diff": -1.1056158902969562, "global_mean": 11.19228275710616, "global_std": 6.7761676000638}, {"type": "numerical", "feature_label": "PTRATIO", "cluster_label": "cluster_1", "mean": 16.047826086956515, "std": 2.0416484767009866, "diff": -1.104393109719362, "global_mean": 18.44849187935028, "global_std": 2.173742095333968}]}, "clusters": [{"cluster": "cluster_0", "size": 45, "facts": [{"type": "numerical", "feature_label": "INDUS", "cluster_label": "cluster_0", "mean": 21.40795518975767, "std": 3.8269591055210785, "diff": 1.5075885125030446, "global_mean": 11.19228275710616, "global_std": 6.7761676000638}, {"type": "numerical", "feature_label": "NOX", "cluster_label": "cluster_0", "mean": 0.6770222222222224, "std": 0.11932965966920239, "diff": 1.0470202789115877, "global_mean": 0.5567744779582383, "global_std": 0.11484757906407088}, {"type": "numerical", "feature_label": "DIS", "cluster_label": "cluster_0", "mean": 1.8857888888888885, "std": 0.3412539132124762, "diff": -0.880665941446848, "global_mean": 3.7171805104408326, "global_std": 2.079553137416836}]}, {"cluster": "cluster_1", "size": 46, "facts": [{"type": "numerical", "feature_label": "RM", "cluster_label": "cluster_1", "mean": 7.460217391304349, "std": 0.6395241603652057, "diff": 1.5780612046026985, "global_mean": 6.302051044083534, "global_std": 0.7339172548205453}, {"type": "numerical", "feature_label": "PTRATIO", "cluster_label": "cluster_1", "mean": 16.047826086956515, "std": 2.0416484767009866, "diff": -1.104393109719362, "global_mean": 18.44849187935028, "global_std": 2.173742095333968}, {"type": "numerical", "feature_label": "INDUS", "cluster_label": "cluster_1", "mean": 5.442608695652172, "std": 4.292773480465672, "diff": -0.848514145576897, "global_mean": 11.19228275710616, "global_std": 6.7761676000638}]}, {"cluster": "cluster_2", "size": 63, "facts": [{"type": "numerical", "feature_label": "ZN", "cluster_label": "cluster_2", "mean": 59.801587301587304, "std": 24.73105982404476, "diff": 2.1006925697812924, "global_mean": 10.935034802784223, "global_std": 23.262115171802925}, {"type": "numerical", "feature_label": "DIS", "cluster_label": "cluster_2", "mean": 7.038274603174604, "std": 1.74666371894722, "diff": 1.5970229531423004, "global_mean": 3.7171805104408326, "global_std": 2.079553137416836}, {"type": "numerical", "feature_label": "AGE", "cluster_label": "cluster_2", "mean": 30.638389182833627, "std": 13.239561440018562, "diff": -1.4055691941412503, "global_mean": 69.16676978602732, "global_std": 27.411230100794203}]}, {"cluster": "cluster_3", "size": 117, "facts": [{"type": "numerical", "feature_label": "RAD", "cluster_label": "cluster_3", "mean": 24.0, "std": 0.0, "diff": 1.6149334258185704, "global_mean": 9.77494199535963, "global_std": 8.808448557209122}, {"type": "numerical", "feature_label": "TAX", "cluster_label": "cluster_3", "mean": 666.0, "std": 0.0, "diff": 1.4848729393217464, "global_mean": 412.41763341067286, "global_std": 170.77714858562737}, {"type": "numerical", "feature_label": "NOX", "cluster_label": "cluster_3", "mean": 0.6740598290598295, "std": 0.060751655376664535, "diff": 1.0212261508460736, "global_mean": 0.5567744779582383, "global_std": 0.11484757906407088}]}, {"cluster": "cluster_4", "size": 160, "facts": [{"type": "numerical", "feature_label": "TAX", "cluster_label": "cluster_4", "mean": 306.6875, "std": 58.2437069777991, "diff": -0.6191117153924136, "global_mean": 412.41763341067286, "global_std": 170.77714858562737}, {"type": "numerical", "feature_label": "RAD", "cluster_label": "cluster_4", "mean": 4.5125, "std": 1.5336375142637952, "diff": -0.5974312004186793, "global_mean": 9.77494199535963, "global_std": 8.808448557209122}, {"type": "numerical", "feature_label": "NOX", "cluster_label": "cluster_4", "mean": 0.49836187499999846, "std": 0.048049179302901646, "diff": -0.5086097890287508, "global_mean": 0.5567744779582383, "global_std": 0.11484757906407088}]}]}