{
    "metrics": {
        "inertia": 1468.485415963446,
        "silhouette": 0.3342698986086291,
        "nbClusters": 5
    },
    "processed_feature_names": [
        "TAX",
        "CRIM",
        "PTRATIO",
        "DIS",
        "ZN",
        "INDUS",
        "RAD",
        "NOX",
        "RM",
        "AGE"
    ],
    "variables_importance": {
        "variables": [
            "TAX",
            "CRIM",
            "PTRATIO",
            "DIS",
            "ZN",
            "INDUS",
            "RAD",
            "NOX",
            "RM",
            "AGE"
        ],
        "importances": [
            0.13708221335421164,
            0.09512330465119699,
            0.0484733608164902,
            0.07022960993516732,
            0.12648845140839224,
            0.15408748887721768,
            0.10767390362118973,
            0.0864034372451315,
            0.137871361105213,
            0.03656686898578974
        ]
    },
    "reduce_vars": [],
    "train_nb_records": 431,
    "train_nb_features": 10,
    "train_nb_outliers": 0,
    "cluster_description": [
        {
            "variable": "TAX",
            "var": 25992.92,
            "values": [
                {
                    "cluster": "cluster_0",
                    "value": 414.8
                },
                {
                    "cluster": "cluster_1",
                    "value": 270.95652173913044
                },
                {
                    "cluster": "cluster_2",
                    "value": 311.58730158730157
                },
                {
                    "cluster": "cluster_3",
                    "value": 666.0
                },
                {
                    "cluster": "cluster_4",
                    "value": 306.6875
                }
            ]
        },
        {
            "variable": "CRIM",
            "var": 28.04,
            "values": [
                {
                    "cluster": "cluster_0",
                    "value": 1.2240108888888883
                },
                {
                    "cluster": "cluster_1",
                    "value": 0.5493114770084094
                },
                {
                    "cluster": "cluster_2",
                    "value": 0.34691174374550915
                },
                {
                    "cluster": "cluster_3",
                    "value": 12.430880972881715
                },
                {
                    "cluster": "cluster_4",
                    "value": 0.35345503677983536
                }
            ]
        },
        {
            "variable": "PTRATIO",
            "var": 2.71,
            "values": [
                {
                    "cluster": "cluster_0",
                    "value": 17.657777777777785
                },
                {
                    "cluster": "cluster_1",
                    "value": 16.047826086956515
                },
                {
                    "cluster": "cluster_2",
                    "value": 16.741269841269844
                },
                {
                    "cluster": "cluster_3",
                    "value": 20.200000000000006
                },
                {
                    "cluster": "cluster_4",
                    "value": 18.75249999999998
                }
            ]
        },
        {
            "variable": "DIS",
            "var": 4.45,
            "values": [
                {
                    "cluster": "cluster_0",
                    "value": 1.8857888888888885
                },
                {
                    "cluster": "cluster_1",
                    "value": 3.147841304347826
                },
                {
                    "cluster": "cluster_2",
                    "value": 7.038274603174604
                },
                {
                    "cluster": "cluster_3",
                    "value": 2.0584512820512817
                },
                {
                    "cluster": "cluster_4",
                    "value": 4.301209374999999
                }
            ]
        },
        {
            "variable": "ZN",
            "var": 657.81,
            "values": [
                {
                    "cluster": "cluster_0",
                    "value": 0.0
                },
                {
                    "cluster": "cluster_1",
                    "value": 8.347826086956522
                },
                {
                    "cluster": "cluster_2",
                    "value": 59.801587301587304
                },
                {
                    "cluster": "cluster_3",
                    "value": 0.0
                },
                {
                    "cluster": "cluster_4",
                    "value": 3.509375
                }
            ]
        },
        {
            "variable": "INDUS",
            "var": 61.7,
            "values": [
                {
                    "cluster": "cluster_0",
                    "value": 21.40795518975767
                },
                {
                    "cluster": "cluster_1",
                    "value": 5.442608695652172
                },
                {
                    "cluster": "cluster_2",
                    "value": 3.700444183160233
                },
                {
                    "cluster": "cluster_3",
                    "value": 17.800170588442157
                },
                {
                    "cluster": "cluster_4",
                    "value": 8.09004963991771
                }
            ]
        },
        {
            "variable": "RAD",
            "var": 76.33,
            "values": [
                {
                    "cluster": "cluster_0",
                    "value": 4.222222222222222
                },
                {
                    "cluster": "cluster_1",
                    "value": 5.065217391304348
                },
                {
                    "cluster": "cluster_2",
                    "value": 4.126984126984127
                },
                {
                    "cluster": "cluster_3",
                    "value": 24.0
                },
                {
                    "cluster": "cluster_4",
                    "value": 4.5125
                }
            ]
        },
        {
            "variable": "NOX",
            "var": 0.01,
            "values": [
                {
                    "cluster": "cluster_0",
                    "value": 0.6770222222222224
                },
                {
                    "cluster": "cluster_1",
                    "value": 0.529273913043478
                },
                {
                    "cluster": "cluster_2",
                    "value": 0.42149682539682526
                },
                {
                    "cluster": "cluster_3",
                    "value": 0.6740598290598295
                },
                {
                    "cluster": "cluster_4",
                    "value": 0.49836187499999846
                }
            ]
        },
        {
            "variable": "RM",
            "var": 0.45,
            "values": [
                {
                    "cluster": "cluster_0",
                    "value": 5.860888888888888
                },
                {
                    "cluster": "cluster_1",
                    "value": 7.460217391304349
                },
                {
                    "cluster": "cluster_2",
                    "value": 6.790904761904764
                },
                {
                    "cluster": "cluster_3",
                    "value": 6.038051282051283
                },
                {
                    "cluster": "cluster_4",
                    "value": 6.093718749999999
                }
            ]
        },
        {
            "variable": "AGE",
            "var": 636.84,
            "values": [
                {
                    "cluster": "cluster_0",
                    "value": 93.08123456790125
                },
                {
                    "cluster": "cluster_1",
                    "value": 72.57946859903383
                },
                {
                    "cluster": "cluster_2",
                    "value": 30.638389182833627
                },
                {
                    "cluster": "cluster_3",
                    "value": 89.7261158594492
                },
                {
                    "cluster": "cluster_4",
                    "value": 61.596203703703715
                }
            ]
        },
        {
            "variable": "cluster_size",
            "var": 2561.7,
            "values": [
                {
                    "cluster": "cluster_4",
                    "value": 160
                },
                {
                    "cluster": "cluster_3",
                    "value": 117
                },
                {
                    "cluster": "cluster_2",
                    "value": 63
                },
                {
                    "cluster": "cluster_1",
                    "value": 46
                },
                {
                    "cluster": "cluster_0",
                    "value": 45
                }
            ]
        }
    ],
    "summary": {
        "clusters": []
    }
}