{
  "params": {
    "ttPolicy": "SPLIT_SINGLE_DATASET",
    "ssdSplitMode": "RANDOM",
    "splitBeforePrepare": true,
    "ssdSelection": {
      "useMemTable": false,
      "filter": {
        "distinct": false,
        "enabled": false
      },
      "partitionSelectionMethod": "ALL",
      "latestPartitionsN": 1,
      "ordering": {
        "enabled": false,
        "rules": []
      },
      "samplingMethod": "HEAD_SEQUENTIAL",
      "maxRecords": 100000,
      "targetRatio": 0.02,
      "withinFirstN": -1,
      "maxReadUncompressedBytes": -1
    },
    "ssdTrainingRatio": 0.8,
    "ssdSeed": 1337,
    "testOnLargerValues": true,
    "streamAll": false,
    "kfold": false,
    "nFolds": 5,
    "instanceIdRefresher": 0,
    "subSamplingSeed": 1337
  },
  "generationDate": 1671010284379,
  "policyId": "type\u003dSPLIT_SINGLE_DATASET,split\u003dRANDOM,splitBeforePrepare\u003dtrue,ds\u003dtrain,sel\u003d(method\u003dhead-s,records\u003d100000),r\u003d0.8,s\u003d1337",
  "instanceId": "a32594c03899e81973fc35bf63d6a30d-0",
  "format": "csv1",
  "schema": {
    "columns": [
      {"name":"date","type":"string"},
      {"name":"severity","type":"bigint"},
      {"name":"mortality_ratio","type":"double"},
      {"name":"age","type":"bigint"},
      {"name":"num_proc","type":"bigint"},
      {"name":"ambulatory","type":"bigint"},
      {"name":"origin","type":"bigint"},
      {"name":"expected_length","type":"bigint"},
      {"name":"tip_grd","type":"string"},
      {"name":"tip_adm","type":"bigint"},
      {"name":"exitus","type":"bigint"}
    ],
    "userModified": false
  },
  "trainPath": "train-a32594c03899e81973fc35bf63d6a30d-0.csv.gz",
  "testPath": "test-a32594c03899e81973fc35bf63d6a30d-0.csv.gz",
  "trainRows": 21951,
  "testRows": 5501,
  "fullRows": 0
}