{
  "params": {
    "ttPolicy": "EXPLICIT_FILTERING_TWO_DATASETS",
    "ssdSplitMode": "RANDOM",
    "splitBeforePrepare": true,
    "ssdDatasetSmartName": "train",
    "ssdSelection": {
      "useMemTable": false,
      "filter": {
        "distinct": false,
        "enabled": false
      },
      "partitionSelectionMethod": "ALL",
      "latestPartitionsN": 1,
      "ordering": {
        "enabled": false,
        "rules": []
      },
      "samplingMethod": "FULL",
      "maxRecords": 100000,
      "targetRatio": 0.02,
      "withinFirstN": -1,
      "maxReadUncompressedBytes": -1
    },
    "ssdTrainingRatio": 0.8,
    "ssdSeed": 1337,
    "testOnLargerValues": true,
    "streamAll": false,
    "efsdTrain": {
      "selection": {
        "useMemTable": false,
        "filter": {
          "distinct": false,
          "enabled": false
        },
        "partitionSelectionMethod": "ALL",
        "latestPartitionsN": 1,
        "ordering": {
          "enabled": false,
          "rules": []
        },
        "samplingMethod": "HEAD_SEQUENTIAL",
        "maxRecords": 100000,
        "targetRatio": 0.02,
        "withinFirstN": -1,
        "maxReadUncompressedBytes": -1
      }
    },
    "efsdTest": {
      "selection": {
        "useMemTable": false,
        "filter": {
          "distinct": false,
          "enabled": false
        },
        "partitionSelectionMethod": "ALL",
        "latestPartitionsN": 1,
        "ordering": {
          "enabled": false,
          "rules": []
        },
        "samplingMethod": "HEAD_SEQUENTIAL",
        "maxRecords": 100000,
        "targetRatio": 0.02,
        "withinFirstN": -1,
        "maxReadUncompressedBytes": -1
      }
    },
    "eftdTrain": {
      "datasetSmartName": "train",
      "selection": {
        "useMemTable": false,
        "filter": {
          "distinct": false,
          "enabled": false
        },
        "partitionSelectionMethod": "ALL",
        "latestPartitionsN": 1,
        "ordering": {
          "enabled": false,
          "rules": []
        },
        "samplingMethod": "HEAD_SEQUENTIAL",
        "maxRecords": 100000,
        "targetRatio": 0.02,
        "withinFirstN": -1,
        "maxReadUncompressedBytes": -1
      }
    },
    "eftdTest": {
      "datasetSmartName": "test",
      "selection": {
        "useMemTable": false,
        "filter": {
          "distinct": false,
          "enabled": false
        },
        "partitionSelectionMethod": "ALL",
        "latestPartitionsN": 1,
        "ordering": {
          "enabled": false,
          "rules": []
        },
        "samplingMethod": "HEAD_SEQUENTIAL",
        "maxRecords": 100000,
        "targetRatio": 0.02,
        "withinFirstN": -1,
        "maxReadUncompressedBytes": -1
      }
    },
    "kfold": false,
    "nFolds": 5,
    "instanceIdRefresher": 0,
    "subSamplingSeed": 1337
  },
  "generationDate": 1671010616180,
  "policyId": "type\u003dEXPLICIT_FILTERING_TWO_DATASETS,trainSet\u003dtrain,trainSel\u003dmethod\u003dhead-s,records\u003d100000,trainFilter\u003dnull,testSet\u003dtest,testSel\u003dmethod\u003dhead-s,records\u003d100000,testFilter\u003dnull",
  "instanceId": "d67e4e69cb416375fb66bf245e200a7b-0",
  "format": "csv1",
  "schema": {
    "columns": [
      {"name":"date","type":"string"},
      {"name":"severity","type":"bigint"},
      {"name":"mortality_ratio","type":"double"},
      {"name":"age","type":"bigint"},
      {"name":"num_proc","type":"bigint"},
      {"name":"ambulatory","type":"bigint"},
      {"name":"origin","type":"bigint"},
      {"name":"expected_length","type":"bigint"},
      {"name":"tip_grd","type":"string"},
      {"name":"tip_adm","type":"bigint"},
      {"name":"exitus","type":"bigint"}
    ],
    "userModified": false
  },
  "trainPath": "train-d67e4e69cb416375fb66bf245e200a7b-0.csv.gz",
  "testPath": "test-d67e4e69cb416375fb66bf245e200a7b-0.csv.gz",
  "trainRows": 27452,
  "testRows": 5254,
  "fullRows": 0
}