{"global": {"size": 431, "facts": [{"type": "numerical", "feature_label": "CRIM", "cluster_label": "cluster_5", "mean": 56.24572857142858, "std": 20.40771347993321, "diff": 5.996307296257973, "global_mean": 3.742854147355657, "global_std": 8.755867875023286}, {"type": "numerical", "feature_label": "ZN", "cluster_label": "cluster_6", "mean": 72.11111111111111, "std": 17.155336066529138, "diff": 2.6298587147604366, "global_mean": 10.935034802784223, "global_std": 23.262115171802925}, {"type": "numerical", "feature_label": "RM", "cluster_label": "cluster_1", "mean": 7.569682926829269, "std": 0.5558225183916351, "diff": 1.7272136258135689, "global_mean": 6.302051044083534, "global_std": 0.7339172548205453}, {"type": "numerical", "feature_label": "DIS", "cluster_label": "cluster_6", "mean": 7.0796222222222225, "std": 1.7928960631144555, "diff": 1.616905887751502, "global_mean": 3.7171805104408326, "global_std": 2.079553137416836}, {"type": "numerical", "feature_label": "RAD", "cluster_label": "cluster_3", "mean": 24.0, "std": 0.0, "diff": 1.6149334258185704, "global_mean": 9.77494199535963, "global_std": 8.808448557209122}, {"type": "numerical", "feature_label": "RAD", "cluster_label": "cluster_5", "mean": 24.0, "std": 0.0, "diff": 1.6149334258185704, "global_mean": 9.77494199535963, "global_std": 8.808448557209122}, {"type": "numerical", "feature_label": "INDUS", "cluster_label": "cluster_0", "mean": 21.578817807706706, "std": 3.693498108883449, "diff": 1.5328037415282871, "global_mean": 11.19228275710616, "global_std": 6.7761676000638}, {"type": "numerical", "feature_label": "TAX", "cluster_label": "cluster_3", "mean": 666.0, "std": 0.0, "diff": 1.4848729393217464, "global_mean": 412.41763341067286, "global_std": 170.77714858562737}, {"type": "numerical", "feature_label": "TAX", "cluster_label": "cluster_5", "mean": 666.0, "std": 0.0, "diff": 1.4848729393217464, "global_mean": 412.41763341067286, "global_std": 170.77714858562737}, {"type": "numerical", "feature_label": "AGE", "cluster_label": "cluster_6", "mean": 30.929300411522636, "std": 11.84427777297863, "diff": -1.3949563457714655, "global_mean": 69.16676978602732, "global_std": 27.411230100794203}]}, "clusters": [{"cluster": "cluster_0", "size": 44, "facts": [{"type": "numerical", "feature_label": "INDUS", "cluster_label": "cluster_0", "mean": 21.578817807706706, "std": 3.693498108883449, "diff": 1.5328037415282871, "global_mean": 11.19228275710616, "global_std": 6.7761676000638}, {"type": "numerical", "feature_label": "NOX", "cluster_label": "cluster_0", "mean": 0.679909090909091, "std": 0.11910906047621411, "diff": 1.0721568008164863, "global_mean": 0.5567744779582383, "global_std": 0.11484757906407088}, {"type": "numerical", "feature_label": "DIS", "cluster_label": "cluster_0", "mean": 1.8629818181818179, "std": 0.308562479650038, "diff": -0.8916332354758916, "global_mean": 3.7171805104408326, "global_std": 2.079553137416836}]}, {"cluster": "cluster_1", "size": 41, "facts": [{"type": "numerical", "feature_label": "RM", "cluster_label": "cluster_1", "mean": 7.569682926829269, "std": 0.5558225183916351, "diff": 1.7272136258135689, "global_mean": 6.302051044083534, "global_std": 0.7339172548205453}, {"type": "numerical", "feature_label": "PTRATIO", "cluster_label": "cluster_1", "mean": 16.04146341463414, "std": 2.0508505076865178, "diff": -1.1073201691603292, "global_mean": 18.44849187935028, "global_std": 2.173742095333968}, {"type": "numerical", "feature_label": "INDUS", "cluster_label": "cluster_1", "mean": 5.476341463414633, "std": 4.276909957023622, "diff": -0.8435359971966617, "global_mean": 11.19228275710616, "global_std": 6.7761676000638}]}, {"cluster": "cluster_2", "size": 78, "facts": [{"type": "numerical", "feature_label": "AGE", "cluster_label": "cluster_2", "mean": 35.37564102564102, "std": 17.401203017805017, "diff": -1.2327476233694175, "global_mean": 69.16676978602732, "global_std": 27.411230100794203}, {"type": "numerical", "feature_label": "DIS", "cluster_label": "cluster_2", "mean": 5.875784615384616, "std": 1.4679313631886768, "diff": 1.0380134395724756, "global_mean": 3.7171805104408326, "global_std": 2.079553137416836}, {"type": "numerical", "feature_label": "NOX", "cluster_label": "cluster_2", "mean": 0.4530884615384617, "std": 0.03255365593117793, "diff": -0.9028141234212042, "global_mean": 0.5567744779582383, "global_std": 0.11484757906407088}]}, {"cluster": "cluster_3", "size": 110, "facts": [{"type": "numerical", "feature_label": "RAD", "cluster_label": "cluster_3", "mean": 24.0, "std": 0.0, "diff": 1.6149334258185704, "global_mean": 9.77494199535963, "global_std": 8.808448557209122}, {"type": "numerical", "feature_label": "TAX", "cluster_label": "cluster_3", "mean": 666.0, "std": 0.0, "diff": 1.4848729393217464, "global_mean": 412.41763341067286, "global_std": 170.77714858562737}, {"type": "numerical", "feature_label": "NOX", "cluster_label": "cluster_3", "mean": 0.6733090909090916, "std": 0.06255811909913069, "diff": 1.014689329113688, "global_mean": 0.5567744779582383, "global_std": 0.11484757906407088}]}, {"cluster": "cluster_4", "size": 106, "facts": [{"type": "numerical", "feature_label": "RAD", "cluster_label": "cluster_4", "mean": 4.528301886792453, "std": 1.4619461730030663, "diff": -0.5956372537673681, "global_mean": 9.77494199535963, "global_std": 8.808448557209122}, {"type": "numerical", "feature_label": "TAX", "cluster_label": "cluster_4", "mean": 313.6320754716981, "std": 60.263757642344224, "diff": -0.578447167885836, "global_mean": 412.41763341067286, "global_std": 170.77714858562737}, {"type": "numerical", "feature_label": "ZN", "cluster_label": "cluster_4", "mean": 1.2311320754716981, "std": 4.89614743023332, "diff": -0.417154788188611, "global_mean": 10.935034802784223, "global_std": 23.262115171802925}]}, {"cluster": "cluster_5", "size": 7, "facts": [{"type": "numerical", "feature_label": "CRIM", "cluster_label": "cluster_5", "mean": 56.24572857142858, "std": 20.40771347993321, "diff": 5.996307296257973, "global_mean": 3.742854147355657, "global_std": 8.755867875023286}, {"type": "numerical", "feature_label": "RAD", "cluster_label": "cluster_5", "mean": 24.0, "std": 0.0, "diff": 1.6149334258185704, "global_mean": 9.77494199535963, "global_std": 8.808448557209122}, {"type": "numerical", "feature_label": "TAX", "cluster_label": "cluster_5", "mean": 666.0, "std": 0.0, "diff": 1.4848729393217464, "global_mean": 412.41763341067286, "global_std": 170.77714858562737}]}, {"cluster": "cluster_6", "size": 45, "facts": [{"type": "numerical", "feature_label": "ZN", "cluster_label": "cluster_6", "mean": 72.11111111111111, "std": 17.155336066529138, "diff": 2.6298587147604366, "global_mean": 10.935034802784223, "global_std": 23.262115171802925}, {"type": "numerical", "feature_label": "DIS", "cluster_label": "cluster_6", "mean": 7.0796222222222225, "std": 1.7928960631144555, "diff": 1.616905887751502, "global_mean": 3.7171805104408326, "global_std": 2.079553137416836}, {"type": "numerical", "feature_label": "AGE", "cluster_label": "cluster_6", "mean": 30.929300411522636, "std": 11.84427777297863, "diff": -1.3949563457714655, "global_mean": 69.16676978602732, "global_std": 27.411230100794203}]}]}