{
  "savedModelType": "DSS_MANAGED",
  "publishPolicy": "UNCONDITIONAL",
  "rebuildBehavior": "EXPLICIT",
  "name": "Clustering on train",
  "contentType": "clustering/py_memory",
  "activeVersion": "initial",
  "conditionalOutputs": [],
  "partitioning": {
    "ignoreNonMatchingFile": false,
    "considerMissingRequestedPartitionsAsEmpty": false,
    "dimensions": []
  },
  "flowOptions": {
    "virtualizable": false,
    "rebuildBehavior": "NORMAL",
    "crossProjectBuildBehavior": "DEFAULT"
  },
  "lastExportedFrom": "A-IMT1VIGNESHQ2-16ieHg9V-UiktYeTM-s8-pp1-m2",
  "metrics": {
    "probes": [],
    "engineConfig": {
      "padRunsWithMetrics": false,
      "hive": {
        "active": true,
        "extraConf": []
      },
      "basic": {},
      "dss": {
        "active": true,
        "selection": {
          "useMemTable": false,
          "filter": {
            "distinct": false,
            "enabled": false
          },
          "partitionSelectionMethod": "ALL",
          "latestPartitionsN": 1,
          "ordering": {
            "enabled": false,
            "rules": []
          },
          "samplingMethod": "FULL",
          "maxRecords": -1,
          "targetRatio": 0.02,
          "withinFirstN": -1,
          "maxReadUncompressedBytes": -1
        }
      },
      "sql": {
        "active": true
      },
      "impala": {
        "active": true
      },
      "spark": {
        "active": true,
        "extraConf": []
      },
      "python": {}
    },
    "displayedState": {
      "partition": "NP",
      "columns": [],
      "metrics": [
        "reporting:BUILD_DURATION"
      ]
    }
  },
  "metricsChecks": {
    "runOnBuild": false,
    "checks": [],
    "displayedState": {
      "partition": "NP",
      "checks": []
    }
  },
  "miniTask": {
    "guessPolicy": "KMEANS",
    "modeling": {
      "db_scan_clustering": {
        "epsilon": [],
        "min_sample_ratio": 0.0,
        "enabled": false
      },
      "spectral_clustering": {
        "k": [
          5
        ],
        "enabled": false,
        "affinity_rbf": false,
        "affinity_nearest_neighbors": false,
        "affinity_sigmoid": false,
        "affinity_polynomial": true,
        "gamma": [
          0.0
        ],
        "coef0": 0.0,
        "seed": 1337
      },
      "ward_clustering": {
        "k": [
          5
        ],
        "enabled": false
      },
      "kmeans_clustering": {
        "k": [
          5
        ],
        "enabled": false,
        "seed": 1337,
        "n_jobs": 2
      },
      "mini_batch_kmeans_clustering": {
        "k": [
          5
        ],
        "enabled": false,
        "seed": 1337
      },
      "gmm_clustering": {
        "k": [
          5
        ],
        "enabled": false,
        "max_iterations": 0,
        "seed": 1337
      },
      "mllib_kmeans_clustering": {
        "k": [
          5
        ],
        "enabled": false,
        "seed": 1337,
        "max_iterations": 0
      },
      "mllib_gaussian_mixture_clustering": {
        "k": [
          5
        ],
        "seed": 1337,
        "enabled": false,
        "max_iterations": 0
      },
      "h2o_kmeans": {
        "k": [
          5
        ],
        "enabled": false,
        "seed": 1337,
        "max_iterations": 0
      },
      "two_step": {
        "kmeans_k": 50,
        "n_clusters": 5,
        "seed": 1337,
        "max_iterations": 30,
        "enabled": false
      },
      "isolation_forest": {
        "k": 2,
        "enabled": false,
        "n_estimators": 100,
        "max_samples": 0.5,
        "max_features": 1.0,
        "contamination": 0.05,
        "bootstrap": true,
        "max_anomalies": 100,
        "n_samples": 256,
        "max_depth": 15,
        "seed": 1337
      },
      "vertica_kmeans_clustering": {
        "enabled": false,
        "k": [
          5
        ],
        "epsilon": [
          1.0E-4
        ],
        "max_iterations": 50
      },
      "metrics": {
        "evaluationMetric": "SILHOUETTE",
        "customEvaluationMetricGIB": true
      },
      "custom_python": [],
      "custom_mllib": []
    },
    "diagnosticsSettings": {
      "enabled": true,
      "settings": [
        {
          "type": "ML_DIAGNOSTICS_DATASET_SANITY_CHECKS",
          "enabled": true
        },
        {
          "type": "ML_DIAGNOSTICS_MODELING_PARAMETERS",
          "enabled": true
        },
        {
          "type": "ML_DIAGNOSTICS_RUNTIME",
          "enabled": true
        },
        {
          "type": "ML_DIAGNOSTICS_TRAINING_OVERFIT",
          "enabled": true
        },
        {
          "type": "ML_DIAGNOSTICS_LEAKAGE_DETECTION",
          "enabled": true
        },
        {
          "type": "ML_DIAGNOSTICS_MODEL_CHECK",
          "enabled": true
        },
        {
          "type": "ML_DIAGNOSTICS_ML_ASSERTIONS",
          "enabled": true
        },
        {
          "type": "ML_DIAGNOSTICS_ABNORMAL_PREDICTIONS_DETECTION",
          "enabled": true
        }
      ]
    },
    "taskType": "CLUSTERING",
    "backendType": "PY_MEMORY",
    "maxConcurrentModelTraining": 2,
    "envSelection": {
      "envMode": "USE_BUILTIN_MODE"
    },
    "containerSelection": {
      "containerMode": "INHERIT"
    },
    "sparkParams": {
      "sparkConf": {
        "inheritConf": "default",
        "conf": []
      },
      "sparkUseGlobalMetastore": false,
      "sparkPreparedDFStorageLevel": "MEMORY_AND_DISK",
      "sparkRepartitionNonHDFS": 1,
      "pipelineAllowStart": true,
      "pipelineAllowMerge": true,
      "sparkExecutionEngine": "SPARK_SUBMIT"
    },
    "sparkCheckpoint": "NONE",
    "predictionDisplayScript": {
      "steps": [],
      "maxProcessedMemTableBytes": -1,
      "columnsSelection": {
        "mode": "ALL"
      },
      "columnWidthsByName": {},
      "coloring": {
        "scheme": "MEANING_AND_STATUS",
        "individualColumns": [],
        "valueColoringMode": "HASH"
      },
      "sorting": [],
      "analysisColumnData": {},
      "explorationSampling": {
        "selection": {
          "maxRecordsForDisplay": -1,
          "maxStoredBytes": -1,
          "timeout": -1,
          "filter": {
            "distinct": false,
            "enabled": false
          },
          "partitionSelectionMethod": "ALL",
          "latestPartitionsN": 1,
          "ordering": {
            "enabled": false,
            "rules": []
          },
          "samplingMethod": "HEAD_SEQUENTIAL",
          "maxRecords": 10000,
          "targetRatio": 0.02,
          "withinFirstN": -1,
          "maxReadUncompressedBytes": -1
        },
        "autoRefreshSample": false,
        "_refreshTrigger": 0
      },
      "vizSampling": {
        "selection": {
          "useMemTable": false,
          "filter": {
            "distinct": false,
            "enabled": false
          },
          "partitionSelectionMethod": "ALL",
          "latestPartitionsN": 1,
          "ordering": {
            "enabled": false,
            "rules": []
          },
          "samplingMethod": "FULL",
          "maxRecords": -1,
          "targetRatio": 0.02,
          "withinFirstN": -1,
          "maxReadUncompressedBytes": -1
        },
        "autoRefreshSample": false,
        "_refreshTrigger": 0
      },
      "exploreUIParams": {},
      "globalSearchQuery": "",
      "explorationFilters": [],
      "previewMode": "ALL_ROWS"
    },
    "predictionDisplayCharts": [],
    "labels": []
  },
  "lastTrainIndex": 1,
  "lastTrainJobId": "",
  "versionTag": {
    "versionNumber": 0,
    "lastModifiedBy": {
      "login": "97vigneshvn@student.ie.edu"
    },
    "lastModifiedOn": 1667381317603
  },
  "creationTag": {
    "versionNumber": 0,
    "lastModifiedBy": {
      "login": "97vigneshvn@student.ie.edu"
    },
    "lastModifiedOn": 1667381317603
  },
  "tags": [],
  "customFields": {},
  "checklists": {
    "checklists": []
  }
}