{"global": {"size": 431, "facts": [{"type": "numerical", "feature_label": "CRIM", "cluster_label": "cluster_4", "mean": 35.30599375, "std": 22.929003510531338, "diff": 3.604798525190217, "global_mean": 3.742854147355657, "global_std": 8.755867875023286}, {"type": "numerical", "feature_label": "B", "cluster_label": "cluster_5", "mean": 60.61413793103449, "std": 59.072901360295084, "diff": -3.2271289641965817, "global_mean": 356.2846867749414, "global_std": 91.62030774853658}, {"type": "numerical", "feature_label": "ZN", "cluster_label": "cluster_8", "mean": 70.36170212765957, "std": 18.85173908701782, "diff": 2.554654505232144, "global_mean": 10.935034802784223, "global_std": 23.262115171802925}, {"type": "numerical", "feature_label": "LSTAT", "cluster_label": "cluster_4", "mean": 27.30625, "std": 6.438870371941546, "diff": 1.9845068579454952, "global_mean": 12.884991836383959, "global_std": 7.2669228155482255}, {"type": "numerical", "feature_label": "INDUS", "cluster_label": "cluster_6", "mean": 24.142608695652168, "std": 2.515682118579199, "diff": 1.9111578554261375, "global_mean": 11.19228275710616, "global_std": 6.7761676000638}, {"type": "numerical", "feature_label": "MEDV", "cluster_label": "cluster_7", "mean": 39.955, "std": 7.033872260310034, "diff": 1.8107835237030256, "global_mean": 22.724361948955938, "global_std": 9.515570373540653}, {"type": "numerical", "feature_label": "PTRATIO", "cluster_label": "cluster_0", "mean": 14.619047619047613, "std": 0.3709704134011869, "diff": -1.761682891692963, "global_mean": 18.44849187935028, "global_std": 2.173742095333968}, {"type": "numerical", "feature_label": "NOX", "cluster_label": "cluster_0", "mean": 0.7590000000000003, "std": 0.13281566172707193, "diff": 1.7608165856847968, "global_mean": 0.5567744779582383, "global_std": 0.11484757906407088}, {"type": "numerical", "feature_label": "RM", "cluster_label": "cluster_7", "mean": 7.5912500000000005, "std": 0.5487820897690467, "diff": 1.7565998720546459, "global_mean": 6.302051044083534, "global_std": 0.7339172548205453}, {"type": "numerical", "feature_label": "RAD", "cluster_label": "cluster_2", "mean": 24.0, "std": 0.0, "diff": 1.6149334258185704, "global_mean": 9.77494199535963, "global_std": 8.808448557209122}]}, "clusters": [{"cluster": "cluster_0", "size": 21, "facts": [{"type": "numerical", "feature_label": "PTRATIO", "cluster_label": "cluster_0", "mean": 14.619047619047613, "std": 0.3709704134011869, "diff": -1.761682891692963, "global_mean": 18.44849187935028, "global_std": 2.173742095333968}, {"type": "numerical", "feature_label": "NOX", "cluster_label": "cluster_0", "mean": 0.7590000000000003, "std": 0.13281566172707193, "diff": 1.7608165856847968, "global_mean": 0.5567744779582383, "global_std": 0.11484757906407088}, {"type": "numerical", "feature_label": "INDUS", "cluster_label": "cluster_0", "mean": 18.027523025671165, "std": 4.107447697972513, "diff": 1.0087177106570755, "global_mean": 11.19228275710616, "global_std": 6.7761676000638}]}, {"cluster": "cluster_1", "size": 81, "facts": [{"type": "numerical", "feature_label": "AGE", "cluster_label": "cluster_1", "mean": 37.8, "std": 17.66078282523173, "diff": -1.144303618286671, "global_mean": 69.16676978602732, "global_std": 27.411230100794203}, {"type": "numerical", "feature_label": "DIS", "cluster_label": "cluster_1", "mean": 5.7399604938271604, "std": 1.4677541257546356, "diff": 0.9726993491971885, "global_mean": 3.7171805104408326, "global_std": 2.079553137416836}, {"type": "numerical", "feature_label": "NOX", "cluster_label": "cluster_1", "mean": 0.4560000000000002, "std": 0.03432266379522429, "diff": -0.8774627970348275, "global_mean": 0.5567744779582383, "global_std": 0.11484757906407088}]}, {"cluster": "cluster_2", "size": 72, "facts": [{"type": "numerical", "feature_label": "RAD", "cluster_label": "cluster_2", "mean": 24.0, "std": 0.0, "diff": 1.6149334258185704, "global_mean": 9.77494199535963, "global_std": 8.808448557209122}, {"type": "numerical", "feature_label": "TAX", "cluster_label": "cluster_2", "mean": 666.0, "std": 0.0, "diff": 1.4848729393217464, "global_mean": 412.41763341067286, "global_std": 170.77714858562737}, {"type": "numerical", "feature_label": "NOX", "cluster_label": "cluster_2", "mean": 0.6732916666666665, "std": 0.06784456915170355, "diff": 1.0145376128775503, "global_mean": 0.5567744779582383, "global_std": 0.11484757906407088}]}, {"cluster": "cluster_3", "size": 102, "facts": [{"type": "numerical", "feature_label": "RAD", "cluster_label": "cluster_3", "mean": 4.588235294117647, "std": 1.5565444157960773, "diff": -0.5888331716482595, "global_mean": 9.77494199535963, "global_std": 8.808448557209122}, {"type": "numerical", "feature_label": "TAX", "cluster_label": "cluster_3", "mean": 314.98039215686276, "std": 59.357780841093955, "diff": -0.5705519857942541, "global_mean": 412.41763341067286, "global_std": 170.77714858562737}, {"type": "numerical", "feature_label": "ZN", "cluster_label": "cluster_3", "mean": 1.0833333333333333, "std": 4.622418109054776, "diff": -0.4235084125708649, "global_mean": 10.935034802784223, "global_std": 23.262115171802925}]}, {"cluster": "cluster_4", "size": 16, "facts": [{"type": "numerical", "feature_label": "CRIM", "cluster_label": "cluster_4", "mean": 35.30599375, "std": 22.929003510531338, "diff": 3.604798525190217, "global_mean": 3.742854147355657, "global_std": 8.755867875023286}, {"type": "numerical", "feature_label": "LSTAT", "cluster_label": "cluster_4", "mean": 27.30625, "std": 6.438870371941546, "diff": 1.9845068579454952, "global_mean": 12.884991836383959, "global_std": 7.2669228155482255}, {"type": "numerical", "feature_label": "RAD", "cluster_label": "cluster_4", "mean": 24.0, "std": 0.0, "diff": 1.6149334258185704, "global_mean": 9.77494199535963, "global_std": 8.808448557209122}]}, {"cluster": "cluster_5", "size": 29, "facts": [{"type": "numerical", "feature_label": "B", "cluster_label": "cluster_5", "mean": 60.61413793103449, "std": 59.072901360295084, "diff": -3.2271289641965817, "global_mean": 356.2846867749414, "global_std": 91.62030774853658}, {"type": "numerical", "feature_label": "RAD", "cluster_label": "cluster_5", "mean": 24.0, "std": 0.0, "diff": 1.6149334258185704, "global_mean": 9.77494199535963, "global_std": 8.808448557209122}, {"type": "numerical", "feature_label": "TAX", "cluster_label": "cluster_5", "mean": 666.0, "std": 0.0, "diff": 1.4848729393217464, "global_mean": 412.41763341067286, "global_std": 170.77714858562737}]}, {"cluster": "cluster_6", "size": 23, "facts": [{"type": "numerical", "feature_label": "INDUS", "cluster_label": "cluster_6", "mean": 24.142608695652168, "std": 2.515682118579199, "diff": 1.9111578554261375, "global_mean": 11.19228275710616, "global_std": 6.7761676000638}, {"type": "numerical", "feature_label": "PTRATIO", "cluster_label": "cluster_6", "mean": 20.41304347826087, "std": 0.9111951930524521, "diff": 0.9037648040802945, "global_mean": 18.44849187935028, "global_std": 2.173742095333968}, {"type": "numerical", "feature_label": "DIS", "cluster_label": "cluster_6", "mean": 1.921260869565218, "std": 0.23121706593810856, "diff": -0.8636084399874758, "global_mean": 3.7171805104408326, "global_std": 2.079553137416836}]}, {"cluster": "cluster_7", "size": 40, "facts": [{"type": "numerical", "feature_label": "MEDV", "cluster_label": "cluster_7", "mean": 39.955, "std": 7.033872260310034, "diff": 1.8107835237030256, "global_mean": 22.724361948955938, "global_std": 9.515570373540653}, {"type": "numerical", "feature_label": "RM", "cluster_label": "cluster_7", "mean": 7.5912500000000005, "std": 0.5487820897690467, "diff": 1.7565998720546459, "global_mean": 6.302051044083534, "global_std": 0.7339172548205453}, {"type": "numerical", "feature_label": "PTRATIO", "cluster_label": "cluster_7", "mean": 15.929999999999996, "std": 2.0668568977791946, "diff": -1.1585973721336744, "global_mean": 18.44849187935028, "global_std": 2.173742095333968}]}, {"cluster": "cluster_8", "size": 47, "facts": [{"type": "numerical", "feature_label": "ZN", "cluster_label": "cluster_8", "mean": 70.36170212765957, "std": 18.85173908701782, "diff": 2.554654505232144, "global_mean": 10.935034802784223, "global_std": 23.262115171802925}, {"type": "numerical", "feature_label": "DIS", "cluster_label": "cluster_8", "mean": 7.069721276595746, "std": 1.8059428610461497, "diff": 1.6121447948761471, "global_mean": 3.7171805104408326, "global_std": 2.079553137416836}, {"type": "numerical", "feature_label": "AGE", "cluster_label": "cluster_8", "mean": 30.834436564223804, "std": 12.341447402091257, "diff": -1.39841711155797, "global_mean": 69.16676978602732, "global_std": 27.411230100794203}]}]}