{
    "metrics": {
        "inertia": 1571.590890047053,
        "silhouette": 0.2746162637255797,
        "nbClusters": 9
    },
    "processed_feature_names": [
        "B",
        "TAX",
        "CRIM",
        "PTRATIO",
        "MEDV",
        "DIS",
        "ZN",
        "INDUS",
        "RAD",
        "LSTAT",
        "NOX",
        "RM",
        "AGE",
        "dummy:CHAS:0",
        "dummy:CHAS:N/A",
        "dummy:CHAS:__Others__"
    ],
    "variables_importance": {
        "variables": [
            "B",
            "TAX",
            "CRIM",
            "PTRATIO",
            "MEDV",
            "DIS",
            "ZN",
            "INDUS",
            "RAD",
            "LSTAT",
            "NOX",
            "RM",
            "AGE",
            "dummy:CHAS:0",
            "dummy:CHAS:__Others__"
        ],
        "importances": [
            0.07947438937507498,
            0.058116924439539204,
            0.0828563879036193,
            0.04437483448399636,
            0.0727167438825951,
            0.07588033517839211,
            0.08387310447563567,
            0.1073998736338027,
            0.07915671745232117,
            0.053252879819221374,
            0.09763795307949395,
            0.07118509680261306,
            0.09206560861424443,
            0.0008741218355244145,
            0.001135029023926206
        ]
    },
    "reduce_vars": [],
    "train_nb_records": 431,
    "train_nb_features": 16,
    "train_nb_outliers": 0,
    "cluster_description": [
        {
            "variable": "dummy:CHAS:0",
            "var": 0.0,
            "values": [
                {
                    "cluster": "cluster_0",
                    "value": 0.8571428571428571
                },
                {
                    "cluster": "cluster_1",
                    "value": 0.9876543209876543
                },
                {
                    "cluster": "cluster_2",
                    "value": 0.8888888888888888
                },
                {
                    "cluster": "cluster_3",
                    "value": 0.8627450980392157
                },
                {
                    "cluster": "cluster_4",
                    "value": 1.0
                },
                {
                    "cluster": "cluster_5",
                    "value": 1.0
                },
                {
                    "cluster": "cluster_6",
                    "value": 1.0
                },
                {
                    "cluster": "cluster_7",
                    "value": 0.9
                },
                {
                    "cluster": "cluster_8",
                    "value": 0.9574468085106383
                }
            ]
        },
        {
            "variable": "dummy:CHAS:N/A",
            "var": 0.0,
            "values": [
                {
                    "cluster": "cluster_0",
                    "value": 0.0
                },
                {
                    "cluster": "cluster_1",
                    "value": 0.0
                },
                {
                    "cluster": "cluster_2",
                    "value": 0.0
                },
                {
                    "cluster": "cluster_3",
                    "value": 0.0
                },
                {
                    "cluster": "cluster_4",
                    "value": 0.0
                },
                {
                    "cluster": "cluster_5",
                    "value": 0.0
                },
                {
                    "cluster": "cluster_6",
                    "value": 0.0
                },
                {
                    "cluster": "cluster_7",
                    "value": 0.0
                },
                {
                    "cluster": "cluster_8",
                    "value": 0.0
                }
            ]
        },
        {
            "variable": "dummy:CHAS:__Others__",
            "var": 0.0,
            "values": [
                {
                    "cluster": "cluster_0",
                    "value": 0.14285714285714285
                },
                {
                    "cluster": "cluster_1",
                    "value": 0.012345679012345678
                },
                {
                    "cluster": "cluster_2",
                    "value": 0.1111111111111111
                },
                {
                    "cluster": "cluster_3",
                    "value": 0.13725490196078433
                },
                {
                    "cluster": "cluster_4",
                    "value": 0.0
                },
                {
                    "cluster": "cluster_5",
                    "value": 0.0
                },
                {
                    "cluster": "cluster_6",
                    "value": 0.0
                },
                {
                    "cluster": "cluster_7",
                    "value": 0.1
                },
                {
                    "cluster": "cluster_8",
                    "value": 0.0425531914893617
                }
            ]
        },
        {
            "variable": "B",
            "var": 11239.92,
            "values": [
                {
                    "cluster": "cluster_0",
                    "value": 318.7280952380952
                },
                {
                    "cluster": "cluster_1",
                    "value": 390.353827160494
                },
                {
                    "cluster": "cluster_2",
                    "value": 373.6593055555556
                },
                {
                    "cluster": "cluster_3",
                    "value": 380.4674509803923
                },
                {
                    "cluster": "cluster_4",
                    "value": 327.14312500000005
                },
                {
                    "cluster": "cluster_5",
                    "value": 60.61413793103449
                },
                {
                    "cluster": "cluster_6",
                    "value": 378.24652173913046
                },
                {
                    "cluster": "cluster_7",
                    "value": 387.71700000000004
                },
                {
                    "cluster": "cluster_8",
                    "value": 390.109574468085
                }
            ]
        },
        {
            "variable": "TAX",
            "var": 29408.53,
            "values": [
                {
                    "cluster": "cluster_0",
                    "value": 396.3809523809524
                },
                {
                    "cluster": "cluster_1",
                    "value": 290.9753086419753
                },
                {
                    "cluster": "cluster_2",
                    "value": 666.0
                },
                {
                    "cluster": "cluster_3",
                    "value": 314.98039215686276
                },
                {
                    "cluster": "cluster_4",
                    "value": 666.0
                },
                {
                    "cluster": "cluster_5",
                    "value": 666.0
                },
                {
                    "cluster": "cluster_6",
                    "value": 431.60869565217394
                },
                {
                    "cluster": "cluster_7",
                    "value": 273.125
                },
                {
                    "cluster": "cluster_8",
                    "value": 318.2340425531915
                }
            ]
        },
        {
            "variable": "CRIM",
            "var": 132.63,
            "values": [
                {
                    "cluster": "cluster_0",
                    "value": 2.156145238095238
                },
                {
                    "cluster": "cluster_1",
                    "value": 0.2518436038713611
                },
                {
                    "cluster": "cluster_2",
                    "value": 7.713711748399634
                },
                {
                    "cluster": "cluster_3",
                    "value": 0.4198082151214395
                },
                {
                    "cluster": "cluster_4",
                    "value": 35.30599375
                },
                {
                    "cluster": "cluster_5",
                    "value": 11.521721653185754
                },
                {
                    "cluster": "cluster_6",
                    "value": 0.4012517391304347
                },
                {
                    "cluster": "cluster_7",
                    "value": 0.6141566985596708
                },
                {
                    "cluster": "cluster_8",
                    "value": 0.35028055073986514
                }
            ]
        },
        {
            "variable": "PTRATIO",
            "var": 4.86,
            "values": [
                {
                    "cluster": "cluster_0",
                    "value": 14.619047619047613
                },
                {
                    "cluster": "cluster_1",
                    "value": 18.302469135802475
                },
                {
                    "cluster": "cluster_2",
                    "value": 20.200000000000028
                },
                {
                    "cluster": "cluster_3",
                    "value": 18.888235294117656
                },
                {
                    "cluster": "cluster_4",
                    "value": 20.199999999999996
                },
                {
                    "cluster": "cluster_5",
                    "value": 20.2
                },
                {
                    "cluster": "cluster_6",
                    "value": 20.41304347826087
                },
                {
                    "cluster": "cluster_7",
                    "value": 15.929999999999996
                },
                {
                    "cluster": "cluster_8",
                    "value": 16.278723404255313
                }
            ]
        },
        {
            "variable": "MEDV",
            "var": 83.64,
            "values": [
                {
                    "cluster": "cluster_0",
                    "value": 19.423809523809528
                },
                {
                    "cluster": "cluster_1",
                    "value": 23.617283950617278
                },
                {
                    "cluster": "cluster_2",
                    "value": 19.34166666666666
                },
                {
                    "cluster": "cluster_3",
                    "value": 20.668627450980384
                },
                {
                    "cluster": "cluster_4",
                    "value": 9.925000000000002
                },
                {
                    "cluster": "cluster_5",
                    "value": 13.306896551724135
                },
                {
                    "cluster": "cluster_6",
                    "value": 16.456521739130437
                },
                {
                    "cluster": "cluster_7",
                    "value": 39.955
                },
                {
                    "cluster": "cluster_8",
                    "value": 30.874468085106376
                }
            ]
        },
        {
            "variable": "DIS",
            "var": 3.81,
            "values": [
                {
                    "cluster": "cluster_0",
                    "value": 1.8043523809523812
                },
                {
                    "cluster": "cluster_1",
                    "value": 5.7399604938271604
                },
                {
                    "cluster": "cluster_2",
                    "value": 2.1972388888888883
                },
                {
                    "cluster": "cluster_3",
                    "value": 3.505193137254904
                },
                {
                    "cluster": "cluster_4",
                    "value": 1.4738687500000003
                },
                {
                    "cluster": "cluster_5",
                    "value": 2.0364034482758617
                },
                {
                    "cluster": "cluster_6",
                    "value": 1.921260869565218
                },
                {
                    "cluster": "cluster_7",
                    "value": 3.1110549999999995
                },
                {
                    "cluster": "cluster_8",
                    "value": 7.069721276595746
                }
            ]
        },
        {
            "variable": "ZN",
            "var": 526.59,
            "values": [
                {
                    "cluster": "cluster_0",
                    "value": 0.9523809523809523
                },
                {
                    "cluster": "cluster_1",
                    "value": 11.882716049382717
                },
                {
                    "cluster": "cluster_2",
                    "value": 0.0
                },
                {
                    "cluster": "cluster_3",
                    "value": 1.0833333333333333
                },
                {
                    "cluster": "cluster_4",
                    "value": 0.0
                },
                {
                    "cluster": "cluster_5",
                    "value": 0.0
                },
                {
                    "cluster": "cluster_6",
                    "value": 0.0
                },
                {
                    "cluster": "cluster_7",
                    "value": 7.825
                },
                {
                    "cluster": "cluster_8",
                    "value": 70.36170212765957
                }
            ]
        },
        {
            "variable": "INDUS",
            "var": 53.09,
            "values": [
                {
                    "cluster": "cluster_0",
                    "value": 18.027523025671165
                },
                {
                    "cluster": "cluster_1",
                    "value": 6.471950414062898
                },
                {
                    "cluster": "cluster_2",
                    "value": 17.807666323731134
                },
                {
                    "cluster": "cluster_3",
                    "value": 8.826862341644478
                },
                {
                    "cluster": "cluster_4",
                    "value": 17.661499485596707
                },
                {
                    "cluster": "cluster_5",
                    "value": 17.858068681708538
                },
                {
                    "cluster": "cluster_6",
                    "value": 24.142608695652168
                },
                {
                    "cluster": "cluster_7",
                    "value": 5.794499999999998
                },
                {
                    "cluster": "cluster_8",
                    "value": 3.2137868838105246
                }
            ]
        },
        {
            "variable": "RAD",
            "var": 96.28,
            "values": [
                {
                    "cluster": "cluster_0",
                    "value": 5.0
                },
                {
                    "cluster": "cluster_1",
                    "value": 4.679012345679013
                },
                {
                    "cluster": "cluster_2",
                    "value": 24.0
                },
                {
                    "cluster": "cluster_3",
                    "value": 4.588235294117647
                },
                {
                    "cluster": "cluster_4",
                    "value": 24.0
                },
                {
                    "cluster": "cluster_5",
                    "value": 24.0
                },
                {
                    "cluster": "cluster_6",
                    "value": 3.4782608695652173
                },
                {
                    "cluster": "cluster_7",
                    "value": 5.05
                },
                {
                    "cluster": "cluster_8",
                    "value": 3.6382978723404253
                }
            ]
        },
        {
            "variable": "LSTAT",
            "var": 52.43,
            "values": [
                {
                    "cluster": "cluster_0",
                    "value": 16.25142857142857
                },
                {
                    "cluster": "cluster_1",
                    "value": 8.643421734491692
                },
                {
                    "cluster": "cluster_2",
                    "value": 15.544948559670782
                },
                {
                    "cluster": "cluster_3",
                    "value": 13.7870309852336
                },
                {
                    "cluster": "cluster_4",
                    "value": 27.30625
                },
                {
                    "cluster": "cluster_5",
                    "value": 21.15310344827586
                },
                {
                    "cluster": "cluster_6",
                    "value": 18.984347826086957
                },
                {
                    "cluster": "cluster_7",
                    "value": 5.969771604938271
                },
                {
                    "cluster": "cluster_8",
                    "value": 5.547872340425532
                }
            ]
        },
        {
            "variable": "NOX",
            "var": 0.01,
            "values": [
                {
                    "cluster": "cluster_0",
                    "value": 0.7590000000000003
                },
                {
                    "cluster": "cluster_1",
                    "value": 0.4560000000000002
                },
                {
                    "cluster": "cluster_2",
                    "value": 0.6732916666666665
                },
                {
                    "cluster": "cluster_3",
                    "value": 0.5234019607843133
                },
                {
                    "cluster": "cluster_4",
                    "value": 0.679875
                },
                {
                    "cluster": "cluster_5",
                    "value": 0.6727586206896553
                },
                {
                    "cluster": "cluster_6",
                    "value": 0.6095217391304348
                },
                {
                    "cluster": "cluster_7",
                    "value": 0.53104
                },
                {
                    "cluster": "cluster_8",
                    "value": 0.4166425531914893
                }
            ]
        },
        {
            "variable": "RM",
            "var": 0.46,
            "values": [
                {
                    "cluster": "cluster_0",
                    "value": 5.7804761904761905
                },
                {
                    "cluster": "cluster_1",
                    "value": 6.299135802469138
                },
                {
                    "cluster": "cluster_2",
                    "value": 6.179541666666664
                },
                {
                    "cluster": "cluster_3",
                    "value": 6.057392156862747
                },
                {
                    "cluster": "cluster_4",
                    "value": 5.192312500000001
                },
                {
                    "cluster": "cluster_5",
                    "value": 6.153379310344829
                },
                {
                    "cluster": "cluster_6",
                    "value": 5.870260869565217
                },
                {
                    "cluster": "cluster_7",
                    "value": 7.5912500000000005
                },
                {
                    "cluster": "cluster_8",
                    "value": 6.842382978723406
                }
            ]
        },
        {
            "variable": "AGE",
            "var": 600.3,
            "values": [
                {
                    "cluster": "cluster_0",
                    "value": 93.03897707231039
                },
                {
                    "cluster": "cluster_1",
                    "value": 37.8
                },
                {
                    "cluster": "cluster_2",
                    "value": 88.36023662551437
                },
                {
                    "cluster": "cluster_3",
                    "value": 76.87737835875093
                },
                {
                    "cluster": "cluster_4",
                    "value": 96.8875
                },
                {
                    "cluster": "cluster_5",
                    "value": 89.16615581098338
                },
                {
                    "cluster": "cluster_6",
                    "value": 91.58421900161031
                },
                {
                    "cluster": "cluster_7",
                    "value": 72.50388888888888
                },
                {
                    "cluster": "cluster_8",
                    "value": 30.834436564223804
                }
            ]
        },
        {
            "variable": "cluster_size",
            "var": 923.11,
            "values": [
                {
                    "cluster": "cluster_3",
                    "value": 102
                },
                {
                    "cluster": "cluster_1",
                    "value": 81
                },
                {
                    "cluster": "cluster_2",
                    "value": 72
                },
                {
                    "cluster": "cluster_8",
                    "value": 47
                },
                {
                    "cluster": "cluster_7",
                    "value": 40
                },
                {
                    "cluster": "cluster_5",
                    "value": 29
                },
                {
                    "cluster": "cluster_6",
                    "value": 23
                },
                {
                    "cluster": "cluster_0",
                    "value": 21
                },
                {
                    "cluster": "cluster_4",
                    "value": 16
                }
            ]
        }
    ],
    "summary": {
        "clusters": []
    }
}