{
    "per_feature": {
        "B": {
            "stats": {}
        },
        "CHAS": {
            "stats": {
                "mostFrequentValue": "0",
                "leastFrequentValue": "1"
            },
            "missing_impute_with_value": "0",
            "category_possible_values": [
                "0"
            ],
            "category_possible_counts": [
                399
            ]
        },
        "TAX": {
            "stats": {
                "min": 187.0,
                "average": 412.41763341067286,
                "median": 335.0,
                "max": 711.0,
                "p99": 697.4999999999995,
                "std": 170.77714858562737
            },
            "missing_impute_with_value": 412.41763341067286
        },
        "CRIM": {
            "stats": {
                "min": 0.00632,
                "average": 3.742854147355657,
                "median": 0.31533,
                "max": 88.9762,
                "p99": 40.575979999999966,
                "std": 8.755867875023286
            },
            "missing_impute_with_value": 3.742854147355657
        },
        "PTRATIO": {
            "stats": {
                "min": 12.6,
                "average": 18.44849187935028,
                "median": 19.1,
                "max": 22.0,
                "p99": 21.2,
                "std": 2.173742095333968
            },
            "missing_impute_with_value": 18.44849187935028
        },
        "MEDV": {
            "stats": {}
        },
        "DIS": {
            "stats": {
                "min": 1.1296,
                "average": 3.7171805104408326,
                "median": 3.0923,
                "max": 12.1265,
                "p99": 9.22212,
                "std": 2.079553137416836
            },
            "missing_impute_with_value": 3.7171805104408326
        },
        "ZN": {
            "stats": {}
        },
        "INDUS": {
            "stats": {
                "min": 0.46,
                "average": 11.19228275710616,
                "median": 9.9,
                "max": 27.74,
                "p99": 27.112999999999975,
                "std": 6.7761676000638
            },
            "missing_impute_with_value": 11.19228275710616
        },
        "RAD": {
            "stats": {
                "min": 1.0,
                "average": 9.77494199535963,
                "median": 5.0,
                "max": 24.0,
                "p99": 24.0,
                "std": 8.808448557209122
            },
            "missing_impute_with_value": 9.77494199535963
        },
        "LSTAT": {
            "stats": {}
        },
        "NOX": {
            "stats": {
                "min": 0.392,
                "average": 0.5567744779582383,
                "median": 0.538,
                "max": 0.871,
                "p99": 0.871,
                "std": 0.11484757906407088
            },
            "missing_impute_with_value": 0.5567744779582383
        },
        "RM": {
            "stats": {}
        },
        "AGE": {
            "stats": {
                "min": 6.2,
                "average": 69.16676978602732,
                "median": 76.7,
                "max": 100.0,
                "p99": 100.0,
                "std": 27.411230100794203
            },
            "missing_impute_with_value": 69.16676978602732
        }
    },
    "feature_order": [
        "B",
        "CHAS",
        "TAX",
        "CRIM",
        "PTRATIO",
        "MEDV",
        "DIS",
        "ZN",
        "INDUS",
        "RAD",
        "LSTAT",
        "NOX",
        "RM",
        "AGE"
    ]
}