{"global": {"size": 431, "facts": [{"type": "numerical", "feature_label": "RAD", "cluster_label": "cluster_2", "mean": 24.0, "std": 0.0, "diff": 1.6149334258185704, "global_mean": 9.77494199535963, "global_std": 8.808448557209122}, {"type": "numerical", "feature_label": "INDUS", "cluster_label": "cluster_1", "mean": 21.451233692321175, "std": 3.6050196940117503, "diff": 1.5139753826511646, "global_mean": 11.19228275710616, "global_std": 6.7761676000638}, {"type": "numerical", "feature_label": "TAX", "cluster_label": "cluster_2", "mean": 666.0, "std": 0.0, "diff": 1.4848729393217464, "global_mean": 412.41763341067286, "global_std": 170.77714858562737}, {"type": "numerical", "feature_label": "AGE", "cluster_label": "cluster_3", "mean": 33.52529868578255, "std": 15.654969837537934, "diff": -1.300250699045137, "global_mean": 69.16676978602732, "global_std": 27.411230100794203}, {"type": "numerical", "feature_label": "DIS", "cluster_label": "cluster_3", "mean": 6.293126612903227, "std": 1.7057303912576511, "diff": 1.2387017461175165, "global_mean": 3.7171805104408326, "global_std": 2.079553137416836}, {"type": "numerical", "feature_label": "NOX", "cluster_label": "cluster_1", "mean": 0.6751276595744683, "std": 0.11663760617758799, "diff": 1.030523956889012, "global_mean": 0.5567744779582383, "global_std": 0.11484757906407088}, {"type": "numerical", "feature_label": "NOX", "cluster_label": "cluster_3", "mean": 0.43926451612903267, "std": 0.03344010588915332, "diff": -1.0231818797299113, "global_mean": 0.5567744779582383, "global_std": 0.11484757906407088}, {"type": "numerical", "feature_label": "NOX", "cluster_label": "cluster_2", "mean": 0.6740598290598295, "std": 0.060751655376664535, "diff": 1.0212261508460736, "global_mean": 0.5567744779582383, "global_std": 0.11484757906407088}, {"type": "numerical", "feature_label": "CRIM", "cluster_label": "cluster_2", "mean": 12.430880972881715, "std": 13.330911993343006, "diff": 0.992251933164644, "global_mean": 3.742854147355657, "global_std": 8.755867875023286}, {"type": "numerical", "feature_label": "INDUS", "cluster_label": "cluster_2", "mean": 17.800170588442157, "std": 1.4251552527428768, "diff": 0.9751659376420652, "global_mean": 11.19228275710616, "global_std": 6.7761676000638}]}, "clusters": [{"cluster": "cluster_0", "size": 143, "facts": [{"type": "numerical", "feature_label": "TAX", "cluster_label": "cluster_0", "mean": 301.2097902097902, "std": 58.94027212462368, "diff": -0.6511869071588536, "global_mean": 412.41763341067286, "global_std": 170.77714858562737}, {"type": "numerical", "feature_label": "RAD", "cluster_label": "cluster_0", "mean": 4.636363636363637, "std": 1.705605730844884, "diff": -0.5833692875223087, "global_mean": 9.77494199535963, "global_std": 8.808448557209122}, {"type": "numerical", "feature_label": "INDUS", "cluster_label": "cluster_0", "mean": 7.648251460473697, "std": 3.089805203942175, "diff": -0.5230141144382401, "global_mean": 11.19228275710616, "global_std": 6.7761676000638}]}, {"cluster": "cluster_1", "size": 47, "facts": [{"type": "numerical", "feature_label": "INDUS", "cluster_label": "cluster_1", "mean": 21.451233692321175, "std": 3.6050196940117503, "diff": 1.5139753826511646, "global_mean": 11.19228275710616, "global_std": 6.7761676000638}, {"type": "numerical", "feature_label": "NOX", "cluster_label": "cluster_1", "mean": 0.6751276595744683, "std": 0.11663760617758799, "diff": 1.030523956889012, "global_mean": 0.5567744779582383, "global_std": 0.11484757906407088}, {"type": "numerical", "feature_label": "DIS", "cluster_label": "cluster_1", "mean": 1.8770170212765955, "std": 0.30357510589863773, "diff": -0.8848840917092592, "global_mean": 3.7171805104408326, "global_std": 2.079553137416836}]}, {"cluster": "cluster_2", "size": 117, "facts": [{"type": "numerical", "feature_label": "RAD", "cluster_label": "cluster_2", "mean": 24.0, "std": 0.0, "diff": 1.6149334258185704, "global_mean": 9.77494199535963, "global_std": 8.808448557209122}, {"type": "numerical", "feature_label": "TAX", "cluster_label": "cluster_2", "mean": 666.0, "std": 0.0, "diff": 1.4848729393217464, "global_mean": 412.41763341067286, "global_std": 170.77714858562737}, {"type": "numerical", "feature_label": "NOX", "cluster_label": "cluster_2", "mean": 0.6740598290598295, "std": 0.060751655376664535, "diff": 1.0212261508460736, "global_mean": 0.5567744779582383, "global_std": 0.11484757906407088}]}, {"cluster": "cluster_3", "size": 124, "facts": [{"type": "numerical", "feature_label": "AGE", "cluster_label": "cluster_3", "mean": 33.52529868578255, "std": 15.654969837537934, "diff": -1.300250699045137, "global_mean": 69.16676978602732, "global_std": 27.411230100794203}, {"type": "numerical", "feature_label": "DIS", "cluster_label": "cluster_3", "mean": 6.293126612903227, "std": 1.7057303912576511, "diff": 1.2387017461175165, "global_mean": 3.7171805104408326, "global_std": 2.079553137416836}, {"type": "numerical", "feature_label": "NOX", "cluster_label": "cluster_3", "mean": 0.43926451612903267, "std": 0.03344010588915332, "diff": -1.0231818797299113, "global_mean": 0.5567744779582383, "global_std": 0.11484757906407088}]}]}