[
    {
        "variable": "TAX",
        "per_cluster": [
            {
                "min": 188.0,
                "max": 432.0,
                "median": 304.0,
                "percentile25": 270.0,
                "percentile75": 307.0,
                "percentile9": 223.78,
                "percentile91": 391.0,
                "std": 58.733825703543005,
                "distribution": [
                    9,
                    0,
                    0,
                    0,
                    6,
                    2,
                    4,
                    0,
                    11,
                    9,
                    19,
                    4,
                    6,
                    42,
                    3,
                    0,
                    0,
                    0,
                    0,
                    0,
                    0,
                    0,
                    9,
                    8,
                    3,
                    0,
                    0,
                    0,
                    8,
                    0,
                    0,
                    0,
                    0,
                    0,
                    0,
                    0,
                    0,
                    0,
                    0,
                    0,
                    0,
                    0,
                    0,
                    0,
                    0,
                    0,
                    0,
                    0,
                    0,
                    0,
                    0,
                    0,
                    0,
                    0,
                    0,
                    0,
                    0,
                    0,
                    0,
                    0
                ],
                "max_ratio": 0.2937062937062937,
                "total_no_nan": 143,
                "total": 143,
                "cluster_name": "cluster_0"
            },
            {
                "min": 188.0,
                "max": 711.0,
                "median": 403.0,
                "percentile25": 403.0,
                "percentile75": 437.0,
                "percentile9": 188.0,
                "percentile91": 672.6400000000004,
                "std": 126.85475024442115,
                "distribution": [
                    6,
                    0,
                    0,
                    0,
                    0,
                    0,
                    0,
                    0,
                    0,
                    0,
                    0,
                    0,
                    0,
                    0,
                    0,
                    0,
                    0,
                    0,
                    0,
                    0,
                    0,
                    0,
                    0,
                    0,
                    24,
                    0,
                    0,
                    0,
                    12,
                    0,
                    0,
                    0,
                    0,
                    0,
                    0,
                    0,
                    0,
                    0,
                    0,
                    0,
                    0,
                    0,
                    0,
                    0,
                    0,
                    0,
                    0,
                    0,
                    0,
                    0,
                    0,
                    0,
                    0,
                    0,
                    0,
                    0,
                    0,
                    0,
                    0,
                    5
                ],
                "max_ratio": 0.5106382978723404,
                "total_no_nan": 47,
                "total": 47,
                "cluster_name": "cluster_1"
            },
            {
                "min": 666.0,
                "max": 666.0,
                "median": 666.0,
                "percentile25": 666.0,
                "percentile75": 666.0,
                "percentile9": 666.0,
                "percentile91": 666.0,
                "std": 0.0,
                "distribution": [
                    0,
                    0,
                    0,
                    0,
                    0,
                    0,
                    0,
                    0,
                    0,
                    0,
                    0,
                    0,
                    0,
                    0,
                    0,
                    0,
                    0,
                    0,
                    0,
                    0,
                    0,
                    0,
                    0,
                    0,
                    0,
                    0,
                    0,
                    0,
                    0,
                    0,
                    0,
                    0,
                    0,
                    0,
                    0,
                    0,
                    0,
                    0,
                    0,
                    0,
                    0,
                    0,
                    0,
                    0,
                    0,
                    0,
                    0,
                    0,
                    0,
                    0,
                    0,
                    0,
                    0,
                    0,
                    117,
                    0,
                    0,
                    0,
                    0,
                    0
                ],
                "max_ratio": 1.0,
                "total_no_nan": 117,
                "total": 117,
                "cluster_name": "cluster_2"
            },
            {
                "min": 187.0,
                "max": 469.0,
                "median": 294.5,
                "percentile25": 253.5,
                "percentile75": 331.0,
                "percentile9": 224.0,
                "percentile91": 398.0,
                "std": 58.31282256720577,
                "distribution": [
                    1,
                    1,
                    0,
                    5,
                    11,
                    3,
                    8,
                    8,
                    2,
                    1,
                    7,
                    13,
                    8,
                    7,
                    4,
                    0,
                    17,
                    2,
                    7,
                    3,
                    2,
                    0,
                    0,
                    0,
                    8,
                    2,
                    1,
                    2,
                    0,
                    0,
                    0,
                    0,
                    1,
                    0,
                    0,
                    0,
                    0,
                    0,
                    0,
                    0,
                    0,
                    0,
                    0,
                    0,
                    0,
                    0,
                    0,
                    0,
                    0,
                    0,
                    0,
                    0,
                    0,
                    0,
                    0,
                    0,
                    0,
                    0,
                    0,
                    0
                ],
                "max_ratio": 0.13709677419354838,
                "total_no_nan": 124,
                "total": 124,
                "cluster_name": "cluster_3"
            }
        ],
        "type": "numerical",
        "scale": {
            "min": 187.0,
            "max": 711.0,
            "max_ratio": 1.0
        },
        "global": {
            "min": 187.0,
            "max": 711.0,
            "median": 335.0,
            "percentile25": 279.0,
            "percentile75": 666.0,
            "percentile9": 230.9,
            "percentile91": 666.0,
            "std": 170.57891619312062,
            "distribution": [
                16,
                1,
                0,
                5,
                17,
                5,
                12,
                8,
                13,
                10,
                26,
                17,
                14,
                49,
                7,
                0,
                17,
                2,
                7,
                3,
                2,
                0,
                9,
                8,
                35,
                2,
                1,
                2,
                20,
                0,
                0,
                0,
                1,
                0,
                0,
                0,
                0,
                0,
                0,
                0,
                0,
                0,
                0,
                0,
                0,
                0,
                0,
                0,
                0,
                0,
                0,
                0,
                0,
                0,
                117,
                0,
                0,
                0,
                0,
                5
            ],
            "max_ratio": 0.271461716937355,
            "total_no_nan": 431,
            "total": 431
        }
    },
    {
        "variable": "CRIM",
        "per_cluster": [
            {
                "min": 0.00632,
                "max": 3.6118739711934156,
                "median": 0.21719,
                "percentile25": 0.09914,
                "percentile75": 0.5305250000000001,
                "percentile9": 0.0539794,
                "percentile91": 0.9660396000000008,
                "std": 0.6554770627507421,
                "distribution": [
                    137,
                    2,
                    4,
                    0,
                    0,
                    0,
                    0,
                    0,
                    0,
                    0,
                    0,
                    0,
                    0,
                    0,
                    0,
                    0,
                    0,
                    0,
                    0,
                    0,
                    0,
                    0,
                    0,
                    0,
                    0,
                    0,
                    0,
                    0,
                    0,
                    0,
                    0,
                    0,
                    0,
                    0,
                    0,
                    0,
                    0,
                    0,
                    0,
                    0,
                    0,
                    0,
                    0,
                    0,
                    0,
                    0,
                    0,
                    0,
                    0,
                    0,
                    0,
                    0,
                    0,
                    0,
                    0,
                    0,
                    0,
                    0,
                    0,
                    0
                ],
                "max_ratio": 0.958041958041958,
                "total_no_nan": 143,
                "total": 143,
                "cluster_name": "cluster_0"
            },
            {
                "min": 0.06899,
                "max": 4.0974,
                "median": 1.27346,
                "percentile25": 0.275025,
                "percentile75": 2.1987050000000004,
                "percentile9": 0.1065212,
                "percentile91": 2.4491310000000004,
                "std": 1.029716934422464,
                "distribution": [
                    27,
                    18,
                    2,
                    0,
                    0,
                    0,
                    0,
                    0,
                    0,
                    0,
                    0,
                    0,
                    0,
                    0,
                    0,
                    0,
                    0,
                    0,
                    0,
                    0,
                    0,
                    0,
                    0,
                    0,
                    0,
                    0,
                    0,
                    0,
                    0,
                    0,
                    0,
                    0,
                    0,
                    0,
                    0,
                    0,
                    0,
                    0,
                    0,
                    0,
                    0,
                    0,
                    0,
                    0,
                    0,
                    0,
                    0,
                    0,
                    0,
                    0,
                    0,
                    0,
                    0,
                    0,
                    0,
                    0,
                    0,
                    0,
                    0,
                    0
                ],
                "max_ratio": 0.574468085106383,
                "total_no_nan": 47,
                "total": 47,
                "cluster_name": "cluster_1"
            },
            {
                "min": 2.81838,
                "max": 88.9762,
                "median": 8.26725,
                "percentile25": 5.09017,
                "percentile75": 14.2362,
                "percentile9": 3.6847716,
                "percentile91": 24.065736,
                "std": 13.27382003081155,
                "distribution": [
                    0,
                    1,
                    20,
                    19,
                    10,
                    11,
                    13,
                    7,
                    2,
                    7,
                    6,
                    0,
                    4,
                    3,
                    1,
                    2,
                    2,
                    1,
                    0,
                    1,
                    0,
                    0,
                    0,
                    0,
                    0,
                    2,
                    0,
                    0,
                    1,
                    0,
                    1,
                    0,
                    0,
                    0,
                    0,
                    0,
                    0,
                    0,
                    0,
                    0,
                    0,
                    0,
                    0,
                    0,
                    0,
                    1,
                    0,
                    0,
                    0,
                    1,
                    0,
                    0,
                    0,
                    0,
                    0,
                    0,
                    0,
                    0,
                    0,
                    1
                ],
                "max_ratio": 0.17094017094017094,
                "total_no_nan": 117,
                "total": 117,
                "cluster_name": "cluster_2"
            },
            {
                "min": 0.00906,
                "max": 3.6118739711934156,
                "median": 0.06565,
                "percentile25": 0.0353025,
                "percentile75": 0.137445,
                "percentile9": 0.0187567,
                "percentile91": 0.3031683,
                "std": 0.8194840078080897,
                "distribution": [
                    117,
                    0,
                    7,
                    0,
                    0,
                    0,
                    0,
                    0,
                    0,
                    0,
                    0,
                    0,
                    0,
                    0,
                    0,
                    0,
                    0,
                    0,
                    0,
                    0,
                    0,
                    0,
                    0,
                    0,
                    0,
                    0,
                    0,
                    0,
                    0,
                    0,
                    0,
                    0,
                    0,
                    0,
                    0,
                    0,
                    0,
                    0,
                    0,
                    0,
                    0,
                    0,
                    0,
                    0,
                    0,
                    0,
                    0,
                    0,
                    0,
                    0,
                    0,
                    0,
                    0,
                    0,
                    0,
                    0,
                    0,
                    0,
                    0,
                    0
                ],
                "max_ratio": 0.9435483870967742,
                "total_no_nan": 124,
                "total": 124,
                "cluster_name": "cluster_3"
            }
        ],
        "type": "numerical",
        "scale": {
            "min": 0.00632,
            "max": 88.9762,
            "max_ratio": 0.958041958041958
        },
        "global": {
            "min": 0.00632,
            "max": 88.9762,
            "median": 0.31533,
            "percentile25": 0.08577000000000001,
            "percentile75": 3.675945,
            "percentile9": 0.035822,
            "percentile91": 11.12379,
            "std": 8.745704356943072,
            "distribution": [
                281,
                21,
                33,
                19,
                10,
                11,
                13,
                7,
                2,
                7,
                6,
                0,
                4,
                3,
                1,
                2,
                2,
                1,
                0,
                1,
                0,
                0,
                0,
                0,
                0,
                2,
                0,
                0,
                1,
                0,
                1,
                0,
                0,
                0,
                0,
                0,
                0,
                0,
                0,
                0,
                0,
                0,
                0,
                0,
                0,
                1,
                0,
                0,
                0,
                1,
                0,
                0,
                0,
                0,
                0,
                0,
                0,
                0,
                0,
                1
            ],
            "max_ratio": 0.6519721577726219,
            "total_no_nan": 431,
            "total": 431
        }
    },
    {
        "variable": "PTRATIO",
        "per_cluster": [
            {
                "min": 13.0,
                "max": 21.0,
                "median": 18.4,
                "percentile25": 17.4,
                "percentile75": 19.2,
                "percentile9": 15.2,
                "percentile91": 21.0,
                "std": 2.0904852576964266,
                "distribution": [
                    0,
                    0,
                    11,
                    0,
                    0,
                    0,
                    0,
                    0,
                    0,
                    0,
                    0,
                    0,
                    0,
                    0,
                    0,
                    0,
                    3,
                    1,
                    0,
                    0,
                    0,
                    0,
                    0,
                    0,
                    4,
                    5,
                    0,
                    0,
                    0,
                    0,
                    15,
                    0,
                    0,
                    23,
                    4,
                    2,
                    0,
                    14,
                    14,
                    0,
                    1,
                    1,
                    10,
                    0,
                    3,
                    1,
                    0,
                    0,
                    2,
                    0,
                    0,
                    0,
                    9,
                    20,
                    0,
                    0,
                    0,
                    0,
                    0,
                    0
                ],
                "max_ratio": 0.16083916083916083,
                "total_no_nan": 143,
                "total": 143,
                "cluster_name": "cluster_0"
            },
            {
                "min": 14.7,
                "max": 21.2,
                "median": 14.7,
                "percentile25": 14.7,
                "percentile75": 20.650000000000006,
                "percentile9": 14.7,
                "percentile91": 21.2,
                "std": 2.923125509334619,
                "distribution": [
                    0,
                    0,
                    0,
                    0,
                    0,
                    0,
                    0,
                    0,
                    0,
                    0,
                    0,
                    0,
                    0,
                    24,
                    0,
                    0,
                    0,
                    0,
                    0,
                    0,
                    0,
                    0,
                    0,
                    0,
                    0,
                    0,
                    0,
                    0,
                    0,
                    0,
                    0,
                    0,
                    0,
                    0,
                    0,
                    0,
                    0,
                    0,
                    0,
                    0,
                    0,
                    6,
                    0,
                    0,
                    0,
                    0,
                    0,
                    5,
                    0,
                    0,
                    0,
                    0,
                    0,
                    0,
                    12,
                    0,
                    0,
                    0,
                    0,
                    0
                ],
                "max_ratio": 0.5106382978723404,
                "total_no_nan": 47,
                "total": 47,
                "cluster_name": "cluster_1"
            },
            {
                "min": 20.2,
                "max": 20.2,
                "median": 20.2,
                "percentile25": 20.2,
                "percentile75": 20.2,
                "percentile9": 20.2,
                "percentile91": 20.2,
                "std": 1.0658141036401503e-14,
                "distribution": [
                    0,
                    0,
                    0,
                    0,
                    0,
                    0,
                    0,
                    0,
                    0,
                    0,
                    0,
                    0,
                    0,
                    0,
                    0,
                    0,
                    0,
                    0,
                    0,
                    0,
                    0,
                    0,
                    0,
                    0,
                    0,
                    0,
                    0,
                    0,
                    0,
                    0,
                    0,
                    0,
                    0,
                    0,
                    0,
                    0,
                    0,
                    0,
                    0,
                    0,
                    0,
                    0,
                    0,
                    0,
                    0,
                    0,
                    0,
                    0,
                    117,
                    0,
                    0,
                    0,
                    0,
                    0,
                    0,
                    0,
                    0,
                    0,
                    0,
                    0
                ],
                "max_ratio": 1.0,
                "total_no_nan": 117,
                "total": 117,
                "cluster_name": "cluster_2"
            },
            {
                "min": 12.6,
                "max": 22.0,
                "median": 17.6,
                "percentile25": 16.0,
                "percentile75": 19.025,
                "percentile9": 14.807,
                "percentile91": 19.7,
                "std": 1.9313280316043595,
                "distribution": [
                    3,
                    0,
                    0,
                    0,
                    0,
                    0,
                    1,
                    0,
                    0,
                    0,
                    0,
                    1,
                    0,
                    4,
                    7,
                    1,
                    7,
                    1,
                    1,
                    2,
                    0,
                    5,
                    5,
                    0,
                    2,
                    8,
                    3,
                    3,
                    2,
                    0,
                    3,
                    6,
                    0,
                    5,
                    1,
                    1,
                    4,
                    3,
                    7,
                    1,
                    6,
                    8,
                    5,
                    0,
                    3,
                    7,
                    0,
                    0,
                    5,
                    0,
                    0,
                    0,
                    0,
                    1,
                    1,
                    0,
                    0,
                    0,
                    0,
                    1
                ],
                "max_ratio": 0.06451612903225806,
                "total_no_nan": 124,
                "total": 124,
                "cluster_name": "cluster_3"
            }
        ],
        "type": "numerical",
        "scale": {
            "min": 12.6,
            "max": 22.0,
            "max_ratio": 1.0
        },
        "global": {
            "min": 12.6,
            "max": 22.0,
            "median": 19.1,
            "percentile25": 17.4,
            "percentile75": 20.2,
            "percentile9": 14.7,
            "percentile91": 20.9,
            "std": 2.171218888336905,
            "distribution": [
                3,
                0,
                11,
                0,
                0,
                0,
                1,
                0,
                0,
                0,
                0,
                1,
                0,
                28,
                7,
                1,
                10,
                2,
                1,
                2,
                0,
                5,
                5,
                0,
                6,
                13,
                3,
                3,
                2,
                0,
                18,
                6,
                0,
                28,
                5,
                3,
                4,
                17,
                21,
                1,
                7,
                15,
                15,
                0,
                6,
                8,
                0,
                5,
                124,
                0,
                0,
                0,
                9,
                21,
                13,
                0,
                0,
                0,
                0,
                1
            ],
            "max_ratio": 0.2877030162412993,
            "total_no_nan": 431,
            "total": 431
        }
    },
    {
        "variable": "DIS",
        "per_cluster": [
            {
                "min": 1.801,
                "max": 6.8185,
                "median": 3.3603,
                "percentile25": 2.7083000000000004,
                "percentile75": 4.0168,
                "percentile9": 2.28828,
                "percentile91": 4.7104919999999995,
                "std": 0.9917343362279434,
                "distribution": [
                    0,
                    0,
                    0,
                    1,
                    4,
                    6,
                    9,
                    10,
                    13,
                    13,
                    5,
                    10,
                    10,
                    10,
                    8,
                    10,
                    8,
                    6,
                    5,
                    4,
                    3,
                    0,
                    0,
                    1,
                    2,
                    1,
                    1,
                    1,
                    0,
                    1,
                    0,
                    1,
                    0,
                    0,
                    0,
                    0,
                    0,
                    0,
                    0,
                    0,
                    0,
                    0,
                    0,
                    0,
                    0,
                    0,
                    0,
                    0,
                    0,
                    0,
                    0,
                    0,
                    0,
                    0,
                    0,
                    0,
                    0,
                    0,
                    0,
                    0
                ],
                "max_ratio": 0.09090909090909091,
                "total_no_nan": 143,
                "total": 143,
                "cluster_name": "cluster_0"
            },
            {
                "min": 1.3216,
                "max": 2.4259,
                "median": 1.8226,
                "percentile25": 1.6686500000000002,
                "percentile75": 2.10495,
                "percentile9": 1.442396,
                "percentile91": 2.2816639999999997,
                "std": 0.30032821996987924,
                "distribution": [
                    0,
                    6,
                    7,
                    12,
                    8,
                    6,
                    6,
                    2,
                    0,
                    0,
                    0,
                    0,
                    0,
                    0,
                    0,
                    0,
                    0,
                    0,
                    0,
                    0,
                    0,
                    0,
                    0,
                    0,
                    0,
                    0,
                    0,
                    0,
                    0,
                    0,
                    0,
                    0,
                    0,
                    0,
                    0,
                    0,
                    0,
                    0,
                    0,
                    0,
                    0,
                    0,
                    0,
                    0,
                    0,
                    0,
                    0,
                    0,
                    0,
                    0,
                    0,
                    0,
                    0,
                    0,
                    0,
                    0,
                    0,
                    0,
                    0,
                    0
                ],
                "max_ratio": 0.2553191489361702,
                "total_no_nan": 47,
                "total": 47,
                "cluster_name": "cluster_1"
            },
            {
                "min": 1.1296,
                "max": 4.0983,
                "median": 1.9356,
                "percentile25": 1.5895,
                "percentile75": 2.4358,
                "percentile9": 1.3703640000000001,
                "percentile91": 2.8855000000000004,
                "std": 0.6017988526738423,
                "distribution": [
                    6,
                    14,
                    17,
                    14,
                    13,
                    15,
                    7,
                    11,
                    4,
                    7,
                    3,
                    1,
                    2,
                    1,
                    0,
                    1,
                    1,
                    0,
                    0,
                    0,
                    0,
                    0,
                    0,
                    0,
                    0,
                    0,
                    0,
                    0,
                    0,
                    0,
                    0,
                    0,
                    0,
                    0,
                    0,
                    0,
                    0,
                    0,
                    0,
                    0,
                    0,
                    0,
                    0,
                    0,
                    0,
                    0,
                    0,
                    0,
                    0,
                    0,
                    0,
                    0,
                    0,
                    0,
                    0,
                    0,
                    0,
                    0,
                    0,
                    0
                ],
                "max_ratio": 0.1452991452991453,
                "total_no_nan": 117,
                "total": 117,
                "cluster_name": "cluster_2"
            },
            {
                "min": 3.1323,
                "max": 12.1265,
                "median": 6.2196,
                "percentile25": 5.1884250000000005,
                "percentile75": 7.31105,
                "percentile9": 4.14919,
                "percentile91": 8.785414999999999,
                "std": 1.6988385231087166,
                "distribution": [
                    0,
                    0,
                    0,
                    0,
                    0,
                    0,
                    0,
                    0,
                    0,
                    0,
                    1,
                    0,
                    3,
                    2,
                    1,
                    3,
                    2,
                    2,
                    6,
                    4,
                    2,
                    5,
                    7,
                    13,
                    1,
                    5,
                    2,
                    4,
                    6,
                    11,
                    1,
                    4,
                    2,
                    9,
                    1,
                    1,
                    6,
                    5,
                    0,
                    1,
                    1,
                    3,
                    2,
                    1,
                    3,
                    0,
                    0,
                    0,
                    0,
                    0,
                    0,
                    1,
                    2,
                    0,
                    0,
                    0,
                    0,
                    0,
                    0,
                    1
                ],
                "max_ratio": 0.10483870967741936,
                "total_no_nan": 124,
                "total": 124,
                "cluster_name": "cluster_3"
            }
        ],
        "type": "numerical",
        "scale": {
            "min": 1.1296,
            "max": 12.1265,
            "max_ratio": 0.2553191489361702
        },
        "global": {
            "min": 1.1296,
            "max": 12.1265,
            "median": 3.0923,
            "percentile25": 2.0941,
            "percentile75": 4.91495,
            "percentile9": 1.60266,
            "percentile91": 6.963049999999999,
            "std": 2.0771392618064928,
            "distribution": [
                6,
                20,
                24,
                27,
                25,
                27,
                22,
                23,
                17,
                20,
                9,
                11,
                15,
                13,
                9,
                14,
                11,
                8,
                11,
                8,
                5,
                5,
                7,
                14,
                3,
                6,
                3,
                5,
                6,
                12,
                1,
                5,
                2,
                9,
                1,
                1,
                6,
                5,
                0,
                1,
                1,
                3,
                2,
                1,
                3,
                0,
                0,
                0,
                0,
                0,
                0,
                1,
                2,
                0,
                0,
                0,
                0,
                0,
                0,
                1
            ],
            "max_ratio": 0.06264501160092807,
            "total_no_nan": 431,
            "total": 431
        }
    },
    {
        "variable": "INDUS",
        "per_cluster": [
            {
                "min": 2.18,
                "max": 15.04,
                "median": 8.14,
                "percentile25": 5.16,
                "percentile75": 9.9,
                "percentile9": 2.89,
                "percentile91": 11.083991769547332,
                "std": 3.078982735650179,
                "distribution": [
                    0,
                    0,
                    0,
                    1,
                    9,
                    4,
                    3,
                    15,
                    2,
                    1,
                    3,
                    0,
                    16,
                    0,
                    6,
                    3,
                    19,
                    9,
                    0,
                    0,
                    19,
                    8,
                    8,
                    5,
                    0,
                    4,
                    0,
                    3,
                    0,
                    3,
                    0,
                    0,
                    2,
                    0,
                    0,
                    0,
                    0,
                    0,
                    0,
                    0,
                    0,
                    0,
                    0,
                    0,
                    0,
                    0,
                    0,
                    0,
                    0,
                    0,
                    0,
                    0,
                    0,
                    0,
                    0,
                    0,
                    0,
                    0,
                    0,
                    0
                ],
                "max_ratio": 0.13286713286713286,
                "total_no_nan": 143,
                "total": 143,
                "cluster_name": "cluster_0"
            },
            {
                "min": 11.083991769547332,
                "max": 27.74,
                "median": 19.58,
                "percentile25": 19.58,
                "percentile75": 21.89,
                "percentile9": 19.58,
                "percentile91": 27.447400000000002,
                "std": 3.5664622250693108,
                "distribution": [
                    0,
                    0,
                    0,
                    0,
                    0,
                    0,
                    0,
                    0,
                    0,
                    0,
                    0,
                    0,
                    0,
                    0,
                    0,
                    0,
                    0,
                    0,
                    0,
                    0,
                    0,
                    0,
                    0,
                    2,
                    0,
                    0,
                    0,
                    0,
                    0,
                    0,
                    0,
                    0,
                    0,
                    0,
                    0,
                    0,
                    0,
                    0,
                    0,
                    0,
                    0,
                    0,
                    22,
                    0,
                    0,
                    0,
                    0,
                    12,
                    0,
                    0,
                    0,
                    0,
                    0,
                    0,
                    0,
                    6,
                    0,
                    0,
                    0,
                    5
                ],
                "max_ratio": 0.46808510638297873,
                "total_no_nan": 47,
                "total": 47,
                "cluster_name": "cluster_1"
            },
            {
                "min": 11.083991769547332,
                "max": 18.1,
                "median": 18.1,
                "percentile25": 18.1,
                "percentile75": 18.1,
                "percentile9": 18.1,
                "percentile91": 18.1,
                "std": 1.4190517760766344,
                "distribution": [
                    0,
                    0,
                    0,
                    0,
                    0,
                    0,
                    0,
                    0,
                    0,
                    0,
                    0,
                    0,
                    0,
                    0,
                    0,
                    0,
                    0,
                    0,
                    0,
                    0,
                    0,
                    0,
                    0,
                    5,
                    0,
                    0,
                    0,
                    0,
                    0,
                    0,
                    0,
                    0,
                    0,
                    0,
                    0,
                    0,
                    0,
                    0,
                    112,
                    0,
                    0,
                    0,
                    0,
                    0,
                    0,
                    0,
                    0,
                    0,
                    0,
                    0,
                    0,
                    0,
                    0,
                    0,
                    0,
                    0,
                    0,
                    0,
                    0,
                    0
                ],
                "max_ratio": 0.9572649572649573,
                "total_no_nan": 117,
                "total": 117,
                "cluster_name": "cluster_2"
            },
            {
                "min": 0.46,
                "max": 15.04,
                "median": 4.93,
                "percentile25": 2.9650000000000003,
                "percentile75": 6.1175,
                "percentile9": 1.52,
                "percentile91": 10.794599999999999,
                "std": 3.091977190856173,
                "distribution": [
                    2,
                    5,
                    8,
                    9,
                    2,
                    6,
                    16,
                    4,
                    4,
                    9,
                    12,
                    9,
                    9,
                    4,
                    5,
                    3,
                    2,
                    0,
                    0,
                    0,
                    0,
                    0,
                    6,
                    4,
                    0,
                    0,
                    0,
                    1,
                    0,
                    3,
                    0,
                    0,
                    1,
                    0,
                    0,
                    0,
                    0,
                    0,
                    0,
                    0,
                    0,
                    0,
                    0,
                    0,
                    0,
                    0,
                    0,
                    0,
                    0,
                    0,
                    0,
                    0,
                    0,
                    0,
                    0,
                    0,
                    0,
                    0,
                    0,
                    0
                ],
                "max_ratio": 0.12903225806451613,
                "total_no_nan": 124,
                "total": 124,
                "cluster_name": "cluster_3"
            }
        ],
        "type": "numerical",
        "scale": {
            "min": 0.46,
            "max": 27.74,
            "max_ratio": 0.9572649572649573
        },
        "global": {
            "min": 0.46,
            "max": 27.74,
            "median": 9.9,
            "percentile25": 5.19,
            "percentile75": 18.1,
            "percentile9": 2.89,
            "percentile91": 19.58,
            "std": 6.768302051736575,
            "distribution": [
                2,
                5,
                8,
                10,
                11,
                10,
                19,
                19,
                6,
                10,
                15,
                9,
                25,
                4,
                11,
                6,
                21,
                9,
                0,
                0,
                19,
                8,
                14,
                16,
                0,
                4,
                0,
                4,
                0,
                6,
                0,
                0,
                3,
                0,
                0,
                0,
                0,
                0,
                112,
                0,
                0,
                0,
                22,
                0,
                0,
                0,
                0,
                12,
                0,
                0,
                0,
                0,
                0,
                0,
                0,
                6,
                0,
                0,
                0,
                5
            ],
            "max_ratio": 0.25986078886310904,
            "total_no_nan": 431,
            "total": 431
        }
    },
    {
        "variable": "RAD",
        "per_cluster": [
            {
                "min": 1.0,
                "max": 8.0,
                "median": 5.0,
                "percentile25": 4.0,
                "percentile75": 5.0,
                "percentile9": 2.0,
                "percentile91": 8.0,
                "std": 1.6996316118560346,
                "distribution": [
                    5,
                    0,
                    10,
                    0,
                    0,
                    15,
                    0,
                    38,
                    0,
                    0,
                    42,
                    0,
                    0,
                    16,
                    0,
                    1,
                    0,
                    0,
                    16,
                    0,
                    0,
                    0,
                    0,
                    0,
                    0,
                    0,
                    0,
                    0,
                    0,
                    0,
                    0,
                    0,
                    0,
                    0,
                    0,
                    0,
                    0,
                    0,
                    0,
                    0,
                    0,
                    0,
                    0,
                    0,
                    0,
                    0,
                    0,
                    0,
                    0,
                    0,
                    0,
                    0,
                    0,
                    0,
                    0,
                    0,
                    0,
                    0,
                    0,
                    0
                ],
                "max_ratio": 0.2937062937062937,
                "total_no_nan": 143,
                "total": 143,
                "cluster_name": "cluster_0"
            },
            {
                "min": 2.0,
                "max": 5.0,
                "median": 5.0,
                "percentile25": 4.0,
                "percentile75": 5.0,
                "percentile9": 2.0,
                "percentile91": 5.0,
                "std": 0.9777978972830689,
                "distribution": [
                    0,
                    0,
                    6,
                    0,
                    0,
                    0,
                    0,
                    17,
                    0,
                    0,
                    24,
                    0,
                    0,
                    0,
                    0,
                    0,
                    0,
                    0,
                    0,
                    0,
                    0,
                    0,
                    0,
                    0,
                    0,
                    0,
                    0,
                    0,
                    0,
                    0,
                    0,
                    0,
                    0,
                    0,
                    0,
                    0,
                    0,
                    0,
                    0,
                    0,
                    0,
                    0,
                    0,
                    0,
                    0,
                    0,
                    0,
                    0,
                    0,
                    0,
                    0,
                    0,
                    0,
                    0,
                    0,
                    0,
                    0,
                    0,
                    0,
                    0
                ],
                "max_ratio": 0.5106382978723404,
                "total_no_nan": 47,
                "total": 47,
                "cluster_name": "cluster_1"
            },
            {
                "min": 24.0,
                "max": 24.0,
                "median": 24.0,
                "percentile25": 24.0,
                "percentile75": 24.0,
                "percentile9": 24.0,
                "percentile91": 24.0,
                "std": 0.0,
                "distribution": [
                    0,
                    0,
                    0,
                    0,
                    0,
                    0,
                    0,
                    0,
                    0,
                    0,
                    0,
                    0,
                    0,
                    0,
                    0,
                    0,
                    0,
                    0,
                    0,
                    0,
                    0,
                    0,
                    0,
                    0,
                    0,
                    0,
                    0,
                    0,
                    0,
                    0,
                    0,
                    0,
                    0,
                    0,
                    0,
                    0,
                    0,
                    0,
                    0,
                    0,
                    0,
                    0,
                    0,
                    0,
                    0,
                    0,
                    0,
                    0,
                    0,
                    0,
                    0,
                    0,
                    0,
                    0,
                    0,
                    0,
                    0,
                    0,
                    0,
                    117
                ],
                "max_ratio": 1.0,
                "total_no_nan": 117,
                "total": 117,
                "cluster_name": "cluster_2"
            },
            {
                "min": 1.0,
                "max": 8.0,
                "median": 4.0,
                "percentile25": 3.0,
                "percentile75": 5.0,
                "percentile9": 2.0,
                "percentile91": 7.0,
                "std": 1.7981520170382623,
                "distribution": [
                    11,
                    0,
                    7,
                    0,
                    0,
                    14,
                    0,
                    37,
                    0,
                    0,
                    29,
                    0,
                    0,
                    7,
                    0,
                    12,
                    0,
                    0,
                    7,
                    0,
                    0,
                    0,
                    0,
                    0,
                    0,
                    0,
                    0,
                    0,
                    0,
                    0,
                    0,
                    0,
                    0,
                    0,
                    0,
                    0,
                    0,
                    0,
                    0,
                    0,
                    0,
                    0,
                    0,
                    0,
                    0,
                    0,
                    0,
                    0,
                    0,
                    0,
                    0,
                    0,
                    0,
                    0,
                    0,
                    0,
                    0,
                    0,
                    0,
                    0
                ],
                "max_ratio": 0.29838709677419356,
                "total_no_nan": 124,
                "total": 124,
                "cluster_name": "cluster_3"
            }
        ],
        "type": "numerical",
        "scale": {
            "min": 1.0,
            "max": 24.0,
            "max_ratio": 1.0
        },
        "global": {
            "min": 1.0,
            "max": 24.0,
            "median": 5.0,
            "percentile25": 4.0,
            "percentile75": 24.0,
            "percentile9": 2.7,
            "percentile91": 24.0,
            "std": 8.79822400523466,
            "distribution": [
                16,
                0,
                23,
                0,
                0,
                29,
                0,
                92,
                0,
                0,
                95,
                0,
                0,
                23,
                0,
                13,
                0,
                0,
                23,
                0,
                0,
                0,
                0,
                0,
                0,
                0,
                0,
                0,
                0,
                0,
                0,
                0,
                0,
                0,
                0,
                0,
                0,
                0,
                0,
                0,
                0,
                0,
                0,
                0,
                0,
                0,
                0,
                0,
                0,
                0,
                0,
                0,
                0,
                0,
                0,
                0,
                0,
                0,
                0,
                117
            ],
            "max_ratio": 0.271461716937355,
            "total_no_nan": 431,
            "total": 431
        }
    },
    {
        "variable": "NOX",
        "per_cluster": [
            {
                "min": 0.426,
                "max": 0.647,
                "median": 0.52,
                "percentile25": 0.489,
                "percentile75": 0.5455000000000001,
                "percentile9": 0.46158000000000005,
                "percentile91": 0.585,
                "std": 0.049102568694854264,
                "distribution": [
                    0,
                    0,
                    0,
                    0,
                    1,
                    3,
                    4,
                    5,
                    0,
                    7,
                    1,
                    0,
                    22,
                    2,
                    20,
                    2,
                    12,
                    0,
                    17,
                    23,
                    0,
                    0,
                    6,
                    1,
                    8,
                    0,
                    0,
                    0,
                    0,
                    0,
                    0,
                    9,
                    0,
                    0,
                    0,
                    0,
                    0,
                    0,
                    0,
                    0,
                    0,
                    0,
                    0,
                    0,
                    0,
                    0,
                    0,
                    0,
                    0,
                    0,
                    0,
                    0,
                    0,
                    0,
                    0,
                    0,
                    0,
                    0,
                    0,
                    0
                ],
                "max_ratio": 0.16083916083916083,
                "total_no_nan": 143,
                "total": 143,
                "cluster_name": "cluster_0"
            },
            {
                "min": 0.581,
                "max": 0.871,
                "median": 0.624,
                "percentile25": 0.605,
                "percentile75": 0.7475000000000008,
                "percentile9": 0.581,
                "percentile91": 0.871,
                "std": 0.11539010928175052,
                "distribution": [
                    0,
                    0,
                    0,
                    0,
                    0,
                    0,
                    0,
                    0,
                    0,
                    0,
                    0,
                    0,
                    0,
                    0,
                    0,
                    0,
                    0,
                    0,
                    0,
                    0,
                    0,
                    0,
                    0,
                    6,
                    0,
                    0,
                    12,
                    5,
                    0,
                    12,
                    0,
                    0,
                    0,
                    0,
                    0,
                    0,
                    0,
                    0,
                    0,
                    0,
                    0,
                    0,
                    0,
                    0,
                    0,
                    0,
                    0,
                    0,
                    0,
                    0,
                    0,
                    0,
                    0,
                    0,
                    0,
                    0,
                    0,
                    0,
                    0,
                    12
                ],
                "max_ratio": 0.2553191489361702,
                "total_no_nan": 47,
                "total": 47,
                "cluster_name": "cluster_1"
            },
            {
                "min": 0.532,
                "max": 0.77,
                "median": 0.693,
                "percentile25": 0.631,
                "percentile75": 0.713,
                "percentile9": 0.58344,
                "percentile91": 0.74,
                "std": 0.0604914757854842,
                "distribution": [
                    0,
                    0,
                    0,
                    0,
                    0,
                    0,
                    0,
                    0,
                    0,
                    0,
                    0,
                    0,
                    0,
                    0,
                    0,
                    0,
                    0,
                    4,
                    0,
                    0,
                    0,
                    0,
                    0,
                    7,
                    7,
                    5,
                    0,
                    6,
                    0,
                    5,
                    0,
                    0,
                    2,
                    1,
                    10,
                    7,
                    0,
                    13,
                    8,
                    0,
                    23,
                    0,
                    0,
                    11,
                    0,
                    0,
                    0,
                    8,
                    0,
                    0,
                    0,
                    0,
                    0,
                    0,
                    0,
                    0,
                    0,
                    0,
                    0,
                    0
                ],
                "max_ratio": 0.19658119658119658,
                "total_no_nan": 117,
                "total": 117,
                "cluster_name": "cluster_2"
            },
            {
                "min": 0.392,
                "max": 0.538,
                "median": 0.433,
                "percentile25": 0.413,
                "percentile75": 0.449,
                "percentile9": 0.40114,
                "percentile91": 0.493,
                "std": 0.03330499379766709,
                "distribution": [
                    5,
                    14,
                    17,
                    4,
                    21,
                    17,
                    11,
                    10,
                    2,
                    3,
                    1,
                    2,
                    6,
                    0,
                    3,
                    6,
                    1,
                    0,
                    1,
                    0,
                    0,
                    0,
                    0,
                    0,
                    0,
                    0,
                    0,
                    0,
                    0,
                    0,
                    0,
                    0,
                    0,
                    0,
                    0,
                    0,
                    0,
                    0,
                    0,
                    0,
                    0,
                    0,
                    0,
                    0,
                    0,
                    0,
                    0,
                    0,
                    0,
                    0,
                    0,
                    0,
                    0,
                    0,
                    0,
                    0,
                    0,
                    0,
                    0,
                    0
                ],
                "max_ratio": 0.1693548387096774,
                "total_no_nan": 124,
                "total": 124,
                "cluster_name": "cluster_3"
            }
        ],
        "type": "numerical",
        "scale": {
            "min": 0.392,
            "max": 0.871,
            "max_ratio": 0.2553191489361702
        },
        "global": {
            "min": 0.392,
            "max": 0.871,
            "median": 0.538,
            "percentile25": 0.453,
            "percentile75": 0.631,
            "percentile9": 0.42023,
            "percentile91": 0.713,
            "std": 0.11471426784204838,
            "distribution": [
                5,
                14,
                17,
                4,
                22,
                20,
                15,
                15,
                2,
                10,
                2,
                2,
                28,
                2,
                23,
                8,
                13,
                4,
                18,
                23,
                0,
                0,
                6,
                14,
                15,
                5,
                12,
                11,
                0,
                17,
                0,
                9,
                2,
                1,
                10,
                7,
                0,
                13,
                8,
                0,
                23,
                0,
                0,
                11,
                0,
                0,
                0,
                8,
                0,
                0,
                0,
                0,
                0,
                0,
                0,
                0,
                0,
                0,
                0,
                12
            ],
            "max_ratio": 0.06496519721577726,
            "total_no_nan": 431,
            "total": 431
        }
    },
    {
        "variable": "AGE",
        "per_cluster": [
            {
                "min": 28.8,
                "max": 100.0,
                "median": 76.7,
                "percentile25": 65.25,
                "percentile75": 88.55,
                "percentile9": 53.6,
                "percentile91": 94.61000000000001,
                "std": 15.470181228077731,
                "distribution": [
                    0,
                    0,
                    0,
                    0,
                    0,
                    0,
                    0,
                    0,
                    0,
                    0,
                    0,
                    0,
                    0,
                    0,
                    1,
                    0,
                    0,
                    0,
                    0,
                    1,
                    1,
                    0,
                    0,
                    1,
                    0,
                    2,
                    1,
                    1,
                    0,
                    4,
                    5,
                    2,
                    1,
                    5,
                    1,
                    5,
                    3,
                    3,
                    3,
                    9,
                    3,
                    6,
                    6,
                    4,
                    2,
                    6,
                    2,
                    4,
                    7,
                    3,
                    7,
                    5,
                    5,
                    6,
                    7,
                    4,
                    6,
                    3,
                    4,
                    4
                ],
                "max_ratio": 0.06293706293706294,
                "total_no_nan": 143,
                "total": 143,
                "cluster_name": "cluster_0"
            },
            {
                "min": 68.51851851851852,
                "max": 100.0,
                "median": 96.0,
                "percentile25": 92.80000000000001,
                "percentile75": 98.35000000000001,
                "percentile9": 71.03,
                "percentile91": 100.0,
                "std": 9.355871897371298,
                "distribution": [
                    0,
                    0,
                    0,
                    0,
                    0,
                    0,
                    0,
                    0,
                    0,
                    0,
                    0,
                    0,
                    0,
                    0,
                    0,
                    0,
                    0,
                    0,
                    0,
                    0,
                    0,
                    0,
                    0,
                    0,
                    0,
                    0,
                    0,
                    0,
                    0,
                    0,
                    0,
                    0,
                    0,
                    0,
                    0,
                    0,
                    0,
                    0,
                    0,
                    4,
                    1,
                    0,
                    0,
                    0,
                    0,
                    0,
                    1,
                    0,
                    0,
                    2,
                    0,
                    0,
                    1,
                    0,
                    1,
                    6,
                    4,
                    6,
                    11,
                    10
                ],
                "max_ratio": 0.23404255319148937,
                "total_no_nan": 47,
                "total": 47,
                "cluster_name": "cluster_1"
            },
            {
                "min": 40.3,
                "max": 100.0,
                "median": 93.6,
                "percentile25": 84.7,
                "percentile75": 98.8,
                "percentile9": 72.672,
                "percentile91": 100.0,
                "std": 11.624688461882565,
                "distribution": [
                    0,
                    0,
                    0,
                    0,
                    0,
                    0,
                    0,
                    0,
                    0,
                    0,
                    0,
                    0,
                    0,
                    0,
                    0,
                    0,
                    0,
                    0,
                    0,
                    0,
                    0,
                    1,
                    0,
                    0,
                    0,
                    0,
                    0,
                    0,
                    0,
                    1,
                    1,
                    0,
                    1,
                    0,
                    0,
                    0,
                    0,
                    1,
                    0,
                    4,
                    0,
                    2,
                    0,
                    2,
                    2,
                    3,
                    1,
                    2,
                    2,
                    5,
                    3,
                    2,
                    8,
                    5,
                    8,
                    5,
                    8,
                    11,
                    8,
                    31
                ],
                "max_ratio": 0.26495726495726496,
                "total_no_nan": 117,
                "total": 117,
                "cluster_name": "cluster_2"
            },
            {
                "min": 6.2,
                "max": 76.5,
                "median": 32.65,
                "percentile25": 21.4,
                "percentile75": 42.425,
                "percentile9": 14.77,
                "percentile91": 56.252999999999986,
                "std": 15.591717175482525,
                "distribution": [
                    4,
                    4,
                    2,
                    0,
                    1,
                    1,
                    4,
                    9,
                    3,
                    6,
                    4,
                    2,
                    1,
                    3,
                    6,
                    3,
                    9,
                    7,
                    5,
                    5,
                    6,
                    3,
                    3,
                    4,
                    3,
                    4,
                    4,
                    5,
                    0,
                    0,
                    1,
                    0,
                    1,
                    0,
                    2,
                    0,
                    1,
                    2,
                    1,
                    3,
                    1,
                    0,
                    0,
                    0,
                    1,
                    0,
                    0,
                    0,
                    0,
                    0,
                    0,
                    0,
                    0,
                    0,
                    0,
                    0,
                    0,
                    0,
                    0,
                    0
                ],
                "max_ratio": 0.07258064516129033,
                "total_no_nan": 124,
                "total": 124,
                "cluster_name": "cluster_3"
            }
        ],
        "type": "numerical",
        "scale": {
            "min": 6.2,
            "max": 100.0,
            "max_ratio": 0.26495726495726496
        },
        "global": {
            "min": 6.2,
            "max": 100.0,
            "median": 76.7,
            "percentile25": 46.5,
            "percentile75": 93.55,
            "percentile9": 24.38,
            "percentile91": 98.9,
            "std": 27.379412063255625,
            "distribution": [
                4,
                4,
                2,
                0,
                1,
                1,
                4,
                9,
                3,
                6,
                4,
                2,
                1,
                3,
                7,
                3,
                9,
                7,
                5,
                6,
                7,
                4,
                3,
                5,
                3,
                6,
                5,
                6,
                0,
                5,
                7,
                2,
                3,
                5,
                3,
                5,
                4,
                6,
                4,
                20,
                5,
                8,
                6,
                6,
                5,
                9,
                4,
                6,
                9,
                10,
                10,
                7,
                14,
                11,
                16,
                15,
                18,
                20,
                23,
                45
            ],
            "max_ratio": 0.10440835266821345,
            "total_no_nan": 431,
            "total": 431
        }
    },
    {
        "variable": "CHAS",
        "per_cluster": [
            {
                "distribution": [
                    {
                        "label": "0",
                        "total_no_nan": 128,
                        "ratio": 0.8951048951048951
                    },
                    {
                        "label": "1",
                        "total_no_nan": 15,
                        "ratio": 0.1048951048951049
                    },
                    {
                        "label": null,
                        "total_no_nan": 0,
                        "ratio": 0.0
                    }
                ],
                "max_ratio": 0.8951048951048951,
                "total": 143,
                "total_no_nan": 143,
                "cluster_name": "cluster_0"
            },
            {
                "distribution": [
                    {
                        "label": "0",
                        "total_no_nan": 42,
                        "ratio": 0.8936170212765957
                    },
                    {
                        "label": "1",
                        "total_no_nan": 5,
                        "ratio": 0.10638297872340426
                    },
                    {
                        "label": null,
                        "total_no_nan": 0,
                        "ratio": 0.0
                    }
                ],
                "max_ratio": 0.8936170212765957,
                "total": 47,
                "total_no_nan": 47,
                "cluster_name": "cluster_1"
            },
            {
                "distribution": [
                    {
                        "label": "0",
                        "total_no_nan": 109,
                        "ratio": 0.9316239316239316
                    },
                    {
                        "label": "1",
                        "total_no_nan": 8,
                        "ratio": 0.06837606837606838
                    },
                    {
                        "label": null,
                        "total_no_nan": 0,
                        "ratio": 0.0
                    }
                ],
                "max_ratio": 0.9316239316239316,
                "total": 117,
                "total_no_nan": 117,
                "cluster_name": "cluster_2"
            },
            {
                "distribution": [
                    {
                        "label": "0",
                        "total_no_nan": 120,
                        "ratio": 0.967741935483871
                    },
                    {
                        "label": "1",
                        "total_no_nan": 4,
                        "ratio": 0.03225806451612903
                    },
                    {
                        "label": null,
                        "total_no_nan": 0,
                        "ratio": 0.0
                    }
                ],
                "max_ratio": 0.967741935483871,
                "total": 124,
                "total_no_nan": 124,
                "cluster_name": "cluster_3"
            }
        ],
        "type": "categorical",
        "global": {
            "distribution": [
                {
                    "label": "0",
                    "total_no_nan": 399,
                    "ratio": 0.925754060324826
                },
                {
                    "label": "1",
                    "total_no_nan": 32,
                    "ratio": 0.07424593967517401
                },
                {
                    "label": null,
                    "total_no_nan": 0,
                    "ratio": 0.0
                }
            ],
            "max_ratio": 0.925754060324826,
            "total": 431,
            "total_no_nan": 431
        },
        "scale": {
            "max_ratio": 0.967741935483871,
            "categories": [
                "0",
                "1",
                null
            ]
        }
    }
]