{"global": {"size": 431, "facts": [{"type": "numerical", "feature_label": "B", "cluster_label": "cluster_3", "mean": 102.44999999999999, "std": 119.55935654369698, "diff": -2.7705068124375063, "global_mean": 356.2846867749414, "global_std": 91.62030774853658}, {"type": "numerical", "feature_label": "ZN", "cluster_label": "cluster_4", "mean": 59.2578125, "std": 24.91668533006149, "diff": 2.0773165870913592, "global_mean": 10.935034802784223, "global_std": 23.262115171802925}, {"type": "numerical", "feature_label": "CRIM", "cluster_label": "cluster_3", "mean": 20.42547094364426, "std": 20.518265796284588, "diff": 1.9053070505868313, "global_mean": 3.742854147355657, "global_std": 8.755867875023286}, {"type": "numerical", "feature_label": "RAD", "cluster_label": "cluster_2", "mean": 24.0, "std": 0.0, "diff": 1.6149334258185704, "global_mean": 9.77494199535963, "global_std": 8.808448557209122}, {"type": "numerical", "feature_label": "RAD", "cluster_label": "cluster_3", "mean": 24.0, "std": 0.0, "diff": 1.6149334258185704, "global_mean": 9.77494199535963, "global_std": 8.808448557209122}, {"type": "numerical", "feature_label": "DIS", "cluster_label": "cluster_4", "mean": 7.012687500000001, "std": 1.7447948299360097, "diff": 1.5847188178383156, "global_mean": 3.7171805104408326, "global_std": 2.079553137416836}, {"type": "numerical", "feature_label": "MEDV", "cluster_label": "cluster_0", "mean": 37.426923076923075, "std": 7.8914725727531865, "diff": 1.5451056059497623, "global_mean": 22.724361948955938, "global_std": 9.515570373540653}, {"type": "numerical", "feature_label": "TAX", "cluster_label": "cluster_2", "mean": 666.0, "std": 0.0, "diff": 1.4848729393217464, "global_mean": 412.41763341067286, "global_std": 170.77714858562737}, {"type": "numerical", "feature_label": "TAX", "cluster_label": "cluster_3", "mean": 666.0, "std": 0.0, "diff": 1.4848729393217464, "global_mean": 412.41763341067286, "global_std": 170.77714858562737}, {"type": "numerical", "feature_label": "INDUS", "cluster_label": "cluster_1", "mean": 21.219155006858717, "std": 4.117716314384184, "diff": 1.4797261286244088, "global_mean": 11.19228275710616, "global_std": 6.7761676000638}]}, "clusters": [{"cluster": "cluster_0", "size": 52, "facts": [{"type": "numerical", "feature_label": "MEDV", "cluster_label": "cluster_0", "mean": 37.426923076923075, "std": 7.8914725727531865, "diff": 1.5451056059497623, "global_mean": 22.724361948955938, "global_std": 9.515570373540653}, {"type": "numerical", "feature_label": "RM", "cluster_label": "cluster_0", "mean": 7.386942307692308, "std": 0.6207564459864963, "diff": 1.47822013514868, "global_mean": 6.302051044083534, "global_std": 0.7339172548205453}, {"type": "numerical", "feature_label": "PTRATIO", "cluster_label": "cluster_0", "mean": 16.203846153846147, "std": 1.9184308884884245, "diff": -1.0326182348505655, "global_mean": 18.44849187935028, "global_std": 2.173742095333968}]}, {"cluster": "cluster_1", "size": 45, "facts": [{"type": "numerical", "feature_label": "INDUS", "cluster_label": "cluster_1", "mean": 21.219155006858717, "std": 4.117716314384184, "diff": 1.4797261286244088, "global_mean": 11.19228275710616, "global_std": 6.7761676000638}, {"type": "numerical", "feature_label": "NOX", "cluster_label": "cluster_1", "mean": 0.676488888888889, "std": 0.11971189320087365, "diff": 1.042376442814391, "global_mean": 0.5567744779582383, "global_std": 0.11484757906407088}, {"type": "numerical", "feature_label": "DIS", "cluster_label": "cluster_1", "mean": 1.8872799999999996, "std": 0.3413625575942282, "diff": -0.8799489070588913, "global_mean": 3.7171805104408326, "global_std": 2.079553137416836}]}, {"cluster": "cluster_2", "size": 81, "facts": [{"type": "numerical", "feature_label": "RAD", "cluster_label": "cluster_2", "mean": 24.0, "std": 0.0, "diff": 1.6149334258185704, "global_mean": 9.77494199535963, "global_std": 8.808448557209122}, {"type": "numerical", "feature_label": "TAX", "cluster_label": "cluster_2", "mean": 666.0, "std": 0.0, "diff": 1.4848729393217464, "global_mean": 412.41763341067286, "global_std": 170.77714858562737}, {"type": "numerical", "feature_label": "NOX", "cluster_label": "cluster_2", "mean": 0.6732469135802469, "std": 0.06475135729546476, "diff": 1.0141479391309698, "global_mean": 0.5567744779582383, "global_std": 0.11484757906407088}]}, {"cluster": "cluster_3", "size": 36, "facts": [{"type": "numerical", "feature_label": "B", "cluster_label": "cluster_3", "mean": 102.44999999999999, "std": 119.55935654369698, "diff": -2.7705068124375063, "global_mean": 356.2846867749414, "global_std": 91.62030774853658}, {"type": "numerical", "feature_label": "CRIM", "cluster_label": "cluster_3", "mean": 20.42547094364426, "std": 20.518265796284588, "diff": 1.9053070505868313, "global_mean": 3.742854147355657, "global_std": 8.755867875023286}, {"type": "numerical", "feature_label": "RAD", "cluster_label": "cluster_3", "mean": 24.0, "std": 0.0, "diff": 1.6149334258185704, "global_mean": 9.77494199535963, "global_std": 8.808448557209122}]}, {"cluster": "cluster_4", "size": 64, "facts": [{"type": "numerical", "feature_label": "ZN", "cluster_label": "cluster_4", "mean": 59.2578125, "std": 24.91668533006149, "diff": 2.0773165870913592, "global_mean": 10.935034802784223, "global_std": 23.262115171802925}, {"type": "numerical", "feature_label": "DIS", "cluster_label": "cluster_4", "mean": 7.012687500000001, "std": 1.7447948299360097, "diff": 1.5847188178383156, "global_mean": 3.7171805104408326, "global_std": 2.079553137416836}, {"type": "numerical", "feature_label": "AGE", "cluster_label": "cluster_4", "mean": 30.683101851851852, "std": 13.138935273659598, "diff": -1.40393801345896, "global_mean": 69.16676978602732, "global_std": 27.411230100794203}]}, {"cluster": "cluster_5", "size": 153, "facts": [{"type": "numerical", "feature_label": "TAX", "cluster_label": "cluster_5", "mean": 308.01307189542484, "std": 58.074927433638976, "diff": -0.6113497173358633, "global_mean": 412.41763341067286, "global_std": 170.77714858562737}, {"type": "numerical", "feature_label": "RAD", "cluster_label": "cluster_5", "mean": 4.457516339869281, "std": 1.4554205763309682, "diff": -0.6036733507557802, "global_mean": 9.77494199535963, "global_std": 8.808448557209122}, {"type": "numerical", "feature_label": "NOX", "cluster_label": "cluster_5", "mean": 0.49953529411764575, "std": 0.04948473777283075, "diff": -0.4983926026743682, "global_mean": 0.5567744779582383, "global_std": 0.11484757906407088}]}]}