{
    "metrics": {
        "inertia": 2027.8587804830954,
        "silhouette": 0.28066630039864604,
        "nbClusters": 6
    },
    "processed_feature_names": [
        "B",
        "TAX",
        "CRIM",
        "PTRATIO",
        "MEDV",
        "DIS",
        "ZN",
        "INDUS",
        "RAD",
        "LSTAT",
        "NOX",
        "RM",
        "AGE",
        "dummy:CHAS:0",
        "dummy:CHAS:N/A",
        "dummy:CHAS:__Others__"
    ],
    "variables_importance": {
        "variables": [
            "B",
            "TAX",
            "CRIM",
            "PTRATIO",
            "MEDV",
            "DIS",
            "ZN",
            "INDUS",
            "RAD",
            "LSTAT",
            "NOX",
            "RM",
            "AGE",
            "dummy:CHAS:0",
            "dummy:CHAS:__Others__"
        ],
        "importances": [
            0.08959220528851691,
            0.07343033423525502,
            0.09191264432880905,
            0.038714452259808366,
            0.09663644941112816,
            0.058806188520876566,
            0.0965766296565638,
            0.10860989876049067,
            0.06990757255022151,
            0.042625254179748905,
            0.10372088707034215,
            0.09094406781634819,
            0.03594373740568845,
            0.0015380207379412287,
            0.001041657778261153
        ]
    },
    "reduce_vars": [],
    "train_nb_records": 431,
    "train_nb_features": 16,
    "train_nb_outliers": 0,
    "cluster_description": [
        {
            "variable": "dummy:CHAS:0",
            "var": 0.0,
            "values": [
                {
                    "cluster": "cluster_0",
                    "value": 0.8653846153846154
                },
                {
                    "cluster": "cluster_1",
                    "value": 0.9111111111111111
                },
                {
                    "cluster": "cluster_2",
                    "value": 0.9012345679012346
                },
                {
                    "cluster": "cluster_3",
                    "value": 1.0
                },
                {
                    "cluster": "cluster_4",
                    "value": 0.953125
                },
                {
                    "cluster": "cluster_5",
                    "value": 0.934640522875817
                }
            ]
        },
        {
            "variable": "dummy:CHAS:N/A",
            "var": 0.0,
            "values": [
                {
                    "cluster": "cluster_0",
                    "value": 0.0
                },
                {
                    "cluster": "cluster_1",
                    "value": 0.0
                },
                {
                    "cluster": "cluster_2",
                    "value": 0.0
                },
                {
                    "cluster": "cluster_3",
                    "value": 0.0
                },
                {
                    "cluster": "cluster_4",
                    "value": 0.0
                },
                {
                    "cluster": "cluster_5",
                    "value": 0.0
                }
            ]
        },
        {
            "variable": "dummy:CHAS:__Others__",
            "var": 0.0,
            "values": [
                {
                    "cluster": "cluster_0",
                    "value": 0.1346153846153846
                },
                {
                    "cluster": "cluster_1",
                    "value": 0.08888888888888889
                },
                {
                    "cluster": "cluster_2",
                    "value": 0.09876543209876543
                },
                {
                    "cluster": "cluster_3",
                    "value": 0.0
                },
                {
                    "cluster": "cluster_4",
                    "value": 0.046875
                },
                {
                    "cluster": "cluster_5",
                    "value": 0.06535947712418301
                }
            ]
        },
        {
            "variable": "B",
            "var": 12788.15,
            "values": [
                {
                    "cluster": "cluster_0",
                    "value": 388.2688461538462
                },
                {
                    "cluster": "cluster_1",
                    "value": 350.39488888888883
                },
                {
                    "cluster": "cluster_2",
                    "value": 372.9304938271605
                },
                {
                    "cluster": "cluster_3",
                    "value": 102.44999999999999
                },
                {
                    "cluster": "cluster_4",
                    "value": 390.0934375000002
                },
                {
                    "cluster": "cluster_5",
                    "value": 383.9176470588236
                }
            ]
        },
        {
            "variable": "TAX",
            "var": 32808.32,
            "values": [
                {
                    "cluster": "cluster_0",
                    "value": 275.8076923076923
                },
                {
                    "cluster": "cluster_1",
                    "value": 410.02222222222224
                },
                {
                    "cluster": "cluster_2",
                    "value": 666.0
                },
                {
                    "cluster": "cluster_3",
                    "value": 666.0
                },
                {
                    "cluster": "cluster_4",
                    "value": 311.109375
                },
                {
                    "cluster": "cluster_5",
                    "value": 308.01307189542484
                }
            ]
        },
        {
            "variable": "CRIM",
            "var": 65.95,
            "values": [
                {
                    "cluster": "cluster_0",
                    "value": 0.5892363829534664
                },
                {
                    "cluster": "cluster_1",
                    "value": 1.2001619999999997
                },
                {
                    "cluster": "cluster_2",
                    "value": 8.877729874765025
                },
                {
                    "cluster": "cluster_3",
                    "value": 20.42547094364426
                },
                {
                    "cluster": "cluster_4",
                    "value": 0.34213390399948557
                },
                {
                    "cluster": "cluster_5",
                    "value": 0.34126086218026297
                }
            ]
        },
        {
            "variable": "PTRATIO",
            "var": 2.89,
            "values": [
                {
                    "cluster": "cluster_0",
                    "value": 16.203846153846147
                },
                {
                    "cluster": "cluster_1",
                    "value": 17.755555555555564
                },
                {
                    "cluster": "cluster_2",
                    "value": 20.200000000000028
                },
                {
                    "cluster": "cluster_3",
                    "value": 20.200000000000006
                },
                {
                    "cluster": "cluster_4",
                    "value": 16.776562500000004
                },
                {
                    "cluster": "cluster_5",
                    "value": 18.77516339869279
                }
            ]
        },
        {
            "variable": "MEDV",
            "var": 85.46,
            "values": [
                {
                    "cluster": "cluster_0",
                    "value": 37.426923076923075
                },
                {
                    "cluster": "cluster_1",
                    "value": 17.831111111111113
                },
                {
                    "cluster": "cluster_2",
                    "value": 18.63086419753086
                },
                {
                    "cluster": "cluster_3",
                    "value": 11.894444444444444
                },
                {
                    "cluster": "cluster_4",
                    "value": 29.789062499999996
                },
                {
                    "cluster": "cluster_5",
                    "value": 20.92679738562091
                }
            ]
        },
        {
            "variable": "DIS",
            "var": 4.0,
            "values": [
                {
                    "cluster": "cluster_0",
                    "value": 3.196394230769231
                },
                {
                    "cluster": "cluster_1",
                    "value": 1.8872799999999996
                },
                {
                    "cluster": "cluster_2",
                    "value": 2.108888888888888
                },
                {
                    "cluster": "cluster_3",
                    "value": 1.944966666666667
                },
                {
                    "cluster": "cluster_4",
                    "value": 7.012687500000001
                },
                {
                    "cluster": "cluster_5",
                    "value": 4.322313071895425
                }
            ]
        },
        {
            "variable": "ZN",
            "var": 551.9,
            "values": [
                {
                    "cluster": "cluster_0",
                    "value": 7.0
                },
                {
                    "cluster": "cluster_1",
                    "value": 0.0
                },
                {
                    "cluster": "cluster_2",
                    "value": 0.0
                },
                {
                    "cluster": "cluster_3",
                    "value": 0.0
                },
                {
                    "cluster": "cluster_4",
                    "value": 59.2578125
                },
                {
                    "cluster": "cluster_5",
                    "value": 3.6372549019607843
                }
            ]
        },
        {
            "variable": "INDUS",
            "var": 54.93,
            "values": [
                {
                    "cluster": "cluster_0",
                    "value": 5.714807692307687
                },
                {
                    "cluster": "cluster_1",
                    "value": 21.219155006858717
                },
                {
                    "cluster": "cluster_2",
                    "value": 17.75353045775541
                },
                {
                    "cluster": "cluster_3",
                    "value": 17.905110882487435
                },
                {
                    "cluster": "cluster_4",
                    "value": 3.7185622427983542
                },
                {
                    "cluster": "cluster_5",
                    "value": 8.177999677237162
                }
            ]
        },
        {
            "variable": "RAD",
            "var": 101.64,
            "values": [
                {
                    "cluster": "cluster_0",
                    "value": 5.230769230769231
                },
                {
                    "cluster": "cluster_1",
                    "value": 4.155555555555556
                },
                {
                    "cluster": "cluster_2",
                    "value": 24.0
                },
                {
                    "cluster": "cluster_3",
                    "value": 24.0
                },
                {
                    "cluster": "cluster_4",
                    "value": 4.125
                },
                {
                    "cluster": "cluster_5",
                    "value": 4.457516339869281
                }
            ]
        },
        {
            "variable": "LSTAT",
            "var": 43.6,
            "values": [
                {
                    "cluster": "cluster_0",
                    "value": 6.253478157644825
                },
                {
                    "cluster": "cluster_1",
                    "value": 18.017777777777773
                },
                {
                    "cluster": "cluster_2",
                    "value": 16.906744398719706
                },
                {
                    "cluster": "cluster_3",
                    "value": 22.225833333333338
                },
                {
                    "cluster": "cluster_4",
                    "value": 6.043451003086423
                },
                {
                    "cluster": "cluster_5",
                    "value": 12.164009521504074
                }
            ]
        },
        {
            "variable": "NOX",
            "var": 0.01,
            "values": [
                {
                    "cluster": "cluster_0",
                    "value": 0.5241076923076922
                },
                {
                    "cluster": "cluster_1",
                    "value": 0.676488888888889
                },
                {
                    "cluster": "cluster_2",
                    "value": 0.6732469135802469
                },
                {
                    "cluster": "cluster_3",
                    "value": 0.6758888888888888
                },
                {
                    "cluster": "cluster_4",
                    "value": 0.4215671874999999
                },
                {
                    "cluster": "cluster_5",
                    "value": 0.49953529411764575
                }
            ]
        },
        {
            "variable": "RM",
            "var": 0.37,
            "values": [
                {
                    "cluster": "cluster_0",
                    "value": 7.386942307692308
                },
                {
                    "cluster": "cluster_1",
                    "value": 5.836733333333331
                },
                {
                    "cluster": "cluster_2",
                    "value": 6.064469135802465
                },
                {
                    "cluster": "cluster_3",
                    "value": 5.97861111111111
                },
                {
                    "cluster": "cluster_4",
                    "value": 6.789906250000002
                },
                {
                    "cluster": "cluster_5",
                    "value": 6.068
                }
            ]
        },
        {
            "variable": "AGE",
            "var": 578.2,
            "values": [
                {
                    "cluster": "cluster_0",
                    "value": 70.28760683760684
                },
                {
                    "cluster": "cluster_1",
                    "value": 93.07234567901234
                },
                {
                    "cluster": "cluster_2",
                    "value": 89.42761774119795
                },
                {
                    "cluster": "cluster_3",
                    "value": 90.3977366255144
                },
                {
                    "cluster": "cluster_4",
                    "value": 30.683101851851852
                },
                {
                    "cluster": "cluster_5",
                    "value": 62.130670539820876
                }
            ]
        },
        {
            "variable": "cluster_size",
            "var": 1826.17,
            "values": [
                {
                    "cluster": "cluster_5",
                    "value": 153
                },
                {
                    "cluster": "cluster_2",
                    "value": 81
                },
                {
                    "cluster": "cluster_4",
                    "value": 64
                },
                {
                    "cluster": "cluster_0",
                    "value": 52
                },
                {
                    "cluster": "cluster_1",
                    "value": 45
                },
                {
                    "cluster": "cluster_3",
                    "value": 36
                }
            ]
        }
    ],
    "summary": {
        "clusters": []
    }
}