{"global": {"size": 431, "facts": [{"type": "numerical", "feature_label": "ZN", "cluster_label": "cluster_3", "mean": 58.60769230769231, "std": 25.261521552627148, "diff": 2.0493689912899367, "global_mean": 10.935034802784223, "global_std": 23.262115171802925}, {"type": "numerical", "feature_label": "RAD", "cluster_label": "cluster_2", "mean": 24.0, "std": 0.0, "diff": 1.6149334258185704, "global_mean": 9.77494199535963, "global_std": 8.808448557209122}, {"type": "numerical", "feature_label": "DIS", "cluster_label": "cluster_3", "mean": 7.022303076923078, "std": 1.7369697021653503, "diff": 1.5893426847403274, "global_mean": 3.7171805104408326, "global_std": 2.079553137416836}, {"type": "numerical", "feature_label": "INDUS", "cluster_label": "cluster_1", "mean": 21.451233692321175, "std": 3.6050196940117503, "diff": 1.5139753826511646, "global_mean": 11.19228275710616, "global_std": 6.7761676000638}, {"type": "numerical", "feature_label": "TAX", "cluster_label": "cluster_2", "mean": 666.0, "std": 0.0, "diff": 1.4848729393217464, "global_mean": 412.41763341067286, "global_std": 170.77714858562737}, {"type": "numerical", "feature_label": "AGE", "cluster_label": "cluster_3", "mean": 31.215669515669514, "std": 13.434008770144898, "diff": -1.3845092004557, "global_mean": 69.16676978602732, "global_std": 27.411230100794203}, {"type": "numerical", "feature_label": "NOX", "cluster_label": "cluster_3", "mean": 0.42197230769230765, "std": 0.020178186765758853, "diff": -1.1737484704899837, "global_mean": 0.5567744779582383, "global_std": 0.11484757906407088}, {"type": "numerical", "feature_label": "INDUS", "cluster_label": "cluster_3", "mean": 3.727968977524533, "std": 2.150565048440542, "diff": -1.1015538900648425, "global_mean": 11.19228275710616, "global_std": 6.7761676000638}, {"type": "numerical", "feature_label": "NOX", "cluster_label": "cluster_1", "mean": 0.6751276595744683, "std": 0.11663760617758799, "diff": 1.030523956889012, "global_mean": 0.5567744779582383, "global_std": 0.11484757906407088}, {"type": "numerical", "feature_label": "NOX", "cluster_label": "cluster_2", "mean": 0.6740598290598295, "std": 0.060751655376664535, "diff": 1.0212261508460736, "global_mean": 0.5567744779582383, "global_std": 0.11484757906407088}]}, "clusters": [{"cluster": "cluster_0", "size": 202, "facts": [{"type": "numerical", "feature_label": "TAX", "cluster_label": "cluster_0", "mean": 297.3019801980198, "std": 57.45630306788337, "diff": -0.6740694183386852, "global_mean": 412.41763341067286, "global_std": 170.77714858562737}, {"type": "numerical", "feature_label": "RAD", "cluster_label": "cluster_0", "mean": 4.618811881188119, "std": 1.6981823980281283, "diff": -0.5853618921292973, "global_mean": 9.77494199535963, "global_std": 8.808448557209122}, {"type": "numerical", "feature_label": "INDUS", "cluster_label": "cluster_0", "mean": 7.379841298944728, "std": 3.1558399471003207, "diff": -0.5626250239332239, "global_mean": 11.19228275710616, "global_std": 6.7761676000638}]}, {"cluster": "cluster_1", "size": 47, "facts": [{"type": "numerical", "feature_label": "INDUS", "cluster_label": "cluster_1", "mean": 21.451233692321175, "std": 3.6050196940117503, "diff": 1.5139753826511646, "global_mean": 11.19228275710616, "global_std": 6.7761676000638}, {"type": "numerical", "feature_label": "NOX", "cluster_label": "cluster_1", "mean": 0.6751276595744683, "std": 0.11663760617758799, "diff": 1.030523956889012, "global_mean": 0.5567744779582383, "global_std": 0.11484757906407088}, {"type": "numerical", "feature_label": "DIS", "cluster_label": "cluster_1", "mean": 1.8770170212765955, "std": 0.30357510589863773, "diff": -0.8848840917092592, "global_mean": 3.7171805104408326, "global_std": 2.079553137416836}]}, {"cluster": "cluster_2", "size": 117, "facts": [{"type": "numerical", "feature_label": "RAD", "cluster_label": "cluster_2", "mean": 24.0, "std": 0.0, "diff": 1.6149334258185704, "global_mean": 9.77494199535963, "global_std": 8.808448557209122}, {"type": "numerical", "feature_label": "TAX", "cluster_label": "cluster_2", "mean": 666.0, "std": 0.0, "diff": 1.4848729393217464, "global_mean": 412.41763341067286, "global_std": 170.77714858562737}, {"type": "numerical", "feature_label": "NOX", "cluster_label": "cluster_2", "mean": 0.6740598290598295, "std": 0.060751655376664535, "diff": 1.0212261508460736, "global_mean": 0.5567744779582383, "global_std": 0.11484757906407088}]}, {"cluster": "cluster_3", "size": 65, "facts": [{"type": "numerical", "feature_label": "ZN", "cluster_label": "cluster_3", "mean": 58.60769230769231, "std": 25.261521552627148, "diff": 2.0493689912899367, "global_mean": 10.935034802784223, "global_std": 23.262115171802925}, {"type": "numerical", "feature_label": "DIS", "cluster_label": "cluster_3", "mean": 7.022303076923078, "std": 1.7369697021653503, "diff": 1.5893426847403274, "global_mean": 3.7171805104408326, "global_std": 2.079553137416836}, {"type": "numerical", "feature_label": "AGE", "cluster_label": "cluster_3", "mean": 31.215669515669514, "std": 13.434008770144898, "diff": -1.3845092004557, "global_mean": 69.16676978602732, "global_std": 27.411230100794203}]}]}