[
    {
        "variable": "TAX",
        "per_cluster": [
            {
                "min": 188.0,
                "max": 432.0,
                "median": 296.0,
                "percentile25": 270.0,
                "percentile75": 307.0,
                "percentile9": 223.09,
                "percentile91": 391.0,
                "std": 57.3139080458204,
                "distribution": [
                    9,
                    0,
                    0,
                    3,
                    14,
                    5,
                    8,
                    0,
                    11,
                    10,
                    26,
                    13,
                    9,
                    49,
                    4,
                    0,
                    5,
                    0,
                    4,
                    0,
                    0,
                    0,
                    9,
                    8,
                    4,
                    0,
                    1,
                    2,
                    8,
                    0,
                    0,
                    0,
                    0,
                    0,
                    0,
                    0,
                    0,
                    0,
                    0,
                    0,
                    0,
                    0,
                    0,
                    0,
                    0,
                    0,
                    0,
                    0,
                    0,
                    0,
                    0,
                    0,
                    0,
                    0,
                    0,
                    0,
                    0,
                    0,
                    0,
                    0
                ],
                "max_ratio": 0.24257425742574257,
                "total_no_nan": 202,
                "total": 202,
                "cluster_name": "cluster_0"
            },
            {
                "min": 188.0,
                "max": 711.0,
                "median": 403.0,
                "percentile25": 403.0,
                "percentile75": 437.0,
                "percentile9": 188.0,
                "percentile91": 672.6400000000004,
                "std": 126.85475024442115,
                "distribution": [
                    6,
                    0,
                    0,
                    0,
                    0,
                    0,
                    0,
                    0,
                    0,
                    0,
                    0,
                    0,
                    0,
                    0,
                    0,
                    0,
                    0,
                    0,
                    0,
                    0,
                    0,
                    0,
                    0,
                    0,
                    24,
                    0,
                    0,
                    0,
                    12,
                    0,
                    0,
                    0,
                    0,
                    0,
                    0,
                    0,
                    0,
                    0,
                    0,
                    0,
                    0,
                    0,
                    0,
                    0,
                    0,
                    0,
                    0,
                    0,
                    0,
                    0,
                    0,
                    0,
                    0,
                    0,
                    0,
                    0,
                    0,
                    0,
                    0,
                    5
                ],
                "max_ratio": 0.5106382978723404,
                "total_no_nan": 47,
                "total": 47,
                "cluster_name": "cluster_1"
            },
            {
                "min": 666.0,
                "max": 666.0,
                "median": 666.0,
                "percentile25": 666.0,
                "percentile75": 666.0,
                "percentile9": 666.0,
                "percentile91": 666.0,
                "std": 0.0,
                "distribution": [
                    0,
                    0,
                    0,
                    0,
                    0,
                    0,
                    0,
                    0,
                    0,
                    0,
                    0,
                    0,
                    0,
                    0,
                    0,
                    0,
                    0,
                    0,
                    0,
                    0,
                    0,
                    0,
                    0,
                    0,
                    0,
                    0,
                    0,
                    0,
                    0,
                    0,
                    0,
                    0,
                    0,
                    0,
                    0,
                    0,
                    0,
                    0,
                    0,
                    0,
                    0,
                    0,
                    0,
                    0,
                    0,
                    0,
                    0,
                    0,
                    0,
                    0,
                    0,
                    0,
                    0,
                    0,
                    117,
                    0,
                    0,
                    0,
                    0,
                    0
                ],
                "max_ratio": 1.0,
                "total_no_nan": 117,
                "total": 117,
                "cluster_name": "cluster_2"
            },
            {
                "min": 187.0,
                "max": 469.0,
                "median": 315.0,
                "percentile25": 254.0,
                "percentile75": 348.0,
                "percentile9": 225.52,
                "percentile91": 398.0,
                "std": 61.15875935754294,
                "distribution": [
                    1,
                    1,
                    0,
                    2,
                    3,
                    0,
                    4,
                    8,
                    2,
                    0,
                    0,
                    4,
                    5,
                    0,
                    3,
                    0,
                    12,
                    2,
                    3,
                    3,
                    2,
                    0,
                    0,
                    0,
                    7,
                    2,
                    0,
                    0,
                    0,
                    0,
                    0,
                    0,
                    1,
                    0,
                    0,
                    0,
                    0,
                    0,
                    0,
                    0,
                    0,
                    0,
                    0,
                    0,
                    0,
                    0,
                    0,
                    0,
                    0,
                    0,
                    0,
                    0,
                    0,
                    0,
                    0,
                    0,
                    0,
                    0,
                    0,
                    0
                ],
                "max_ratio": 0.18461538461538463,
                "total_no_nan": 65,
                "total": 65,
                "cluster_name": "cluster_3"
            }
        ],
        "type": "numerical",
        "scale": {
            "min": 187.0,
            "max": 711.0,
            "max_ratio": 1.0
        },
        "global": {
            "min": 187.0,
            "max": 711.0,
            "median": 335.0,
            "percentile25": 279.0,
            "percentile75": 666.0,
            "percentile9": 230.9,
            "percentile91": 666.0,
            "std": 170.57891619312062,
            "distribution": [
                16,
                1,
                0,
                5,
                17,
                5,
                12,
                8,
                13,
                10,
                26,
                17,
                14,
                49,
                7,
                0,
                17,
                2,
                7,
                3,
                2,
                0,
                9,
                8,
                35,
                2,
                1,
                2,
                20,
                0,
                0,
                0,
                1,
                0,
                0,
                0,
                0,
                0,
                0,
                0,
                0,
                0,
                0,
                0,
                0,
                0,
                0,
                0,
                0,
                0,
                0,
                0,
                0,
                0,
                117,
                0,
                0,
                0,
                0,
                5
            ],
            "max_ratio": 0.271461716937355,
            "total_no_nan": 431,
            "total": 431
        }
    },
    {
        "variable": "CRIM",
        "per_cluster": [
            {
                "min": 0.00632,
                "max": 3.6118739711934156,
                "median": 0.15068,
                "percentile25": 0.07015249999999999,
                "percentile75": 0.3664225,
                "percentile9": 0.042111899999999994,
                "percentile91": 0.8232305000000001,
                "std": 0.6585532013560528,
                "distribution": [
                    194,
                    2,
                    6,
                    0,
                    0,
                    0,
                    0,
                    0,
                    0,
                    0,
                    0,
                    0,
                    0,
                    0,
                    0,
                    0,
                    0,
                    0,
                    0,
                    0,
                    0,
                    0,
                    0,
                    0,
                    0,
                    0,
                    0,
                    0,
                    0,
                    0,
                    0,
                    0,
                    0,
                    0,
                    0,
                    0,
                    0,
                    0,
                    0,
                    0,
                    0,
                    0,
                    0,
                    0,
                    0,
                    0,
                    0,
                    0,
                    0,
                    0,
                    0,
                    0,
                    0,
                    0,
                    0,
                    0,
                    0,
                    0,
                    0,
                    0
                ],
                "max_ratio": 0.9603960396039604,
                "total_no_nan": 202,
                "total": 202,
                "cluster_name": "cluster_0"
            },
            {
                "min": 0.06899,
                "max": 4.0974,
                "median": 1.27346,
                "percentile25": 0.275025,
                "percentile75": 2.1987050000000004,
                "percentile9": 0.1065212,
                "percentile91": 2.4491310000000004,
                "std": 1.029716934422464,
                "distribution": [
                    27,
                    18,
                    2,
                    0,
                    0,
                    0,
                    0,
                    0,
                    0,
                    0,
                    0,
                    0,
                    0,
                    0,
                    0,
                    0,
                    0,
                    0,
                    0,
                    0,
                    0,
                    0,
                    0,
                    0,
                    0,
                    0,
                    0,
                    0,
                    0,
                    0,
                    0,
                    0,
                    0,
                    0,
                    0,
                    0,
                    0,
                    0,
                    0,
                    0,
                    0,
                    0,
                    0,
                    0,
                    0,
                    0,
                    0,
                    0,
                    0,
                    0,
                    0,
                    0,
                    0,
                    0,
                    0,
                    0,
                    0,
                    0,
                    0,
                    0
                ],
                "max_ratio": 0.574468085106383,
                "total_no_nan": 47,
                "total": 47,
                "cluster_name": "cluster_1"
            },
            {
                "min": 2.81838,
                "max": 88.9762,
                "median": 8.26725,
                "percentile25": 5.09017,
                "percentile75": 14.2362,
                "percentile9": 3.6847716,
                "percentile91": 24.065736,
                "std": 13.27382003081155,
                "distribution": [
                    0,
                    1,
                    20,
                    19,
                    10,
                    11,
                    13,
                    7,
                    2,
                    7,
                    6,
                    0,
                    4,
                    3,
                    1,
                    2,
                    2,
                    1,
                    0,
                    1,
                    0,
                    0,
                    0,
                    0,
                    0,
                    2,
                    0,
                    0,
                    1,
                    0,
                    1,
                    0,
                    0,
                    0,
                    0,
                    0,
                    0,
                    0,
                    0,
                    0,
                    0,
                    0,
                    0,
                    0,
                    0,
                    1,
                    0,
                    0,
                    0,
                    1,
                    0,
                    0,
                    0,
                    0,
                    0,
                    0,
                    0,
                    0,
                    0,
                    1
                ],
                "max_ratio": 0.17094017094017094,
                "total_no_nan": 117,
                "total": 117,
                "cluster_name": "cluster_2"
            },
            {
                "min": 0.00906,
                "max": 3.6118739711934156,
                "median": 0.04417,
                "percentile25": 0.02187,
                "percentile75": 0.09604,
                "percentile9": 0.0143732,
                "percentile91": 0.3468164,
                "std": 0.9470186309479737,
                "distribution": [
                    60,
                    0,
                    5,
                    0,
                    0,
                    0,
                    0,
                    0,
                    0,
                    0,
                    0,
                    0,
                    0,
                    0,
                    0,
                    0,
                    0,
                    0,
                    0,
                    0,
                    0,
                    0,
                    0,
                    0,
                    0,
                    0,
                    0,
                    0,
                    0,
                    0,
                    0,
                    0,
                    0,
                    0,
                    0,
                    0,
                    0,
                    0,
                    0,
                    0,
                    0,
                    0,
                    0,
                    0,
                    0,
                    0,
                    0,
                    0,
                    0,
                    0,
                    0,
                    0,
                    0,
                    0,
                    0,
                    0,
                    0,
                    0,
                    0,
                    0
                ],
                "max_ratio": 0.9230769230769231,
                "total_no_nan": 65,
                "total": 65,
                "cluster_name": "cluster_3"
            }
        ],
        "type": "numerical",
        "scale": {
            "min": 0.00632,
            "max": 88.9762,
            "max_ratio": 0.9603960396039604
        },
        "global": {
            "min": 0.00632,
            "max": 88.9762,
            "median": 0.31533,
            "percentile25": 0.08577000000000001,
            "percentile75": 3.675945,
            "percentile9": 0.035822,
            "percentile91": 11.12379,
            "std": 8.745704356943072,
            "distribution": [
                281,
                21,
                33,
                19,
                10,
                11,
                13,
                7,
                2,
                7,
                6,
                0,
                4,
                3,
                1,
                2,
                2,
                1,
                0,
                1,
                0,
                0,
                0,
                0,
                0,
                2,
                0,
                0,
                1,
                0,
                1,
                0,
                0,
                0,
                0,
                0,
                0,
                0,
                0,
                0,
                0,
                0,
                0,
                0,
                0,
                1,
                0,
                0,
                0,
                1,
                0,
                0,
                0,
                0,
                0,
                0,
                0,
                0,
                0,
                1
            ],
            "max_ratio": 0.6519721577726219,
            "total_no_nan": 431,
            "total": 431
        }
    },
    {
        "variable": "PTRATIO",
        "per_cluster": [
            {
                "min": 13.0,
                "max": 21.0,
                "median": 18.4,
                "percentile25": 17.4,
                "percentile75": 19.2,
                "percentile9": 15.354,
                "percentile91": 21.0,
                "std": 1.9473118846553543,
                "distribution": [
                    0,
                    0,
                    11,
                    0,
                    0,
                    0,
                    0,
                    0,
                    0,
                    0,
                    0,
                    0,
                    0,
                    0,
                    3,
                    0,
                    4,
                    1,
                    0,
                    0,
                    0,
                    4,
                    2,
                    0,
                    4,
                    8,
                    2,
                    3,
                    0,
                    0,
                    17,
                    0,
                    0,
                    26,
                    5,
                    3,
                    0,
                    17,
                    20,
                    1,
                    7,
                    3,
                    13,
                    0,
                    6,
                    5,
                    0,
                    0,
                    7,
                    0,
                    0,
                    0,
                    9,
                    21,
                    0,
                    0,
                    0,
                    0,
                    0,
                    0
                ],
                "max_ratio": 0.12871287128712872,
                "total_no_nan": 202,
                "total": 202,
                "cluster_name": "cluster_0"
            },
            {
                "min": 14.7,
                "max": 21.2,
                "median": 14.7,
                "percentile25": 14.7,
                "percentile75": 20.650000000000006,
                "percentile9": 14.7,
                "percentile91": 21.2,
                "std": 2.923125509334619,
                "distribution": [
                    0,
                    0,
                    0,
                    0,
                    0,
                    0,
                    0,
                    0,
                    0,
                    0,
                    0,
                    0,
                    0,
                    24,
                    0,
                    0,
                    0,
                    0,
                    0,
                    0,
                    0,
                    0,
                    0,
                    0,
                    0,
                    0,
                    0,
                    0,
                    0,
                    0,
                    0,
                    0,
                    0,
                    0,
                    0,
                    0,
                    0,
                    0,
                    0,
                    0,
                    0,
                    6,
                    0,
                    0,
                    0,
                    0,
                    0,
                    5,
                    0,
                    0,
                    0,
                    0,
                    0,
                    0,
                    12,
                    0,
                    0,
                    0,
                    0,
                    0
                ],
                "max_ratio": 0.5106382978723404,
                "total_no_nan": 47,
                "total": 47,
                "cluster_name": "cluster_1"
            },
            {
                "min": 20.2,
                "max": 20.2,
                "median": 20.2,
                "percentile25": 20.2,
                "percentile75": 20.2,
                "percentile9": 20.2,
                "percentile91": 20.2,
                "std": 1.0658141036401503e-14,
                "distribution": [
                    0,
                    0,
                    0,
                    0,
                    0,
                    0,
                    0,
                    0,
                    0,
                    0,
                    0,
                    0,
                    0,
                    0,
                    0,
                    0,
                    0,
                    0,
                    0,
                    0,
                    0,
                    0,
                    0,
                    0,
                    0,
                    0,
                    0,
                    0,
                    0,
                    0,
                    0,
                    0,
                    0,
                    0,
                    0,
                    0,
                    0,
                    0,
                    0,
                    0,
                    0,
                    0,
                    0,
                    0,
                    0,
                    0,
                    0,
                    0,
                    117,
                    0,
                    0,
                    0,
                    0,
                    0,
                    0,
                    0,
                    0,
                    0,
                    0,
                    0
                ],
                "max_ratio": 1.0,
                "total_no_nan": 117,
                "total": 117,
                "cluster_name": "cluster_2"
            },
            {
                "min": 12.6,
                "max": 22.0,
                "median": 16.6,
                "percentile25": 15.2,
                "percentile75": 18.3,
                "percentile9": 14.7,
                "percentile91": 19.2,
                "std": 2.0104437380013,
                "distribution": [
                    3,
                    0,
                    0,
                    0,
                    0,
                    0,
                    1,
                    0,
                    0,
                    0,
                    0,
                    1,
                    0,
                    4,
                    4,
                    1,
                    6,
                    1,
                    1,
                    2,
                    0,
                    1,
                    3,
                    0,
                    2,
                    5,
                    1,
                    0,
                    2,
                    0,
                    1,
                    6,
                    0,
                    2,
                    0,
                    0,
                    4,
                    0,
                    1,
                    0,
                    0,
                    6,
                    2,
                    0,
                    0,
                    3,
                    0,
                    0,
                    0,
                    0,
                    0,
                    0,
                    0,
                    0,
                    1,
                    0,
                    0,
                    0,
                    0,
                    1
                ],
                "max_ratio": 0.09230769230769231,
                "total_no_nan": 65,
                "total": 65,
                "cluster_name": "cluster_3"
            }
        ],
        "type": "numerical",
        "scale": {
            "min": 12.6,
            "max": 22.0,
            "max_ratio": 1.0
        },
        "global": {
            "min": 12.6,
            "max": 22.0,
            "median": 19.1,
            "percentile25": 17.4,
            "percentile75": 20.2,
            "percentile9": 14.7,
            "percentile91": 20.9,
            "std": 2.171218888336905,
            "distribution": [
                3,
                0,
                11,
                0,
                0,
                0,
                1,
                0,
                0,
                0,
                0,
                1,
                0,
                28,
                7,
                1,
                10,
                2,
                1,
                2,
                0,
                5,
                5,
                0,
                6,
                13,
                3,
                3,
                2,
                0,
                18,
                6,
                0,
                28,
                5,
                3,
                4,
                17,
                21,
                1,
                7,
                15,
                15,
                0,
                6,
                8,
                0,
                5,
                124,
                0,
                0,
                0,
                9,
                21,
                13,
                0,
                0,
                0,
                0,
                1
            ],
            "max_ratio": 0.2877030162412993,
            "total_no_nan": 431,
            "total": 431
        }
    },
    {
        "variable": "DIS",
        "per_cluster": [
            {
                "min": 1.801,
                "max": 8.7921,
                "median": 3.7971999999999997,
                "percentile25": 2.876325,
                "percentile75": 4.8122,
                "percentile9": 2.400728,
                "percentile91": 6.25997,
                "std": 1.4200652298420735,
                "distribution": [
                    0,
                    0,
                    0,
                    1,
                    4,
                    6,
                    9,
                    10,
                    13,
                    13,
                    6,
                    10,
                    13,
                    12,
                    8,
                    13,
                    9,
                    7,
                    9,
                    7,
                    4,
                    1,
                    6,
                    11,
                    2,
                    4,
                    3,
                    2,
                    2,
                    6,
                    1,
                    4,
                    0,
                    2,
                    0,
                    0,
                    0,
                    3,
                    0,
                    0,
                    0,
                    1,
                    0,
                    0,
                    0,
                    0,
                    0,
                    0,
                    0,
                    0,
                    0,
                    0,
                    0,
                    0,
                    0,
                    0,
                    0,
                    0,
                    0,
                    0
                ],
                "max_ratio": 0.06435643564356436,
                "total_no_nan": 202,
                "total": 202,
                "cluster_name": "cluster_0"
            },
            {
                "min": 1.3216,
                "max": 2.4259,
                "median": 1.8226,
                "percentile25": 1.6686500000000002,
                "percentile75": 2.10495,
                "percentile9": 1.442396,
                "percentile91": 2.2816639999999997,
                "std": 0.30032821996987924,
                "distribution": [
                    0,
                    6,
                    7,
                    12,
                    8,
                    6,
                    6,
                    2,
                    0,
                    0,
                    0,
                    0,
                    0,
                    0,
                    0,
                    0,
                    0,
                    0,
                    0,
                    0,
                    0,
                    0,
                    0,
                    0,
                    0,
                    0,
                    0,
                    0,
                    0,
                    0,
                    0,
                    0,
                    0,
                    0,
                    0,
                    0,
                    0,
                    0,
                    0,
                    0,
                    0,
                    0,
                    0,
                    0,
                    0,
                    0,
                    0,
                    0,
                    0,
                    0,
                    0,
                    0,
                    0,
                    0,
                    0,
                    0,
                    0,
                    0,
                    0,
                    0
                ],
                "max_ratio": 0.2553191489361702,
                "total_no_nan": 47,
                "total": 47,
                "cluster_name": "cluster_1"
            },
            {
                "min": 1.1296,
                "max": 4.0983,
                "median": 1.9356,
                "percentile25": 1.5895,
                "percentile75": 2.4358,
                "percentile9": 1.3703640000000001,
                "percentile91": 2.8855000000000004,
                "std": 0.6017988526738423,
                "distribution": [
                    6,
                    14,
                    17,
                    14,
                    13,
                    15,
                    7,
                    11,
                    4,
                    7,
                    3,
                    1,
                    2,
                    1,
                    0,
                    1,
                    1,
                    0,
                    0,
                    0,
                    0,
                    0,
                    0,
                    0,
                    0,
                    0,
                    0,
                    0,
                    0,
                    0,
                    0,
                    0,
                    0,
                    0,
                    0,
                    0,
                    0,
                    0,
                    0,
                    0,
                    0,
                    0,
                    0,
                    0,
                    0,
                    0,
                    0,
                    0,
                    0,
                    0,
                    0,
                    0,
                    0,
                    0,
                    0,
                    0,
                    0,
                    0,
                    0,
                    0
                ],
                "max_ratio": 0.1452991452991453,
                "total_no_nan": 117,
                "total": 117,
                "cluster_name": "cluster_2"
            },
            {
                "min": 3.7886,
                "max": 12.1265,
                "median": 7.0355,
                "percentile25": 5.7321,
                "percentile75": 7.8278,
                "percentile9": 4.8446560000000005,
                "percentile91": 9.2203,
                "std": 1.723556607980605,
                "distribution": [
                    0,
                    0,
                    0,
                    0,
                    0,
                    0,
                    0,
                    0,
                    0,
                    0,
                    0,
                    0,
                    0,
                    0,
                    1,
                    0,
                    1,
                    1,
                    2,
                    1,
                    1,
                    4,
                    1,
                    3,
                    1,
                    2,
                    0,
                    3,
                    4,
                    6,
                    0,
                    1,
                    2,
                    7,
                    1,
                    1,
                    6,
                    2,
                    0,
                    1,
                    1,
                    2,
                    2,
                    1,
                    3,
                    0,
                    0,
                    0,
                    0,
                    0,
                    0,
                    1,
                    2,
                    0,
                    0,
                    0,
                    0,
                    0,
                    0,
                    1
                ],
                "max_ratio": 0.1076923076923077,
                "total_no_nan": 65,
                "total": 65,
                "cluster_name": "cluster_3"
            }
        ],
        "type": "numerical",
        "scale": {
            "min": 1.1296,
            "max": 12.1265,
            "max_ratio": 0.2553191489361702
        },
        "global": {
            "min": 1.1296,
            "max": 12.1265,
            "median": 3.0923,
            "percentile25": 2.0941,
            "percentile75": 4.91495,
            "percentile9": 1.60266,
            "percentile91": 6.963049999999999,
            "std": 2.0771392618064928,
            "distribution": [
                6,
                20,
                24,
                27,
                25,
                27,
                22,
                23,
                17,
                20,
                9,
                11,
                15,
                13,
                9,
                14,
                11,
                8,
                11,
                8,
                5,
                5,
                7,
                14,
                3,
                6,
                3,
                5,
                6,
                12,
                1,
                5,
                2,
                9,
                1,
                1,
                6,
                5,
                0,
                1,
                1,
                3,
                2,
                1,
                3,
                0,
                0,
                0,
                0,
                0,
                0,
                1,
                2,
                0,
                0,
                0,
                0,
                0,
                0,
                1
            ],
            "max_ratio": 0.06264501160092807,
            "total_no_nan": 431,
            "total": 431
        }
    },
    {
        "variable": "ZN",
        "per_cluster": [
            {
                "min": 0.0,
                "max": 33.0,
                "median": 0.0,
                "percentile25": 0.0,
                "percentile75": 0.0,
                "percentile9": 0.0,
                "percentile91": 20.0,
                "std": 8.920052015433729,
                "distribution": [
                    159,
                    0,
                    0,
                    0,
                    0,
                    0,
                    0,
                    7,
                    0,
                    0,
                    1,
                    0,
                    20,
                    2,
                    0,
                    8,
                    2,
                    0,
                    1,
                    2,
                    0,
                    0,
                    0,
                    0,
                    0,
                    0,
                    0,
                    0,
                    0,
                    0,
                    0,
                    0,
                    0,
                    0,
                    0,
                    0,
                    0,
                    0,
                    0,
                    0,
                    0,
                    0,
                    0,
                    0,
                    0,
                    0,
                    0,
                    0,
                    0,
                    0,
                    0,
                    0,
                    0,
                    0,
                    0,
                    0,
                    0,
                    0,
                    0,
                    0
                ],
                "max_ratio": 0.7871287128712872,
                "total_no_nan": 202,
                "total": 202,
                "cluster_name": "cluster_0"
            },
            {
                "min": 0.0,
                "max": 0.0,
                "median": 0.0,
                "percentile25": 0.0,
                "percentile75": 0.0,
                "percentile9": 0.0,
                "percentile91": 0.0,
                "std": 0.0,
                "distribution": [
                    47,
                    0,
                    0,
                    0,
                    0,
                    0,
                    0,
                    0,
                    0,
                    0,
                    0,
                    0,
                    0,
                    0,
                    0,
                    0,
                    0,
                    0,
                    0,
                    0,
                    0,
                    0,
                    0,
                    0,
                    0,
                    0,
                    0,
                    0,
                    0,
                    0,
                    0,
                    0,
                    0,
                    0,
                    0,
                    0,
                    0,
                    0,
                    0,
                    0,
                    0,
                    0,
                    0,
                    0,
                    0,
                    0,
                    0,
                    0,
                    0,
                    0,
                    0,
                    0,
                    0,
                    0,
                    0,
                    0,
                    0,
                    0,
                    0,
                    0
                ],
                "max_ratio": 1.0,
                "total_no_nan": 47,
                "total": 47,
                "cluster_name": "cluster_1"
            },
            {
                "min": 0.0,
                "max": 0.0,
                "median": 0.0,
                "percentile25": 0.0,
                "percentile75": 0.0,
                "percentile9": 0.0,
                "percentile91": 0.0,
                "std": 0.0,
                "distribution": [
                    117,
                    0,
                    0,
                    0,
                    0,
                    0,
                    0,
                    0,
                    0,
                    0,
                    0,
                    0,
                    0,
                    0,
                    0,
                    0,
                    0,
                    0,
                    0,
                    0,
                    0,
                    0,
                    0,
                    0,
                    0,
                    0,
                    0,
                    0,
                    0,
                    0,
                    0,
                    0,
                    0,
                    0,
                    0,
                    0,
                    0,
                    0,
                    0,
                    0,
                    0,
                    0,
                    0,
                    0,
                    0,
                    0,
                    0,
                    0,
                    0,
                    0,
                    0,
                    0,
                    0,
                    0,
                    0,
                    0,
                    0,
                    0,
                    0,
                    0
                ],
                "max_ratio": 1.0,
                "total_no_nan": 117,
                "total": 117,
                "cluster_name": "cluster_2"
            },
            {
                "min": 17.5,
                "max": 100.0,
                "median": 60.0,
                "percentile25": 40.0,
                "percentile75": 80.0,
                "percentile9": 22.0,
                "percentile91": 90.0,
                "std": 25.066448968797427,
                "distribution": [
                    0,
                    0,
                    0,
                    0,
                    0,
                    0,
                    0,
                    0,
                    0,
                    0,
                    1,
                    0,
                    2,
                    6,
                    0,
                    2,
                    0,
                    0,
                    3,
                    0,
                    1,
                    1,
                    0,
                    0,
                    5,
                    0,
                    0,
                    6,
                    0,
                    0,
                    0,
                    2,
                    0,
                    2,
                    0,
                    0,
                    4,
                    0,
                    0,
                    0,
                    0,
                    0,
                    3,
                    0,
                    0,
                    3,
                    0,
                    0,
                    11,
                    2,
                    0,
                    2,
                    0,
                    0,
                    5,
                    0,
                    0,
                    3,
                    0,
                    1
                ],
                "max_ratio": 0.16923076923076924,
                "total_no_nan": 65,
                "total": 65,
                "cluster_name": "cluster_3"
            }
        ],
        "type": "numerical",
        "scale": {
            "min": 0.0,
            "max": 100.0,
            "max_ratio": 1.0
        },
        "global": {
            "min": 0.0,
            "max": 100.0,
            "median": 0.0,
            "percentile25": 0.0,
            "percentile75": 6.25,
            "percentile9": 0.0,
            "percentile91": 45.0,
            "std": 23.23511328786561,
            "distribution": [
                323,
                0,
                0,
                0,
                0,
                0,
                0,
                7,
                0,
                0,
                2,
                0,
                22,
                8,
                0,
                10,
                2,
                0,
                4,
                2,
                1,
                1,
                0,
                0,
                5,
                0,
                0,
                6,
                0,
                0,
                0,
                2,
                0,
                2,
                0,
                0,
                4,
                0,
                0,
                0,
                0,
                0,
                3,
                0,
                0,
                3,
                0,
                0,
                11,
                2,
                0,
                2,
                0,
                0,
                5,
                0,
                0,
                3,
                0,
                1
            ],
            "max_ratio": 0.7494199535962877,
            "total_no_nan": 431,
            "total": 431
        }
    },
    {
        "variable": "INDUS",
        "per_cluster": [
            {
                "min": 1.25,
                "max": 15.04,
                "median": 7.224999999999998,
                "percentile25": 4.8775,
                "percentile75": 9.9,
                "percentile9": 3.24,
                "percentile91": 11.083991769547332,
                "std": 3.14801877039907,
                "distribution": [
                    0,
                    1,
                    0,
                    3,
                    9,
                    5,
                    8,
                    16,
                    5,
                    6,
                    11,
                    2,
                    24,
                    0,
                    11,
                    6,
                    21,
                    9,
                    0,
                    0,
                    19,
                    8,
                    14,
                    7,
                    0,
                    4,
                    0,
                    4,
                    0,
                    6,
                    0,
                    0,
                    3,
                    0,
                    0,
                    0,
                    0,
                    0,
                    0,
                    0,
                    0,
                    0,
                    0,
                    0,
                    0,
                    0,
                    0,
                    0,
                    0,
                    0,
                    0,
                    0,
                    0,
                    0,
                    0,
                    0,
                    0,
                    0,
                    0,
                    0
                ],
                "max_ratio": 0.1188118811881188,
                "total_no_nan": 202,
                "total": 202,
                "cluster_name": "cluster_0"
            },
            {
                "min": 11.083991769547332,
                "max": 27.74,
                "median": 19.58,
                "percentile25": 19.58,
                "percentile75": 21.89,
                "percentile9": 19.58,
                "percentile91": 27.447400000000002,
                "std": 3.5664622250693108,
                "distribution": [
                    0,
                    0,
                    0,
                    0,
                    0,
                    0,
                    0,
                    0,
                    0,
                    0,
                    0,
                    0,
                    0,
                    0,
                    0,
                    0,
                    0,
                    0,
                    0,
                    0,
                    0,
                    0,
                    0,
                    2,
                    0,
                    0,
                    0,
                    0,
                    0,
                    0,
                    0,
                    0,
                    0,
                    0,
                    0,
                    0,
                    0,
                    0,
                    0,
                    0,
                    0,
                    0,
                    22,
                    0,
                    0,
                    0,
                    0,
                    12,
                    0,
                    0,
                    0,
                    0,
                    0,
                    0,
                    0,
                    6,
                    0,
                    0,
                    0,
                    5
                ],
                "max_ratio": 0.46808510638297873,
                "total_no_nan": 47,
                "total": 47,
                "cluster_name": "cluster_1"
            },
            {
                "min": 11.083991769547332,
                "max": 18.1,
                "median": 18.1,
                "percentile25": 18.1,
                "percentile75": 18.1,
                "percentile9": 18.1,
                "percentile91": 18.1,
                "std": 1.4190517760766344,
                "distribution": [
                    0,
                    0,
                    0,
                    0,
                    0,
                    0,
                    0,
                    0,
                    0,
                    0,
                    0,
                    0,
                    0,
                    0,
                    0,
                    0,
                    0,
                    0,
                    0,
                    0,
                    0,
                    0,
                    0,
                    5,
                    0,
                    0,
                    0,
                    0,
                    0,
                    0,
                    0,
                    0,
                    0,
                    0,
                    0,
                    0,
                    0,
                    0,
                    112,
                    0,
                    0,
                    0,
                    0,
                    0,
                    0,
                    0,
                    0,
                    0,
                    0,
                    0,
                    0,
                    0,
                    0,
                    0,
                    0,
                    0,
                    0,
                    0,
                    0,
                    0
                ],
                "max_ratio": 0.9572649572649573,
                "total_no_nan": 117,
                "total": 117,
                "cluster_name": "cluster_2"
            },
            {
                "min": 0.46,
                "max": 11.083991769547332,
                "median": 3.44,
                "percentile25": 2.03,
                "percentile75": 5.13,
                "percentile9": 1.3656,
                "percentile91": 6.1668,
                "std": 2.133958120001207,
                "distribution": [
                    2,
                    4,
                    8,
                    7,
                    2,
                    5,
                    11,
                    3,
                    1,
                    4,
                    4,
                    7,
                    1,
                    4,
                    0,
                    0,
                    0,
                    0,
                    0,
                    0,
                    0,
                    0,
                    0,
                    2,
                    0,
                    0,
                    0,
                    0,
                    0,
                    0,
                    0,
                    0,
                    0,
                    0,
                    0,
                    0,
                    0,
                    0,
                    0,
                    0,
                    0,
                    0,
                    0,
                    0,
                    0,
                    0,
                    0,
                    0,
                    0,
                    0,
                    0,
                    0,
                    0,
                    0,
                    0,
                    0,
                    0,
                    0,
                    0,
                    0
                ],
                "max_ratio": 0.16923076923076924,
                "total_no_nan": 65,
                "total": 65,
                "cluster_name": "cluster_3"
            }
        ],
        "type": "numerical",
        "scale": {
            "min": 0.46,
            "max": 27.74,
            "max_ratio": 0.9572649572649573
        },
        "global": {
            "min": 0.46,
            "max": 27.74,
            "median": 9.9,
            "percentile25": 5.19,
            "percentile75": 18.1,
            "percentile9": 2.89,
            "percentile91": 19.58,
            "std": 6.768302051736575,
            "distribution": [
                2,
                5,
                8,
                10,
                11,
                10,
                19,
                19,
                6,
                10,
                15,
                9,
                25,
                4,
                11,
                6,
                21,
                9,
                0,
                0,
                19,
                8,
                14,
                16,
                0,
                4,
                0,
                4,
                0,
                6,
                0,
                0,
                3,
                0,
                0,
                0,
                0,
                0,
                112,
                0,
                0,
                0,
                22,
                0,
                0,
                0,
                0,
                12,
                0,
                0,
                0,
                0,
                0,
                0,
                0,
                6,
                0,
                0,
                0,
                5
            ],
            "max_ratio": 0.25986078886310904,
            "total_no_nan": 431,
            "total": 431
        }
    },
    {
        "variable": "RAD",
        "per_cluster": [
            {
                "min": 1.0,
                "max": 8.0,
                "median": 4.499999999999993,
                "percentile25": 4.0,
                "percentile75": 5.0,
                "percentile9": 2.089999999999998,
                "percentile91": 8.0,
                "std": 1.6939737610793073,
                "distribution": [
                    8,
                    0,
                    11,
                    0,
                    0,
                    23,
                    0,
                    59,
                    0,
                    0,
                    56,
                    0,
                    0,
                    18,
                    0,
                    6,
                    0,
                    0,
                    21,
                    0,
                    0,
                    0,
                    0,
                    0,
                    0,
                    0,
                    0,
                    0,
                    0,
                    0,
                    0,
                    0,
                    0,
                    0,
                    0,
                    0,
                    0,
                    0,
                    0,
                    0,
                    0,
                    0,
                    0,
                    0,
                    0,
                    0,
                    0,
                    0,
                    0,
                    0,
                    0,
                    0,
                    0,
                    0,
                    0,
                    0,
                    0,
                    0,
                    0,
                    0
                ],
                "max_ratio": 0.29207920792079206,
                "total_no_nan": 202,
                "total": 202,
                "cluster_name": "cluster_0"
            },
            {
                "min": 2.0,
                "max": 5.0,
                "median": 5.0,
                "percentile25": 4.0,
                "percentile75": 5.0,
                "percentile9": 2.0,
                "percentile91": 5.0,
                "std": 0.9777978972830689,
                "distribution": [
                    0,
                    0,
                    6,
                    0,
                    0,
                    0,
                    0,
                    17,
                    0,
                    0,
                    24,
                    0,
                    0,
                    0,
                    0,
                    0,
                    0,
                    0,
                    0,
                    0,
                    0,
                    0,
                    0,
                    0,
                    0,
                    0,
                    0,
                    0,
                    0,
                    0,
                    0,
                    0,
                    0,
                    0,
                    0,
                    0,
                    0,
                    0,
                    0,
                    0,
                    0,
                    0,
                    0,
                    0,
                    0,
                    0,
                    0,
                    0,
                    0,
                    0,
                    0,
                    0,
                    0,
                    0,
                    0,
                    0,
                    0,
                    0,
                    0,
                    0
                ],
                "max_ratio": 0.5106382978723404,
                "total_no_nan": 47,
                "total": 47,
                "cluster_name": "cluster_1"
            },
            {
                "min": 24.0,
                "max": 24.0,
                "median": 24.0,
                "percentile25": 24.0,
                "percentile75": 24.0,
                "percentile9": 24.0,
                "percentile91": 24.0,
                "std": 0.0,
                "distribution": [
                    0,
                    0,
                    0,
                    0,
                    0,
                    0,
                    0,
                    0,
                    0,
                    0,
                    0,
                    0,
                    0,
                    0,
                    0,
                    0,
                    0,
                    0,
                    0,
                    0,
                    0,
                    0,
                    0,
                    0,
                    0,
                    0,
                    0,
                    0,
                    0,
                    0,
                    0,
                    0,
                    0,
                    0,
                    0,
                    0,
                    0,
                    0,
                    0,
                    0,
                    0,
                    0,
                    0,
                    0,
                    0,
                    0,
                    0,
                    0,
                    0,
                    0,
                    0,
                    0,
                    0,
                    0,
                    0,
                    0,
                    0,
                    0,
                    0,
                    117
                ],
                "max_ratio": 1.0,
                "total_no_nan": 117,
                "total": 117,
                "cluster_name": "cluster_2"
            },
            {
                "min": 1.0,
                "max": 8.0,
                "median": 4.0,
                "percentile25": 3.0,
                "percentile75": 5.0,
                "percentile9": 1.0,
                "percentile91": 7.0,
                "std": 1.8801989067633464,
                "distribution": [
                    8,
                    0,
                    6,
                    0,
                    0,
                    6,
                    0,
                    16,
                    0,
                    0,
                    15,
                    0,
                    0,
                    5,
                    0,
                    7,
                    0,
                    0,
                    2,
                    0,
                    0,
                    0,
                    0,
                    0,
                    0,
                    0,
                    0,
                    0,
                    0,
                    0,
                    0,
                    0,
                    0,
                    0,
                    0,
                    0,
                    0,
                    0,
                    0,
                    0,
                    0,
                    0,
                    0,
                    0,
                    0,
                    0,
                    0,
                    0,
                    0,
                    0,
                    0,
                    0,
                    0,
                    0,
                    0,
                    0,
                    0,
                    0,
                    0,
                    0
                ],
                "max_ratio": 0.24615384615384617,
                "total_no_nan": 65,
                "total": 65,
                "cluster_name": "cluster_3"
            }
        ],
        "type": "numerical",
        "scale": {
            "min": 1.0,
            "max": 24.0,
            "max_ratio": 1.0
        },
        "global": {
            "min": 1.0,
            "max": 24.0,
            "median": 5.0,
            "percentile25": 4.0,
            "percentile75": 24.0,
            "percentile9": 2.7,
            "percentile91": 24.0,
            "std": 8.79822400523466,
            "distribution": [
                16,
                0,
                23,
                0,
                0,
                29,
                0,
                92,
                0,
                0,
                95,
                0,
                0,
                23,
                0,
                13,
                0,
                0,
                23,
                0,
                0,
                0,
                0,
                0,
                0,
                0,
                0,
                0,
                0,
                0,
                0,
                0,
                0,
                0,
                0,
                0,
                0,
                0,
                0,
                0,
                0,
                0,
                0,
                0,
                0,
                0,
                0,
                0,
                0,
                0,
                0,
                0,
                0,
                0,
                0,
                0,
                0,
                0,
                0,
                117
            ],
            "max_ratio": 0.271461716937355,
            "total_no_nan": 431,
            "total": 431
        }
    },
    {
        "variable": "NOX",
        "per_cluster": [
            {
                "min": 0.409,
                "max": 0.647,
                "median": 0.5055,
                "percentile25": 0.461,
                "percentile75": 0.538,
                "percentile9": 0.437,
                "percentile91": 0.575,
                "std": 0.05425408268229485,
                "distribution": [
                    0,
                    0,
                    6,
                    0,
                    9,
                    12,
                    9,
                    13,
                    2,
                    10,
                    2,
                    0,
                    28,
                    2,
                    23,
                    8,
                    13,
                    0,
                    18,
                    23,
                    0,
                    0,
                    6,
                    1,
                    8,
                    0,
                    0,
                    0,
                    0,
                    0,
                    0,
                    9,
                    0,
                    0,
                    0,
                    0,
                    0,
                    0,
                    0,
                    0,
                    0,
                    0,
                    0,
                    0,
                    0,
                    0,
                    0,
                    0,
                    0,
                    0,
                    0,
                    0,
                    0,
                    0,
                    0,
                    0,
                    0,
                    0,
                    0,
                    0
                ],
                "max_ratio": 0.13861386138613863,
                "total_no_nan": 202,
                "total": 202,
                "cluster_name": "cluster_0"
            },
            {
                "min": 0.581,
                "max": 0.871,
                "median": 0.624,
                "percentile25": 0.605,
                "percentile75": 0.7475000000000008,
                "percentile9": 0.581,
                "percentile91": 0.871,
                "std": 0.11539010928175052,
                "distribution": [
                    0,
                    0,
                    0,
                    0,
                    0,
                    0,
                    0,
                    0,
                    0,
                    0,
                    0,
                    0,
                    0,
                    0,
                    0,
                    0,
                    0,
                    0,
                    0,
                    0,
                    0,
                    0,
                    0,
                    6,
                    0,
                    0,
                    12,
                    5,
                    0,
                    12,
                    0,
                    0,
                    0,
                    0,
                    0,
                    0,
                    0,
                    0,
                    0,
                    0,
                    0,
                    0,
                    0,
                    0,
                    0,
                    0,
                    0,
                    0,
                    0,
                    0,
                    0,
                    0,
                    0,
                    0,
                    0,
                    0,
                    0,
                    0,
                    0,
                    12
                ],
                "max_ratio": 0.2553191489361702,
                "total_no_nan": 47,
                "total": 47,
                "cluster_name": "cluster_1"
            },
            {
                "min": 0.532,
                "max": 0.77,
                "median": 0.693,
                "percentile25": 0.631,
                "percentile75": 0.713,
                "percentile9": 0.58344,
                "percentile91": 0.74,
                "std": 0.0604914757854842,
                "distribution": [
                    0,
                    0,
                    0,
                    0,
                    0,
                    0,
                    0,
                    0,
                    0,
                    0,
                    0,
                    0,
                    0,
                    0,
                    0,
                    0,
                    0,
                    4,
                    0,
                    0,
                    0,
                    0,
                    0,
                    7,
                    7,
                    5,
                    0,
                    6,
                    0,
                    5,
                    0,
                    0,
                    2,
                    1,
                    10,
                    7,
                    0,
                    13,
                    8,
                    0,
                    23,
                    0,
                    0,
                    11,
                    0,
                    0,
                    0,
                    8,
                    0,
                    0,
                    0,
                    0,
                    0,
                    0,
                    0,
                    0,
                    0,
                    0,
                    0,
                    0
                ],
                "max_ratio": 0.19658119658119658,
                "total_no_nan": 117,
                "total": 117,
                "cluster_name": "cluster_2"
            },
            {
                "min": 0.392,
                "max": 0.484,
                "median": 0.4161,
                "percentile25": 0.404,
                "percentile75": 0.437,
                "percentile9": 0.4,
                "percentile91": 0.447,
                "std": 0.020022368319859027,
                "distribution": [
                    5,
                    14,
                    11,
                    4,
                    13,
                    8,
                    6,
                    2,
                    0,
                    0,
                    0,
                    2,
                    0,
                    0,
                    0,
                    0,
                    0,
                    0,
                    0,
                    0,
                    0,
                    0,
                    0,
                    0,
                    0,
                    0,
                    0,
                    0,
                    0,
                    0,
                    0,
                    0,
                    0,
                    0,
                    0,
                    0,
                    0,
                    0,
                    0,
                    0,
                    0,
                    0,
                    0,
                    0,
                    0,
                    0,
                    0,
                    0,
                    0,
                    0,
                    0,
                    0,
                    0,
                    0,
                    0,
                    0,
                    0,
                    0,
                    0,
                    0
                ],
                "max_ratio": 0.2153846153846154,
                "total_no_nan": 65,
                "total": 65,
                "cluster_name": "cluster_3"
            }
        ],
        "type": "numerical",
        "scale": {
            "min": 0.392,
            "max": 0.871,
            "max_ratio": 0.2553191489361702
        },
        "global": {
            "min": 0.392,
            "max": 0.871,
            "median": 0.538,
            "percentile25": 0.453,
            "percentile75": 0.631,
            "percentile9": 0.42023,
            "percentile91": 0.713,
            "std": 0.11471426784204838,
            "distribution": [
                5,
                14,
                17,
                4,
                22,
                20,
                15,
                15,
                2,
                10,
                2,
                2,
                28,
                2,
                23,
                8,
                13,
                4,
                18,
                23,
                0,
                0,
                6,
                14,
                15,
                5,
                12,
                11,
                0,
                17,
                0,
                9,
                2,
                1,
                10,
                7,
                0,
                13,
                8,
                0,
                23,
                0,
                0,
                11,
                0,
                0,
                0,
                8,
                0,
                0,
                0,
                0,
                0,
                0,
                0,
                0,
                0,
                0,
                0,
                12
            ],
            "max_ratio": 0.06496519721577726,
            "total_no_nan": 431,
            "total": 431
        }
    },
    {
        "variable": "RM",
        "per_cluster": [
            {
                "min": 4.973,
                "max": 8.725,
                "median": 6.1655,
                "percentile25": 5.92725,
                "percentile75": 6.62875,
                "percentile9": 5.701359999999999,
                "percentile91": 7.40714,
                "std": 0.6831556148194977,
                "distribution": [
                    0,
                    0,
                    0,
                    0,
                    0,
                    0,
                    0,
                    0,
                    0,
                    0,
                    0,
                    0,
                    0,
                    0,
                    0,
                    0,
                    1,
                    0,
                    0,
                    0,
                    1,
                    5,
                    1,
                    9,
                    7,
                    7,
                    14,
                    20,
                    19,
                    20,
                    10,
                    11,
                    9,
                    5,
                    9,
                    9,
                    4,
                    5,
                    2,
                    5,
                    1,
                    5,
                    1,
                    3,
                    3,
                    1,
                    0,
                    2,
                    3,
                    1,
                    0,
                    2,
                    0,
                    1,
                    3,
                    1,
                    0,
                    0,
                    0,
                    2
                ],
                "max_ratio": 0.09900990099009901,
                "total_no_nan": 202,
                "total": 202,
                "cluster_name": "cluster_0"
            },
            {
                "min": 4.903,
                "max": 8.375,
                "median": 5.961,
                "percentile25": 5.620500000000001,
                "percentile75": 6.212000000000001,
                "percentile9": 5.19804,
                "percentile91": 6.50216,
                "std": 0.6913239291470514,
                "distribution": [
                    0,
                    0,
                    0,
                    0,
                    0,
                    0,
                    0,
                    0,
                    0,
                    0,
                    0,
                    0,
                    0,
                    0,
                    0,
                    2,
                    1,
                    1,
                    1,
                    1,
                    0,
                    5,
                    0,
                    3,
                    1,
                    1,
                    6,
                    5,
                    2,
                    5,
                    2,
                    3,
                    2,
                    2,
                    0,
                    0,
                    0,
                    0,
                    1,
                    0,
                    0,
                    0,
                    0,
                    0,
                    0,
                    0,
                    0,
                    0,
                    1,
                    0,
                    1,
                    0,
                    0,
                    0,
                    0,
                    1,
                    0,
                    0,
                    0,
                    0
                ],
                "max_ratio": 0.1276595744680851,
                "total_no_nan": 47,
                "total": 47,
                "cluster_name": "cluster_1"
            },
            {
                "min": 3.561,
                "max": 8.78,
                "median": 6.193,
                "percentile25": 5.747,
                "percentile75": 6.436,
                "percentile9": 4.96608,
                "percentile91": 6.78872,
                "std": 0.7491277531453124,
                "distribution": [
                    1,
                    0,
                    0,
                    1,
                    0,
                    0,
                    2,
                    0,
                    0,
                    1,
                    0,
                    1,
                    2,
                    0,
                    0,
                    2,
                    4,
                    0,
                    1,
                    0,
                    4,
                    3,
                    2,
                    3,
                    2,
                    4,
                    6,
                    6,
                    3,
                    7,
                    15,
                    6,
                    10,
                    8,
                    2,
                    5,
                    4,
                    5,
                    0,
                    3,
                    1,
                    0,
                    0,
                    1,
                    1,
                    0,
                    0,
                    0,
                    0,
                    0,
                    0,
                    0,
                    0,
                    0,
                    0,
                    0,
                    0,
                    0,
                    0,
                    1
                ],
                "max_ratio": 0.1282051282051282,
                "total_no_nan": 117,
                "total": 117,
                "cluster_name": "cluster_2"
            },
            {
                "min": 5.663,
                "max": 8.259,
                "median": 6.782,
                "percentile25": 6.438,
                "percentile75": 7.107,
                "percentile9": 6.108,
                "percentile91": 7.6184,
                "std": 0.5527872055995474,
                "distribution": [
                    0,
                    0,
                    0,
                    0,
                    0,
                    0,
                    0,
                    0,
                    0,
                    0,
                    0,
                    0,
                    0,
                    0,
                    0,
                    0,
                    0,
                    0,
                    0,
                    0,
                    0,
                    0,
                    0,
                    0,
                    1,
                    1,
                    3,
                    0,
                    0,
                    4,
                    1,
                    2,
                    3,
                    6,
                    4,
                    2,
                    5,
                    6,
                    5,
                    2,
                    4,
                    3,
                    5,
                    0,
                    1,
                    0,
                    2,
                    0,
                    0,
                    2,
                    1,
                    1,
                    0,
                    0,
                    1,
                    0,
                    0,
                    0,
                    0,
                    0
                ],
                "max_ratio": 0.09230769230769231,
                "total_no_nan": 65,
                "total": 65,
                "cluster_name": "cluster_3"
            }
        ],
        "type": "numerical",
        "scale": {
            "min": 3.561,
            "max": 8.78,
            "max_ratio": 0.1282051282051282
        },
        "global": {
            "min": 3.561,
            "max": 8.78,
            "median": 6.211,
            "percentile25": 5.893,
            "percentile75": 6.652,
            "percentile9": 5.4644,
            "percentile91": 7.2543999999999995,
            "std": 0.7330653482596865,
            "distribution": [
                1,
                0,
                0,
                1,
                0,
                0,
                2,
                0,
                0,
                1,
                0,
                1,
                2,
                0,
                0,
                4,
                6,
                1,
                2,
                1,
                5,
                13,
                3,
                15,
                11,
                13,
                29,
                31,
                24,
                36,
                28,
                22,
                24,
                21,
                15,
                16,
                13,
                16,
                8,
                10,
                6,
                8,
                6,
                4,
                5,
                1,
                2,
                2,
                4,
                3,
                2,
                3,
                0,
                1,
                4,
                2,
                0,
                0,
                0,
                3
            ],
            "max_ratio": 0.08352668213457076,
            "total_no_nan": 431,
            "total": 431
        }
    },
    {
        "variable": "AGE",
        "per_cluster": [
            {
                "min": 6.2,
                "max": 100.0,
                "median": 68.51851851851852,
                "percentile25": 45.925,
                "percentile75": 84.425,
                "percentile9": 28.9,
                "percentile91": 92.855,
                "std": 24.073060386686308,
                "distribution": [
                    3,
                    1,
                    1,
                    0,
                    0,
                    1,
                    2,
                    5,
                    0,
                    2,
                    2,
                    0,
                    0,
                    0,
                    4,
                    1,
                    4,
                    4,
                    1,
                    4,
                    4,
                    2,
                    2,
                    2,
                    3,
                    5,
                    3,
                    2,
                    0,
                    4,
                    5,
                    2,
                    1,
                    5,
                    2,
                    5,
                    4,
                    5,
                    4,
                    11,
                    4,
                    6,
                    6,
                    4,
                    3,
                    6,
                    2,
                    4,
                    7,
                    3,
                    7,
                    5,
                    5,
                    6,
                    7,
                    4,
                    6,
                    3,
                    4,
                    4
                ],
                "max_ratio": 0.054455445544554455,
                "total_no_nan": 202,
                "total": 202,
                "cluster_name": "cluster_0"
            },
            {
                "min": 68.51851851851852,
                "max": 100.0,
                "median": 96.0,
                "percentile25": 92.80000000000001,
                "percentile75": 98.35000000000001,
                "percentile9": 71.03,
                "percentile91": 100.0,
                "std": 9.355871897371298,
                "distribution": [
                    0,
                    0,
                    0,
                    0,
                    0,
                    0,
                    0,
                    0,
                    0,
                    0,
                    0,
                    0,
                    0,
                    0,
                    0,
                    0,
                    0,
                    0,
                    0,
                    0,
                    0,
                    0,
                    0,
                    0,
                    0,
                    0,
                    0,
                    0,
                    0,
                    0,
                    0,
                    0,
                    0,
                    0,
                    0,
                    0,
                    0,
                    0,
                    0,
                    4,
                    1,
                    0,
                    0,
                    0,
                    0,
                    0,
                    1,
                    0,
                    0,
                    2,
                    0,
                    0,
                    1,
                    0,
                    1,
                    6,
                    4,
                    6,
                    11,
                    10
                ],
                "max_ratio": 0.23404255319148937,
                "total_no_nan": 47,
                "total": 47,
                "cluster_name": "cluster_1"
            },
            {
                "min": 40.3,
                "max": 100.0,
                "median": 93.6,
                "percentile25": 84.7,
                "percentile75": 98.8,
                "percentile9": 72.672,
                "percentile91": 100.0,
                "std": 11.624688461882565,
                "distribution": [
                    0,
                    0,
                    0,
                    0,
                    0,
                    0,
                    0,
                    0,
                    0,
                    0,
                    0,
                    0,
                    0,
                    0,
                    0,
                    0,
                    0,
                    0,
                    0,
                    0,
                    0,
                    1,
                    0,
                    0,
                    0,
                    0,
                    0,
                    0,
                    0,
                    1,
                    1,
                    0,
                    1,
                    0,
                    0,
                    0,
                    0,
                    1,
                    0,
                    4,
                    0,
                    2,
                    0,
                    2,
                    2,
                    3,
                    1,
                    2,
                    2,
                    5,
                    3,
                    2,
                    8,
                    5,
                    8,
                    5,
                    8,
                    11,
                    8,
                    31
                ],
                "max_ratio": 0.26495726495726496,
                "total_no_nan": 117,
                "total": 117,
                "cluster_name": "cluster_2"
            },
            {
                "min": 6.8,
                "max": 68.51851851851852,
                "median": 31.3,
                "percentile25": 21.1,
                "percentile75": 38.9,
                "percentile9": 15.267999999999999,
                "percentile91": 49.148,
                "std": 13.330269698192168,
                "distribution": [
                    1,
                    3,
                    1,
                    0,
                    1,
                    0,
                    2,
                    4,
                    3,
                    4,
                    2,
                    2,
                    1,
                    3,
                    3,
                    2,
                    5,
                    3,
                    4,
                    2,
                    3,
                    1,
                    1,
                    3,
                    0,
                    1,
                    2,
                    4,
                    0,
                    0,
                    1,
                    0,
                    1,
                    0,
                    1,
                    0,
                    0,
                    0,
                    0,
                    1,
                    0,
                    0,
                    0,
                    0,
                    0,
                    0,
                    0,
                    0,
                    0,
                    0,
                    0,
                    0,
                    0,
                    0,
                    0,
                    0,
                    0,
                    0,
                    0,
                    0
                ],
                "max_ratio": 0.07692307692307693,
                "total_no_nan": 65,
                "total": 65,
                "cluster_name": "cluster_3"
            }
        ],
        "type": "numerical",
        "scale": {
            "min": 6.2,
            "max": 100.0,
            "max_ratio": 0.26495726495726496
        },
        "global": {
            "min": 6.2,
            "max": 100.0,
            "median": 76.7,
            "percentile25": 46.5,
            "percentile75": 93.55,
            "percentile9": 24.38,
            "percentile91": 98.9,
            "std": 27.379412063255625,
            "distribution": [
                4,
                4,
                2,
                0,
                1,
                1,
                4,
                9,
                3,
                6,
                4,
                2,
                1,
                3,
                7,
                3,
                9,
                7,
                5,
                6,
                7,
                4,
                3,
                5,
                3,
                6,
                5,
                6,
                0,
                5,
                7,
                2,
                3,
                5,
                3,
                5,
                4,
                6,
                4,
                20,
                5,
                8,
                6,
                6,
                5,
                9,
                4,
                6,
                9,
                10,
                10,
                7,
                14,
                11,
                16,
                15,
                18,
                20,
                23,
                45
            ],
            "max_ratio": 0.10440835266821345,
            "total_no_nan": 431,
            "total": 431
        }
    }
]