{
    "metrics": {
        "inertia": 813.3936574210472,
        "silhouette": 0.39439700585506837,
        "nbClusters": 6
    },
    "processed_feature_names": [
        "TAX",
        "CRIM",
        "PTRATIO",
        "DIS",
        "INDUS",
        "RAD",
        "NOX",
        "AGE",
        "dummy:CHAS:0",
        "dummy:CHAS:N/A",
        "dummy:CHAS:__Others__"
    ],
    "variables_importance": {
        "variables": [
            "TAX",
            "CRIM",
            "PTRATIO",
            "DIS",
            "INDUS",
            "RAD",
            "NOX",
            "AGE",
            "dummy:CHAS:0",
            "dummy:CHAS:__Others__"
        ],
        "importances": [
            0.10614114706486148,
            0.13154228600195694,
            0.07559526302101321,
            0.1166425359539336,
            0.1066423419159477,
            0.12749521167690894,
            0.15595366879136402,
            0.17898673165565948,
            0.0006447380960427593,
            0.00035607582231182814
        ]
    },
    "reduce_vars": [],
    "train_nb_records": 431,
    "train_nb_features": 11,
    "train_nb_outliers": 0,
    "cluster_description": [
        {
            "variable": "dummy:CHAS:0",
            "var": 0.0,
            "values": [
                {
                    "cluster": "cluster_0",
                    "value": 0.8571428571428571
                },
                {
                    "cluster": "cluster_1",
                    "value": 0.9669421487603306
                },
                {
                    "cluster": "cluster_2",
                    "value": 1.0
                },
                {
                    "cluster": "cluster_3",
                    "value": 1.0
                },
                {
                    "cluster": "cluster_4",
                    "value": 0.9272727272727272
                },
                {
                    "cluster": "cluster_5",
                    "value": 0.8888888888888888
                }
            ]
        },
        {
            "variable": "dummy:CHAS:N/A",
            "var": 0.0,
            "values": [
                {
                    "cluster": "cluster_0",
                    "value": 0.0
                },
                {
                    "cluster": "cluster_1",
                    "value": 0.0
                },
                {
                    "cluster": "cluster_2",
                    "value": 0.0
                },
                {
                    "cluster": "cluster_3",
                    "value": 0.0
                },
                {
                    "cluster": "cluster_4",
                    "value": 0.0
                },
                {
                    "cluster": "cluster_5",
                    "value": 0.0
                }
            ]
        },
        {
            "variable": "dummy:CHAS:__Others__",
            "var": 0.0,
            "values": [
                {
                    "cluster": "cluster_0",
                    "value": 0.14285714285714285
                },
                {
                    "cluster": "cluster_1",
                    "value": 0.03305785123966942
                },
                {
                    "cluster": "cluster_2",
                    "value": 0.0
                },
                {
                    "cluster": "cluster_3",
                    "value": 0.0
                },
                {
                    "cluster": "cluster_4",
                    "value": 0.07272727272727272
                },
                {
                    "cluster": "cluster_5",
                    "value": 0.1111111111111111
                }
            ]
        },
        {
            "variable": "TAX",
            "var": 29124.37,
            "values": [
                {
                    "cluster": "cluster_0",
                    "value": 359.3142857142857
                },
                {
                    "cluster": "cluster_1",
                    "value": 299.41322314049586
                },
                {
                    "cluster": "cluster_2",
                    "value": 431.60869565217394
                },
                {
                    "cluster": "cluster_3",
                    "value": 666.0
                },
                {
                    "cluster": "cluster_4",
                    "value": 666.0
                },
                {
                    "cluster": "cluster_5",
                    "value": 304.42962962962963
                }
            ]
        },
        {
            "variable": "CRIM",
            "var": 494.58,
            "values": [
                {
                    "cluster": "cluster_0",
                    "value": 1.7459038277483832
                },
                {
                    "cluster": "cluster_1",
                    "value": 0.2923927917219331
                },
                {
                    "cluster": "cluster_2",
                    "value": 0.4012517391304347
                },
                {
                    "cluster": "cluster_3",
                    "value": 56.24572857142858
                },
                {
                    "cluster": "cluster_4",
                    "value": 9.642663398428729
                },
                {
                    "cluster": "cluster_5",
                    "value": 0.3929045326931871
                }
            ]
        },
        {
            "variable": "PTRATIO",
            "var": 5.92,
            "values": [
                {
                    "cluster": "cluster_0",
                    "value": 14.165714285714282
                },
                {
                    "cluster": "cluster_1",
                    "value": 17.34380165289256
                },
                {
                    "cluster": "cluster_2",
                    "value": 20.41304347826087
                },
                {
                    "cluster": "cluster_3",
                    "value": 20.2
                },
                {
                    "cluster": "cluster_4",
                    "value": 20.200000000000017
                },
                {
                    "cluster": "cluster_5",
                    "value": 18.696296296296282
                }
            ]
        },
        {
            "variable": "DIS",
            "var": 3.29,
            "values": [
                {
                    "cluster": "cluster_0",
                    "value": 1.9339628571428575
                },
                {
                    "cluster": "cluster_1",
                    "value": 6.33153223140496
                },
                {
                    "cluster": "cluster_2",
                    "value": 1.921260869565218
                },
                {
                    "cluster": "cluster_3",
                    "value": 1.608942857142857
                },
                {
                    "cluster": "cluster_4",
                    "value": 2.0870563636363633
                },
                {
                    "cluster": "cluster_5",
                    "value": 3.5797992592592616
                }
            ]
        },
        {
            "variable": "INDUS",
            "var": 49.68,
            "values": [
                {
                    "cluster": "cluster_0",
                    "value": 14.188513815402706
                },
                {
                    "cluster": "cluster_1",
                    "value": 5.067652620480905
                },
                {
                    "cluster": "cluster_2",
                    "value": 24.142608695652168
                },
                {
                    "cluster": "cluster_3",
                    "value": 18.099999999999998
                },
                {
                    "cluster": "cluster_4",
                    "value": 17.78109053497939
                },
                {
                    "cluster": "cluster_5",
                    "value": 7.97177747294621
                }
            ]
        },
        {
            "variable": "RAD",
            "var": 103.09,
            "values": [
                {
                    "cluster": "cluster_0",
                    "value": 5.0
                },
                {
                    "cluster": "cluster_1",
                    "value": 4.363636363636363
                },
                {
                    "cluster": "cluster_2",
                    "value": 3.4782608695652173
                },
                {
                    "cluster": "cluster_3",
                    "value": 24.0
                },
                {
                    "cluster": "cluster_4",
                    "value": 24.0
                },
                {
                    "cluster": "cluster_5",
                    "value": 4.607407407407408
                }
            ]
        },
        {
            "variable": "NOX",
            "var": 0.01,
            "values": [
                {
                    "cluster": "cluster_0",
                    "value": 0.7052857142857141
                },
                {
                    "cluster": "cluster_1",
                    "value": 0.43784132231405
                },
                {
                    "cluster": "cluster_2",
                    "value": 0.6095217391304348
                },
                {
                    "cluster": "cluster_3",
                    "value": 0.6858571428571428
                },
                {
                    "cluster": "cluster_4",
                    "value": 0.6733090909090916
                },
                {
                    "cluster": "cluster_5",
                    "value": 0.5142370370370358
                }
            ]
        },
        {
            "variable": "AGE",
            "var": 542.77,
            "values": [
                {
                    "cluster": "cluster_0",
                    "value": 90.11534391534393
                },
                {
                    "cluster": "cluster_1",
                    "value": 33.35981022344658
                },
                {
                    "cluster": "cluster_2",
                    "value": 91.58421900161031
                },
                {
                    "cluster": "cluster_3",
                    "value": 93.71428571428571
                },
                {
                    "cluster": "cluster_4",
                    "value": 89.47232323232323
                },
                {
                    "cluster": "cluster_5",
                    "value": 74.19193415637857
                }
            ]
        },
        {
            "variable": "cluster_size",
            "var": 3161.77,
            "values": [
                {
                    "cluster": "cluster_5",
                    "value": 135
                },
                {
                    "cluster": "cluster_1",
                    "value": 121
                },
                {
                    "cluster": "cluster_4",
                    "value": 110
                },
                {
                    "cluster": "cluster_0",
                    "value": 35
                },
                {
                    "cluster": "cluster_2",
                    "value": 23
                },
                {
                    "cluster": "cluster_3",
                    "value": 7
                }
            ]
        }
    ],
    "summary": {
        "clusters": []
    }
}