{"global": {"size": 431, "facts": [{"type": "numerical", "feature_label": "CRIM", "cluster_label": "cluster_7", "mean": 78.4485, "std": 14.888416120595238, "diff": 8.532066371826751, "global_mean": 3.742854147355657, "global_std": 8.755867875023286}, {"type": "numerical", "feature_label": "CRIM", "cluster_label": "cluster_22", "mean": 73.5341, "std": null, "diff": 7.970797052766026, "global_mean": 3.742854147355657, "global_std": 8.755867875023286}, {"type": "numerical", "feature_label": "B", "cluster_label": "cluster_22", "mean": 16.45, "std": null, "diff": -3.709163340813702, "global_mean": 356.2846867749414, "global_std": 91.62030774853658}, {"type": "numerical", "feature_label": "B", "cluster_label": "cluster_2", "mean": 50.45416666666667, "std": 46.921529953619434, "diff": -3.338021096236273, "global_mean": 356.2846867749414, "global_std": 91.62030774853658}, {"type": "numerical", "feature_label": "ZN", "cluster_label": "cluster_5", "mean": 86.25, "std": 6.373774391990981, "diff": 3.2376662500798075, "global_mean": 10.935034802784223, "global_std": 23.262115171802925}, {"type": "numerical", "feature_label": "MEDV", "cluster_label": "cluster_17", "mean": 50.0, "std": 0.0, "diff": 2.8664217677258432, "global_mean": 22.724361948955938, "global_std": 9.515570373540653}, {"type": "numerical", "feature_label": "ZN", "cluster_label": "cluster_8", "mean": 76.875, "std": 13.225647929606124, "diff": 2.8346504481735444, "global_mean": 10.935034802784223, "global_std": 23.262115171802925}, {"type": "numerical", "feature_label": "CRIM", "cluster_label": "cluster_12", "mean": 28.389599999999998, "std": 11.883444481294134, "diff": 2.8148832536579125, "global_mean": 3.742854147355657, "global_std": 8.755867875023286}, {"type": "numerical", "feature_label": "B", "cluster_label": "cluster_12", "mean": 100.93833333333333, "std": 71.89366242351733, "diff": -2.7870060657560565, "global_mean": 356.2846867749414, "global_std": 91.62030774853658}, {"type": "numerical", "feature_label": "NOX", "cluster_label": "cluster_6", "mean": 0.8710000000000001, "std": 1.2161883888976234e-16, "diff": 2.7360221660960082, "global_mean": 0.5567744779582383, "global_std": 0.11484757906407088}]}, "clusters": [{"cluster": "cluster_0", "size": 26, "facts": [{"type": "numerical", "feature_label": "INDUS", "cluster_label": "cluster_0", "mean": 5.447230136119027, "std": 3.116382050024421, "diff": -0.8478321316806038, "global_mean": 11.19228275710616, "global_std": 6.7761676000638}, {"type": "numerical", "feature_label": "TAX", "cluster_label": "cluster_0", "mean": 270.03846153846155, "std": 37.877149596273235, "diff": -0.8337132517517274, "global_mean": 412.41763341067286, "global_std": 170.77714858562737}, {"type": "numerical", "feature_label": "LSTAT", "cluster_label": "cluster_0", "mean": 8.131153846153847, "std": 2.1664908528273585, "diff": -0.6541748290017412, "global_mean": 12.884991836383959, "global_std": 7.2669228155482255}]}, {"cluster": "cluster_1", "size": 17, "facts": [{"type": "numerical", "feature_label": "RAD", "cluster_label": "cluster_1", "mean": 24.0, "std": 0.0, "diff": 1.6149334258185704, "global_mean": 9.77494199535963, "global_std": 8.808448557209122}, {"type": "numerical", "feature_label": "TAX", "cluster_label": "cluster_1", "mean": 666.0, "std": 0.0, "diff": 1.4848729393217464, "global_mean": 412.41763341067286, "global_std": 170.77714858562737}, {"type": "numerical", "feature_label": "INDUS", "cluster_label": "cluster_1", "mean": 18.099999999999998, "std": 3.66205343881779e-15, "diff": 1.0194135757251341, "global_mean": 11.19228275710616, "global_std": 6.7761676000638}]}, {"cluster": "cluster_2", "size": 24, "facts": [{"type": "numerical", "feature_label": "B", "cluster_label": "cluster_2", "mean": 50.45416666666667, "std": 46.921529953619434, "diff": -3.338021096236273, "global_mean": 356.2846867749414, "global_std": 91.62030774853658}, {"type": "numerical", "feature_label": "RAD", "cluster_label": "cluster_2", "mean": 24.0, "std": 0.0, "diff": 1.6149334258185704, "global_mean": 9.77494199535963, "global_std": 8.808448557209122}, {"type": "numerical", "feature_label": "TAX", "cluster_label": "cluster_2", "mean": 666.0, "std": 0.0, "diff": 1.4848729393217464, "global_mean": 412.41763341067286, "global_std": 170.77714858562737}]}, {"cluster": "cluster_3", "size": 32, "facts": [{"type": "numerical", "feature_label": "DIS", "cluster_label": "cluster_3", "mean": 7.109615625000003, "std": 1.0714556673830882, "diff": 1.6313288915392468, "global_mean": 3.7171805104408326, "global_std": 2.079553137416836}, {"type": "numerical", "feature_label": "NOX", "cluster_label": "cluster_3", "mean": 0.4399406249999999, "std": 0.027629517401772316, "diff": -1.0172948695162256, "global_mean": 0.5567744779582383, "global_std": 0.11484757906407088}, {"type": "numerical", "feature_label": "AGE", "cluster_label": "cluster_3", "mean": 43.946875000000006, "std": 18.140206357523844, "diff": -0.9200570238289525, "global_mean": 69.16676978602732, "global_std": 27.411230100794203}]}, {"cluster": "cluster_4", "size": 6, "facts": [{"type": "numerical", "feature_label": "INDUS", "cluster_label": "cluster_4", "mean": 25.650000000000002, "std": 3.891802844472395e-15, "diff": 2.1336126991247557, "global_mean": 11.19228275710616, "global_std": 6.7761676000638}, {"type": "numerical", "feature_label": "TAX", "cluster_label": "cluster_4", "mean": 188.0, "std": 0.0, "diff": -1.3140963839090583, "global_mean": 412.41763341067286, "global_std": 170.77714858562737}, {"type": "numerical", "feature_label": "RAD", "cluster_label": "cluster_4", "mean": 2.0, "std": 0.0, "diff": -0.8826687179771702, "global_mean": 9.77494199535963, "global_std": 8.808448557209122}]}, {"cluster": "cluster_5", "size": 10, "facts": [{"type": "numerical", "feature_label": "ZN", "cluster_label": "cluster_5", "mean": 86.25, "std": 6.373774391990981, "diff": 3.2376662500798075, "global_mean": 10.935034802784223, "global_std": 23.262115171802925}, {"type": "numerical", "feature_label": "PTRATIO", "cluster_label": "cluster_5", "mean": 14.110000000000003, "std": 1.1948500603283523, "diff": -1.9958632114927695, "global_mean": 18.44849187935028, "global_std": 2.173742095333968}, {"type": "numerical", "feature_label": "MEDV", "cluster_label": "cluster_5", "mean": 41.519999999999996, "std": 8.160991225199165, "diff": 1.9752508061217124, "global_mean": 22.724361948955938, "global_std": 9.515570373540653}]}, {"cluster": "cluster_6", "size": 6, "facts": [{"type": "numerical", "feature_label": "NOX", "cluster_label": "cluster_6", "mean": 0.8710000000000001, "std": 1.2161883888976234e-16, "diff": 2.7360221660960082, "global_mean": 0.5567744779582383, "global_std": 0.11484757906407088}, {"type": "numerical", "feature_label": "LSTAT", "cluster_label": "cluster_6", "mean": 28.03, "std": 1.2673436787233363, "diff": 2.084101971086297, "global_mean": 12.884991836383959, "global_std": 7.2669228155482255}, {"type": "numerical", "feature_label": "PTRATIO", "cluster_label": "cluster_6", "mean": 14.700000000000001, "std": 1.9459014222361975e-15, "diff": -1.7244418679642715, "global_mean": 18.44849187935028, "global_std": 2.173742095333968}]}, {"cluster": "cluster_7", "size": 2, "facts": [{"type": "numerical", "feature_label": "CRIM", "cluster_label": "cluster_7", "mean": 78.4485, "std": 14.888416120595238, "diff": 8.532066371826751, "global_mean": 3.742854147355657, "global_std": 8.755867875023286}, {"type": "numerical", "feature_label": "RAD", "cluster_label": "cluster_7", "mean": 24.0, "std": 0.0, "diff": 1.6149334258185704, "global_mean": 9.77494199535963, "global_std": 8.808448557209122}, {"type": "numerical", "feature_label": "MEDV", "cluster_label": "cluster_7", "mean": 7.7, "std": 3.818376618407357, "diff": -1.5789239487664593, "global_mean": 22.724361948955938, "global_std": 9.515570373540653}]}, {"cluster": "cluster_8", "size": 20, "facts": [{"type": "numerical", "feature_label": "ZN", "cluster_label": "cluster_8", "mean": 76.875, "std": 13.225647929606124, "diff": 2.8346504481735444, "global_mean": 10.935034802784223, "global_std": 23.262115171802925}, {"type": "numerical", "feature_label": "DIS", "cluster_label": "cluster_8", "mean": 8.495079999999998, "std": 1.5765094650090616, "diff": 2.2975606651216145, "global_mean": 3.7171805104408326, "global_std": 2.079553137416836}, {"type": "numerical", "feature_label": "AGE", "cluster_label": "cluster_8", "mean": 29.625, "std": 11.329787241928615, "diff": -1.4425390484348108, "global_mean": 69.16676978602732, "global_std": 27.411230100794203}]}, {"cluster": "cluster_9", "size": 20, "facts": [{"type": "numerical", "feature_label": "RM", "cluster_label": "cluster_9", "mean": 7.720800000000001, "std": 0.47404159266771867, "diff": 1.9331184089184208, "global_mean": 6.302051044083534, "global_std": 0.7339172548205453}, {"type": "numerical", "feature_label": "MEDV", "cluster_label": "cluster_9", "mean": 40.480000000000004, "std": 6.044188161061482, "diff": 1.865956254226867, "global_mean": 22.724361948955938, "global_std": 9.515570373540653}, {"type": "numerical", "feature_label": "LSTAT", "cluster_label": "cluster_9", "mean": 5.420543209876545, "std": 2.75406162368328, "diff": -1.0271814929059884, "global_mean": 12.884991836383959, "global_std": 7.2669228155482255}]}, {"cluster": "cluster_10", "size": 31, "facts": [{"type": "numerical", "feature_label": "RAD", "cluster_label": "cluster_10", "mean": 4.67741935483871, "std": 1.640875716890091, "diff": -0.5787083397732896, "global_mean": 9.77494199535963, "global_std": 8.808448557209122}, {"type": "numerical", "feature_label": "ZN", "cluster_label": "cluster_10", "mean": 0.0, "std": 0.0, "diff": -0.47007912745781083, "global_mean": 10.935034802784223, "global_std": 23.262115171802925}, {"type": "numerical", "feature_label": "PTRATIO", "cluster_label": "cluster_10", "mean": 19.370967741935484, "std": 1.3540540482533912, "diff": 0.4243722677889617, "global_mean": 18.44849187935028, "global_std": 2.173742095333968}]}, {"cluster": "cluster_11", "size": 13, "facts": [{"type": "numerical", "feature_label": "LSTAT", "cluster_label": "cluster_11", "mean": 28.915384615384614, "std": 4.825910303394609, "diff": 2.2059395958771173, "global_mean": 12.884991836383959, "global_std": 7.2669228155482255}, {"type": "numerical", "feature_label": "CRIM", "cluster_label": "cluster_11", "mean": 20.994811538461537, "std": 9.78033303165409, "diff": 1.9703309411872547, "global_mean": 3.742854147355657, "global_std": 8.755867875023286}, {"type": "numerical", "feature_label": "RM", "cluster_label": "cluster_11", "mean": 4.969769230769231, "std": 0.5359227484513904, "diff": -1.8153024807136708, "global_mean": 6.302051044083534, "global_std": 0.7339172548205453}]}, {"cluster": "cluster_12", "size": 6, "facts": [{"type": "numerical", "feature_label": "CRIM", "cluster_label": "cluster_12", "mean": 28.389599999999998, "std": 11.883444481294134, "diff": 2.8148832536579125, "global_mean": 3.742854147355657, "global_std": 8.755867875023286}, {"type": "numerical", "feature_label": "B", "cluster_label": "cluster_12", "mean": 100.93833333333333, "std": 71.89366242351733, "diff": -2.7870060657560565, "global_mean": 356.2846867749414, "global_std": 91.62030774853658}, {"type": "numerical", "feature_label": "RM", "cluster_label": "cluster_12", "mean": 4.945166666666666, "std": 0.8007145350664409, "diff": -1.848824739443751, "global_mean": 6.302051044083534, "global_std": 0.7339172548205453}]}, {"cluster": "cluster_13", "size": 9, "facts": [{"type": "numerical", "feature_label": "PTRATIO", "cluster_label": "cluster_13", "mean": 14.700000000000001, "std": 1.88411095042053e-15, "diff": -1.7244418679642715, "global_mean": 18.44849187935028, "global_std": 2.173742095333968}, {"type": "numerical", "feature_label": "INDUS", "cluster_label": "cluster_13", "mean": 19.58, "std": 0.0, "diff": 1.2378261191200268, "global_mean": 11.19228275710616, "global_std": 6.7761676000638}, {"type": "numerical", "feature_label": "AGE", "cluster_label": "cluster_13", "mean": 93.62222222222222, "std": 6.019297670363581, "diff": 0.8921690980765704, "global_mean": 69.16676978602732, "global_std": 27.411230100794203}]}, {"cluster": "cluster_14", "size": 12, "facts": [{"type": "numerical", "feature_label": "LSTAT", "cluster_label": "cluster_14", "mean": 20.68166666666667, "std": 5.428823467605502, "diff": 1.072899083722347, "global_mean": 12.884991836383959, "global_std": 7.2669228155482255}, {"type": "numerical", "feature_label": "AGE", "cluster_label": "cluster_14", "mean": 92.24166666666666, "std": 4.925344165793406, "diff": 0.8418045011402381, "global_mean": 69.16676978602732, "global_std": 27.411230100794203}, {"type": "numerical", "feature_label": "TAX", "cluster_label": "cluster_14", "mean": 275.1666666666667, "std": 37.68007270146754, "diff": -0.8036846140172482, "global_mean": 412.41763341067286, "global_std": 170.77714858562737}]}, {"cluster": "cluster_15", "size": 49, "facts": [{"type": "numerical", "feature_label": "RAD", "cluster_label": "cluster_15", "mean": 24.0, "std": 0.0, "diff": 1.6149334258185704, "global_mean": 9.77494199535963, "global_std": 8.808448557209122}, {"type": "numerical", "feature_label": "TAX", "cluster_label": "cluster_15", "mean": 666.0, "std": 0.0, "diff": 1.4848729393217464, "global_mean": 412.41763341067286, "global_std": 170.77714858562737}, {"type": "numerical", "feature_label": "NOX", "cluster_label": "cluster_15", "mean": 0.7022040816326531, "std": 0.04980837429248082, "diff": 1.2662835808953614, "global_mean": 0.5567744779582383, "global_std": 0.11484757906407088}]}, {"cluster": "cluster_16", "size": 37, "facts": [{"type": "numerical", "feature_label": "TAX", "cluster_label": "cluster_16", "mean": 290.6216216216216, "std": 49.980747043987606, "diff": -0.7131868215259662, "global_mean": 412.41763341067286, "global_std": 170.77714858562737}, {"type": "numerical", "feature_label": "RAD", "cluster_label": "cluster_16", "mean": 4.486486486486487, "std": 0.9609492304088825, "diff": -0.6003844461968161, "global_mean": 9.77494199535963, "global_std": 8.808448557209122}, {"type": "numerical", "feature_label": "AGE", "cluster_label": "cluster_16", "mean": 53.21231231231229, "std": 14.562199372065553, "diff": -0.5820409158964656, "global_mean": 69.16676978602732, "global_std": 27.411230100794203}]}, {"cluster": "cluster_17", "size": 5, "facts": [{"type": "numerical", "feature_label": "MEDV", "cluster_label": "cluster_17", "mean": 50.0, "std": 0.0, "diff": 2.8664217677258432, "global_mean": 22.724361948955938, "global_std": 9.515570373540653}, {"type": "numerical", "feature_label": "RAD", "cluster_label": "cluster_17", "mean": 24.0, "std": 0.0, "diff": 1.6149334258185704, "global_mean": 9.77494199535963, "global_std": 8.808448557209122}, {"type": "numerical", "feature_label": "TAX", "cluster_label": "cluster_17", "mean": 666.0, "std": 0.0, "diff": 1.4848729393217464, "global_mean": 412.41763341067286, "global_std": 170.77714858562737}]}, {"cluster": "cluster_18", "size": 13, "facts": [{"type": "numerical", "feature_label": "PTRATIO", "cluster_label": "cluster_18", "mean": 13.392307692307693, "std": 0.7454993164109747, "diff": -2.3260276358892367, "global_mean": 18.44849187935028, "global_std": 2.173742095333968}, {"type": "numerical", "feature_label": "MEDV", "cluster_label": "cluster_18", "mean": 42.56923076923078, "std": 7.893392238172447, "diff": 2.0855154280037924, "global_mean": 22.724361948955938, "global_std": 9.515570373540653}, {"type": "numerical", "feature_label": "RM", "cluster_label": "cluster_18", "mean": 7.73676923076923, "std": 0.5532692463659615, "diff": 1.9548773070289898, "global_mean": 6.302051044083534, "global_std": 0.7339172548205453}]}, {"cluster": "cluster_19", "size": 27, "facts": [{"type": "numerical", "feature_label": "AGE", "cluster_label": "cluster_19", "mean": 25.12962962962963, "std": 11.893301761101783, "diff": -1.6065364448975155, "global_mean": 69.16676978602732, "global_std": 27.411230100794203}, {"type": "numerical", "feature_label": "NOX", "cluster_label": "cluster_19", "mean": 0.46047777777777793, "std": 0.0329739096551913, "diff": -0.8384739231354509, "global_mean": 0.5567744779582383, "global_std": 0.11484757906407088}, {"type": "numerical", "feature_label": "TAX", "cluster_label": "cluster_19", "mean": 292.44444444444446, "std": 50.010255358532625, "diff": -0.7025131287168321, "global_mean": 412.41763341067286, "global_std": 170.77714858562737}]}, {"cluster": "cluster_20", "size": 18, "facts": [{"type": "numerical", "feature_label": "PTRATIO", "cluster_label": "cluster_20", "mean": 20.705555555555552, "std": 0.642121687406607, "diff": 1.038330941398319, "global_mean": 18.44849187935028, "global_std": 2.173742095333968}, {"type": "numerical", "feature_label": "AGE", "cluster_label": "cluster_20", "mean": 90.87222222222225, "std": 7.0150095849631, "diff": 0.79184525307261, "global_mean": 69.16676978602732, "global_std": 27.411230100794203}, {"type": "numerical", "feature_label": "LSTAT", "cluster_label": "cluster_20", "mean": 18.227777777777778, "std": 4.309885429834609, "diff": 0.7352198553647019, "global_mean": 12.884991836383959, "global_std": 7.2669228155482255}]}, {"cluster": "cluster_21", "size": 6, "facts": [{"type": "numerical", "feature_label": "NOX", "cluster_label": "cluster_21", "mean": 0.8710000000000001, "std": 1.2161883888976234e-16, "diff": 2.7360221660960082, "global_mean": 0.5567744779582383, "global_std": 0.11484757906407088}, {"type": "numerical", "feature_label": "PTRATIO", "cluster_label": "cluster_21", "mean": 14.700000000000001, "std": 1.9459014222361975e-15, "diff": -1.7244418679642715, "global_mean": 18.44849187935028, "global_std": 2.173742095333968}, {"type": "numerical", "feature_label": "INDUS", "cluster_label": "cluster_21", "mean": 19.58, "std": 0.0, "diff": 1.2378261191200268, "global_mean": 11.19228275710616, "global_std": 6.7761676000638}]}, {"cluster": "cluster_22", "size": 1, "facts": [{"type": "numerical", "feature_label": "CRIM", "cluster_label": "cluster_22", "mean": 73.5341, "std": null, "diff": 7.970797052766026, "global_mean": 3.742854147355657, "global_std": 8.755867875023286}, {"type": "numerical", "feature_label": "B", "cluster_label": "cluster_22", "mean": 16.45, "std": null, "diff": -3.709163340813702, "global_mean": 356.2846867749414, "global_std": 91.62030774853658}, {"type": "numerical", "feature_label": "RAD", "cluster_label": "cluster_22", "mean": 24.0, "std": null, "diff": 1.6149334258185704, "global_mean": 9.77494199535963, "global_std": 8.808448557209122}]}, {"cluster": "cluster_23", "size": 24, "facts": [{"type": "numerical", "feature_label": "ZN", "cluster_label": "cluster_23", "mean": 47.666666666666664, "std": 16.905534639557406, "diff": 1.57903232756781, "global_mean": 10.935034802784223, "global_std": 23.262115171802925}, {"type": "numerical", "feature_label": "AGE", "cluster_label": "cluster_23", "mean": 31.546604938271603, "std": 14.7271541346314, "diff": -1.3724362135308084, "global_mean": 69.16676978602732, "global_std": 27.411230100794203}, {"type": "numerical", "feature_label": "LSTAT", "cluster_label": "cluster_23", "mean": 5.3510596707818925, "std": 2.2041045017034078, "diff": -1.0367431107817122, "global_mean": 12.884991836383959, "global_std": 7.2669228155482255}]}, {"cluster": "cluster_24", "size": 17, "facts": [{"type": "numerical", "feature_label": "INDUS", "cluster_label": "cluster_24", "mean": 23.610588235294117, "std": 2.7475590771360925, "diff": 1.8326443811795674, "global_mean": 11.19228275710616, "global_std": 6.7761676000638}, {"type": "numerical", "feature_label": "PTRATIO", "cluster_label": "cluster_24", "mean": 20.876470588235296, "std": 0.5166350401452473, "diff": 1.1169580393629859, "global_mean": 18.44849187935028, "global_std": 2.173742095333968}, {"type": "numerical", "feature_label": "AGE", "cluster_label": "cluster_24", "mean": 94.53050108932462, "std": 7.758831921562498, "diff": 0.9253043810887721, "global_mean": 69.16676978602732, "global_std": 27.411230100794203}]}]}