{
    "metrics": {
        "inertia": 901.5374601122905,
        "silhouette": 0.22428144879232695,
        "nbClusters": 25
    },
    "processed_feature_names": [
        "B",
        "TAX",
        "CRIM",
        "PTRATIO",
        "MEDV",
        "DIS",
        "ZN",
        "INDUS",
        "RAD",
        "LSTAT",
        "NOX",
        "RM",
        "AGE",
        "dummy:CHAS:0",
        "dummy:CHAS:N/A",
        "dummy:CHAS:__Others__"
    ],
    "variables_importance": {
        "variables": [
            "B",
            "TAX",
            "CRIM",
            "PTRATIO",
            "MEDV",
            "DIS",
            "ZN",
            "INDUS",
            "RAD",
            "LSTAT",
            "NOX",
            "RM",
            "AGE",
            "dummy:CHAS:0",
            "dummy:CHAS:__Others__"
        ],
        "importances": [
            0.07841113846706048,
            0.05633651747405476,
            0.07141213555697055,
            0.06120742043258526,
            0.08949547119593518,
            0.11595779957270157,
            0.05759030995923932,
            0.06281847716031147,
            0.043894592997418595,
            0.080042266708484,
            0.1001421408154272,
            0.08297119811392893,
            0.09411438799807433,
            0.002870074852471452,
            0.0027360686953369225
        ]
    },
    "reduce_vars": [],
    "train_nb_records": 431,
    "train_nb_features": 16,
    "train_nb_outliers": 0,
    "cluster_description": [
        {
            "variable": "dummy:CHAS:0",
            "var": 0.02,
            "values": [
                {
                    "cluster": "cluster_0",
                    "value": 0.8076923076923077
                },
                {
                    "cluster": "cluster_1",
                    "value": 1.0
                },
                {
                    "cluster": "cluster_10",
                    "value": 1.0
                },
                {
                    "cluster": "cluster_11",
                    "value": 1.0
                },
                {
                    "cluster": "cluster_12",
                    "value": 1.0
                },
                {
                    "cluster": "cluster_13",
                    "value": 0.8888888888888888
                },
                {
                    "cluster": "cluster_14",
                    "value": 0.5833333333333334
                },
                {
                    "cluster": "cluster_15",
                    "value": 0.8979591836734694
                },
                {
                    "cluster": "cluster_16",
                    "value": 0.8918918918918919
                },
                {
                    "cluster": "cluster_17",
                    "value": 0.4
                },
                {
                    "cluster": "cluster_18",
                    "value": 0.8461538461538461
                },
                {
                    "cluster": "cluster_19",
                    "value": 1.0
                },
                {
                    "cluster": "cluster_2",
                    "value": 1.0
                },
                {
                    "cluster": "cluster_20",
                    "value": 1.0
                },
                {
                    "cluster": "cluster_21",
                    "value": 0.8333333333333334
                },
                {
                    "cluster": "cluster_22",
                    "value": 1.0
                },
                {
                    "cluster": "cluster_23",
                    "value": 0.9166666666666666
                },
                {
                    "cluster": "cluster_24",
                    "value": 1.0
                },
                {
                    "cluster": "cluster_3",
                    "value": 1.0
                },
                {
                    "cluster": "cluster_4",
                    "value": 1.0
                },
                {
                    "cluster": "cluster_5",
                    "value": 0.9
                },
                {
                    "cluster": "cluster_6",
                    "value": 0.8333333333333334
                },
                {
                    "cluster": "cluster_7",
                    "value": 1.0
                },
                {
                    "cluster": "cluster_8",
                    "value": 1.0
                },
                {
                    "cluster": "cluster_9",
                    "value": 0.9
                }
            ]
        },
        {
            "variable": "dummy:CHAS:N/A",
            "var": 0.0,
            "values": [
                {
                    "cluster": "cluster_0",
                    "value": 0.0
                },
                {
                    "cluster": "cluster_1",
                    "value": 0.0
                },
                {
                    "cluster": "cluster_10",
                    "value": 0.0
                },
                {
                    "cluster": "cluster_11",
                    "value": 0.0
                },
                {
                    "cluster": "cluster_12",
                    "value": 0.0
                },
                {
                    "cluster": "cluster_13",
                    "value": 0.0
                },
                {
                    "cluster": "cluster_14",
                    "value": 0.0
                },
                {
                    "cluster": "cluster_15",
                    "value": 0.0
                },
                {
                    "cluster": "cluster_16",
                    "value": 0.0
                },
                {
                    "cluster": "cluster_17",
                    "value": 0.0
                },
                {
                    "cluster": "cluster_18",
                    "value": 0.0
                },
                {
                    "cluster": "cluster_19",
                    "value": 0.0
                },
                {
                    "cluster": "cluster_2",
                    "value": 0.0
                },
                {
                    "cluster": "cluster_20",
                    "value": 0.0
                },
                {
                    "cluster": "cluster_21",
                    "value": 0.0
                },
                {
                    "cluster": "cluster_22",
                    "value": 0.0
                },
                {
                    "cluster": "cluster_23",
                    "value": 0.0
                },
                {
                    "cluster": "cluster_24",
                    "value": 0.0
                },
                {
                    "cluster": "cluster_3",
                    "value": 0.0
                },
                {
                    "cluster": "cluster_4",
                    "value": 0.0
                },
                {
                    "cluster": "cluster_5",
                    "value": 0.0
                },
                {
                    "cluster": "cluster_6",
                    "value": 0.0
                },
                {
                    "cluster": "cluster_7",
                    "value": 0.0
                },
                {
                    "cluster": "cluster_8",
                    "value": 0.0
                },
                {
                    "cluster": "cluster_9",
                    "value": 0.0
                }
            ]
        },
        {
            "variable": "dummy:CHAS:__Others__",
            "var": 0.02,
            "values": [
                {
                    "cluster": "cluster_0",
                    "value": 0.19230769230769232
                },
                {
                    "cluster": "cluster_1",
                    "value": 0.0
                },
                {
                    "cluster": "cluster_10",
                    "value": 0.0
                },
                {
                    "cluster": "cluster_11",
                    "value": 0.0
                },
                {
                    "cluster": "cluster_12",
                    "value": 0.0
                },
                {
                    "cluster": "cluster_13",
                    "value": 0.1111111111111111
                },
                {
                    "cluster": "cluster_14",
                    "value": 0.4166666666666667
                },
                {
                    "cluster": "cluster_15",
                    "value": 0.10204081632653061
                },
                {
                    "cluster": "cluster_16",
                    "value": 0.10810810810810811
                },
                {
                    "cluster": "cluster_17",
                    "value": 0.6
                },
                {
                    "cluster": "cluster_18",
                    "value": 0.15384615384615385
                },
                {
                    "cluster": "cluster_19",
                    "value": 0.0
                },
                {
                    "cluster": "cluster_2",
                    "value": 0.0
                },
                {
                    "cluster": "cluster_20",
                    "value": 0.0
                },
                {
                    "cluster": "cluster_21",
                    "value": 0.16666666666666666
                },
                {
                    "cluster": "cluster_22",
                    "value": 0.0
                },
                {
                    "cluster": "cluster_23",
                    "value": 0.08333333333333333
                },
                {
                    "cluster": "cluster_24",
                    "value": 0.0
                },
                {
                    "cluster": "cluster_3",
                    "value": 0.0
                },
                {
                    "cluster": "cluster_4",
                    "value": 0.0
                },
                {
                    "cluster": "cluster_5",
                    "value": 0.1
                },
                {
                    "cluster": "cluster_6",
                    "value": 0.16666666666666666
                },
                {
                    "cluster": "cluster_7",
                    "value": 0.0
                },
                {
                    "cluster": "cluster_8",
                    "value": 0.0
                },
                {
                    "cluster": "cluster_9",
                    "value": 0.1
                }
            ]
        },
        {
            "variable": "B",
            "var": 11973.82,
            "values": [
                {
                    "cluster": "cluster_0",
                    "value": 390.363846153846
                },
                {
                    "cluster": "cluster_1",
                    "value": 387.0594117647058
                },
                {
                    "cluster": "cluster_10",
                    "value": 389.69870967741934
                },
                {
                    "cluster": "cluster_11",
                    "value": 371.10538461538465
                },
                {
                    "cluster": "cluster_12",
                    "value": 100.93833333333333
                },
                {
                    "cluster": "cluster_13",
                    "value": 321.59777777777776
                },
                {
                    "cluster": "cluster_14",
                    "value": 393.7758333333333
                },
                {
                    "cluster": "cluster_15",
                    "value": 367.74306122448974
                },
                {
                    "cluster": "cluster_16",
                    "value": 387.2945945945945
                },
                {
                    "cluster": "cluster_17",
                    "value": 371.38599999999997
                },
                {
                    "cluster": "cluster_18",
                    "value": 386.81538461538463
                },
                {
                    "cluster": "cluster_19",
                    "value": 388.9292592592592
                },
                {
                    "cluster": "cluster_2",
                    "value": 50.45416666666667
                },
                {
                    "cluster": "cluster_20",
                    "value": 340.2011111111112
                },
                {
                    "cluster": "cluster_21",
                    "value": 276.2716666666667
                },
                {
                    "cluster": "cluster_22",
                    "value": 16.45
                },
                {
                    "cluster": "cluster_23",
                    "value": 391.1883333333331
                },
                {
                    "cluster": "cluster_24",
                    "value": 378.2982352941176
                },
                {
                    "cluster": "cluster_3",
                    "value": 391.23249999999985
                },
                {
                    "cluster": "cluster_4",
                    "value": 378.09999999999997
                },
                {
                    "cluster": "cluster_5",
                    "value": 389.293
                },
                {
                    "cluster": "cluster_6",
                    "value": 352.0516666666667
                },
                {
                    "cluster": "cluster_7",
                    "value": 390.935
                },
                {
                    "cluster": "cluster_8",
                    "value": 389.49249999999995
                },
                {
                    "cluster": "cluster_9",
                    "value": 388.488
                }
            ]
        },
        {
            "variable": "TAX",
            "var": 30453.79,
            "values": [
                {
                    "cluster": "cluster_0",
                    "value": 270.03846153846155
                },
                {
                    "cluster": "cluster_1",
                    "value": 666.0
                },
                {
                    "cluster": "cluster_10",
                    "value": 365.7741935483871
                },
                {
                    "cluster": "cluster_11",
                    "value": 666.0
                },
                {
                    "cluster": "cluster_12",
                    "value": 666.0
                },
                {
                    "cluster": "cluster_13",
                    "value": 403.0
                },
                {
                    "cluster": "cluster_14",
                    "value": 275.1666666666667
                },
                {
                    "cluster": "cluster_15",
                    "value": 666.0
                },
                {
                    "cluster": "cluster_16",
                    "value": 290.6216216216216
                },
                {
                    "cluster": "cluster_17",
                    "value": 666.0
                },
                {
                    "cluster": "cluster_18",
                    "value": 296.0769230769231
                },
                {
                    "cluster": "cluster_19",
                    "value": 292.44444444444446
                },
                {
                    "cluster": "cluster_2",
                    "value": 666.0
                },
                {
                    "cluster": "cluster_20",
                    "value": 316.6111111111111
                },
                {
                    "cluster": "cluster_21",
                    "value": 403.0
                },
                {
                    "cluster": "cluster_22",
                    "value": 666.0
                },
                {
                    "cluster": "cluster_23",
                    "value": 306.2083333333333
                },
                {
                    "cluster": "cluster_24",
                    "value": 517.5882352941177
                },
                {
                    "cluster": "cluster_3",
                    "value": 300.8125
                },
                {
                    "cluster": "cluster_4",
                    "value": 188.0
                },
                {
                    "cluster": "cluster_5",
                    "value": 276.5
                },
                {
                    "cluster": "cluster_6",
                    "value": 403.0
                },
                {
                    "cluster": "cluster_7",
                    "value": 666.0
                },
                {
                    "cluster": "cluster_8",
                    "value": 333.6
                },
                {
                    "cluster": "cluster_9",
                    "value": 258.45
                }
            ]
        },
        {
            "variable": "CRIM",
            "var": 444.97,
            "values": [
                {
                    "cluster": "cluster_0",
                    "value": 0.46547299778410883
                },
                {
                    "cluster": "cluster_1",
                    "value": 6.517902352941176
                },
                {
                    "cluster": "cluster_10",
                    "value": 0.3269401281030134
                },
                {
                    "cluster": "cluster_11",
                    "value": 20.994811538461537
                },
                {
                    "cluster": "cluster_12",
                    "value": 28.389599999999998
                },
                {
                    "cluster": "cluster_13",
                    "value": 1.9855944444444447
                },
                {
                    "cluster": "cluster_14",
                    "value": 0.2279616666666667
                },
                {
                    "cluster": "cluster_15",
                    "value": 8.407492896195514
                },
                {
                    "cluster": "cluster_16",
                    "value": 0.30743864864864867
                },
                {
                    "cluster": "cluster_17",
                    "value": 6.509680794238685
                },
                {
                    "cluster": "cluster_18",
                    "value": 1.123384920861032
                },
                {
                    "cluster": "cluster_19",
                    "value": 0.2504012581923487
                },
                {
                    "cluster": "cluster_2",
                    "value": 9.391330330932785
                },
                {
                    "cluster": "cluster_20",
                    "value": 0.7927372222222222
                },
                {
                    "cluster": "cluster_21",
                    "value": 1.7655866666666666
                },
                {
                    "cluster": "cluster_22",
                    "value": 73.5341
                },
                {
                    "cluster": "cluster_23",
                    "value": 0.5231642463991769
                },
                {
                    "cluster": "cluster_24",
                    "value": 0.4906058823529411
                },
                {
                    "cluster": "cluster_3",
                    "value": 0.21156981159979424
                },
                {
                    "cluster": "cluster_4",
                    "value": 0.14808166666666667
                },
                {
                    "cluster": "cluster_5",
                    "value": 0.3826433971193416
                },
                {
                    "cluster": "cluster_6",
                    "value": 2.879523333333333
                },
                {
                    "cluster": "cluster_7",
                    "value": 78.4485
                },
                {
                    "cluster": "cluster_8",
                    "value": 0.2161436985596708
                },
                {
                    "cluster": "cluster_9",
                    "value": 0.21647299999999992
                }
            ]
        },
        {
            "variable": "PTRATIO",
            "var": 5.48,
            "values": [
                {
                    "cluster": "cluster_0",
                    "value": 17.299999999999994
                },
                {
                    "cluster": "cluster_1",
                    "value": 20.199999999999996
                },
                {
                    "cluster": "cluster_10",
                    "value": 19.370967741935484
                },
                {
                    "cluster": "cluster_11",
                    "value": 20.199999999999996
                },
                {
                    "cluster": "cluster_12",
                    "value": 20.2
                },
                {
                    "cluster": "cluster_13",
                    "value": 14.700000000000001
                },
                {
                    "cluster": "cluster_14",
                    "value": 17.116666666666667
                },
                {
                    "cluster": "cluster_15",
                    "value": 20.200000000000017
                },
                {
                    "cluster": "cluster_16",
                    "value": 18.921621621621632
                },
                {
                    "cluster": "cluster_17",
                    "value": 20.2
                },
                {
                    "cluster": "cluster_18",
                    "value": 13.392307692307693
                },
                {
                    "cluster": "cluster_19",
                    "value": 17.75925925925926
                },
                {
                    "cluster": "cluster_2",
                    "value": 20.199999999999992
                },
                {
                    "cluster": "cluster_20",
                    "value": 20.705555555555552
                },
                {
                    "cluster": "cluster_21",
                    "value": 14.700000000000001
                },
                {
                    "cluster": "cluster_22",
                    "value": 20.2
                },
                {
                    "cluster": "cluster_23",
                    "value": 16.816666666666666
                },
                {
                    "cluster": "cluster_24",
                    "value": 20.876470588235296
                },
                {
                    "cluster": "cluster_3",
                    "value": 18.69375000000001
                },
                {
                    "cluster": "cluster_4",
                    "value": 19.099999999999998
                },
                {
                    "cluster": "cluster_5",
                    "value": 14.110000000000003
                },
                {
                    "cluster": "cluster_6",
                    "value": 14.700000000000001
                },
                {
                    "cluster": "cluster_7",
                    "value": 20.2
                },
                {
                    "cluster": "cluster_8",
                    "value": 16.96
                },
                {
                    "cluster": "cluster_9",
                    "value": 17.275
                }
            ]
        },
        {
            "variable": "MEDV",
            "var": 122.24,
            "values": [
                {
                    "cluster": "cluster_0",
                    "value": 26.62307692307692
                },
                {
                    "cluster": "cluster_1",
                    "value": 22.27058823529412
                },
                {
                    "cluster": "cluster_10",
                    "value": 20.13225806451613
                },
                {
                    "cluster": "cluster_11",
                    "value": 9.707692307692309
                },
                {
                    "cluster": "cluster_12",
                    "value": 14.266666666666667
                },
                {
                    "cluster": "cluster_13",
                    "value": 25.47777777777778
                },
                {
                    "cluster": "cluster_14",
                    "value": 20.599999999999998
                },
                {
                    "cluster": "cluster_15",
                    "value": 15.508163265306122
                },
                {
                    "cluster": "cluster_16",
                    "value": 21.516216216216215
                },
                {
                    "cluster": "cluster_17",
                    "value": 50.0
                },
                {
                    "cluster": "cluster_18",
                    "value": 42.56923076923078
                },
                {
                    "cluster": "cluster_19",
                    "value": 24.21481481481482
                },
                {
                    "cluster": "cluster_2",
                    "value": 13.033333333333333
                },
                {
                    "cluster": "cluster_20",
                    "value": 15.82222222222222
                },
                {
                    "cluster": "cluster_21",
                    "value": 18.349999999999998
                },
                {
                    "cluster": "cluster_22",
                    "value": 8.8
                },
                {
                    "cluster": "cluster_23",
                    "value": 31.75833333333334
                },
                {
                    "cluster": "cluster_24",
                    "value": 15.282352941176471
                },
                {
                    "cluster": "cluster_3",
                    "value": 22.631250000000005
                },
                {
                    "cluster": "cluster_4",
                    "value": 19.783333333333335
                },
                {
                    "cluster": "cluster_5",
                    "value": 41.519999999999996
                },
                {
                    "cluster": "cluster_6",
                    "value": 14.499999999999998
                },
                {
                    "cluster": "cluster_7",
                    "value": 7.7
                },
                {
                    "cluster": "cluster_8",
                    "value": 24.460000000000004
                },
                {
                    "cluster": "cluster_9",
                    "value": 40.480000000000004
                }
            ]
        },
        {
            "variable": "DIS",
            "var": 3.88,
            "values": [
                {
                    "cluster": "cluster_0",
                    "value": 3.3724269230769233
                },
                {
                    "cluster": "cluster_1",
                    "value": 2.9807235294117653
                },
                {
                    "cluster": "cluster_10",
                    "value": 2.837212903225806
                },
                {
                    "cluster": "cluster_11",
                    "value": 1.5134461538461537
                },
                {
                    "cluster": "cluster_12",
                    "value": 1.6370833333333332
                },
                {
                    "cluster": "cluster_13",
                    "value": 2.146166666666667
                },
                {
                    "cluster": "cluster_14",
                    "value": 4.426874999999999
                },
                {
                    "cluster": "cluster_15",
                    "value": 2.025493877551021
                },
                {
                    "cluster": "cluster_16",
                    "value": 3.991510810810811
                },
                {
                    "cluster": "cluster_17",
                    "value": 1.23806
                },
                {
                    "cluster": "cluster_18",
                    "value": 2.147692307692308
                },
                {
                    "cluster": "cluster_19",
                    "value": 5.130877777777778
                },
                {
                    "cluster": "cluster_2",
                    "value": 2.1077166666666667
                },
                {
                    "cluster": "cluster_20",
                    "value": 3.808966666666666
                },
                {
                    "cluster": "cluster_21",
                    "value": 1.6629833333333333
                },
                {
                    "cluster": "cluster_22",
                    "value": 1.8026
                },
                {
                    "cluster": "cluster_23",
                    "value": 5.528574999999999
                },
                {
                    "cluster": "cluster_24",
                    "value": 1.8759176470588237
                },
                {
                    "cluster": "cluster_3",
                    "value": 7.109615625000003
                },
                {
                    "cluster": "cluster_4",
                    "value": 2.0497333333333336
                },
                {
                    "cluster": "cluster_5",
                    "value": 6.36098
                },
                {
                    "cluster": "cluster_6",
                    "value": 1.4147999999999998
                },
                {
                    "cluster": "cluster_7",
                    "value": 1.42095
                },
                {
                    "cluster": "cluster_8",
                    "value": 8.495079999999998
                },
                {
                    "cluster": "cluster_9",
                    "value": 3.706485
                }
            ]
        },
        {
            "variable": "ZN",
            "var": 563.92,
            "values": [
                {
                    "cluster": "cluster_0",
                    "value": 3.5
                },
                {
                    "cluster": "cluster_1",
                    "value": 0.0
                },
                {
                    "cluster": "cluster_10",
                    "value": 0.0
                },
                {
                    "cluster": "cluster_11",
                    "value": 0.0
                },
                {
                    "cluster": "cluster_12",
                    "value": 0.0
                },
                {
                    "cluster": "cluster_13",
                    "value": 0.0
                },
                {
                    "cluster": "cluster_14",
                    "value": 3.125
                },
                {
                    "cluster": "cluster_15",
                    "value": 0.0
                },
                {
                    "cluster": "cluster_16",
                    "value": 1.837837837837838
                },
                {
                    "cluster": "cluster_17",
                    "value": 0.0
                },
                {
                    "cluster": "cluster_18",
                    "value": 13.846153846153847
                },
                {
                    "cluster": "cluster_19",
                    "value": 2.240740740740741
                },
                {
                    "cluster": "cluster_2",
                    "value": 0.0
                },
                {
                    "cluster": "cluster_20",
                    "value": 1.3888888888888888
                },
                {
                    "cluster": "cluster_21",
                    "value": 0.0
                },
                {
                    "cluster": "cluster_22",
                    "value": 0.0
                },
                {
                    "cluster": "cluster_23",
                    "value": 47.666666666666664
                },
                {
                    "cluster": "cluster_24",
                    "value": 0.0
                },
                {
                    "cluster": "cluster_3",
                    "value": 19.59375
                },
                {
                    "cluster": "cluster_4",
                    "value": 0.0
                },
                {
                    "cluster": "cluster_5",
                    "value": 86.25
                },
                {
                    "cluster": "cluster_6",
                    "value": 0.0
                },
                {
                    "cluster": "cluster_7",
                    "value": 0.0
                },
                {
                    "cluster": "cluster_8",
                    "value": 76.875
                },
                {
                    "cluster": "cluster_9",
                    "value": 4.0
                }
            ]
        },
        {
            "variable": "INDUS",
            "var": 49.01,
            "values": [
                {
                    "cluster": "cluster_0",
                    "value": 5.447230136119027
                },
                {
                    "cluster": "cluster_1",
                    "value": 18.099999999999998
                },
                {
                    "cluster": "cluster_10",
                    "value": 9.878064516129035
                },
                {
                    "cluster": "cluster_11",
                    "value": 17.560307059195946
                },
                {
                    "cluster": "cluster_12",
                    "value": 18.099999999999998
                },
                {
                    "cluster": "cluster_13",
                    "value": 19.58
                },
                {
                    "cluster": "cluster_14",
                    "value": 8.331165980795612
                },
                {
                    "cluster": "cluster_15",
                    "value": 17.670448475686584
                },
                {
                    "cluster": "cluster_16",
                    "value": 8.983621399176954
                },
                {
                    "cluster": "cluster_17",
                    "value": 18.1
                },
                {
                    "cluster": "cluster_18",
                    "value": 7.572307692307691
                },
                {
                    "cluster": "cluster_19",
                    "value": 8.062592592592592
                },
                {
                    "cluster": "cluster_2",
                    "value": 17.807666323731144
                },
                {
                    "cluster": "cluster_20",
                    "value": 8.292443987197075
                },
                {
                    "cluster": "cluster_21",
                    "value": 19.58
                },
                {
                    "cluster": "cluster_22",
                    "value": 18.1
                },
                {
                    "cluster": "cluster_23",
                    "value": 4.701999314128944
                },
                {
                    "cluster": "cluster_24",
                    "value": 23.610588235294117
                },
                {
                    "cluster": "cluster_3",
                    "value": 5.226186985596709
                },
                {
                    "cluster": "cluster_4",
                    "value": 25.650000000000002
                },
                {
                    "cluster": "cluster_5",
                    "value": 2.034
                },
                {
                    "cluster": "cluster_6",
                    "value": 16.747997256515777
                },
                {
                    "cluster": "cluster_7",
                    "value": 18.1
                },
                {
                    "cluster": "cluster_8",
                    "value": 2.681
                },
                {
                    "cluster": "cluster_9",
                    "value": 4.6065000000000005
                }
            ]
        },
        {
            "variable": "RAD",
            "var": 88.02,
            "values": [
                {
                    "cluster": "cluster_0",
                    "value": 4.5
                },
                {
                    "cluster": "cluster_1",
                    "value": 24.0
                },
                {
                    "cluster": "cluster_10",
                    "value": 4.67741935483871
                },
                {
                    "cluster": "cluster_11",
                    "value": 24.0
                },
                {
                    "cluster": "cluster_12",
                    "value": 24.0
                },
                {
                    "cluster": "cluster_13",
                    "value": 5.0
                },
                {
                    "cluster": "cluster_14",
                    "value": 4.5
                },
                {
                    "cluster": "cluster_15",
                    "value": 24.0
                },
                {
                    "cluster": "cluster_16",
                    "value": 4.486486486486487
                },
                {
                    "cluster": "cluster_17",
                    "value": 24.0
                },
                {
                    "cluster": "cluster_18",
                    "value": 5.0
                },
                {
                    "cluster": "cluster_19",
                    "value": 4.37037037037037
                },
                {
                    "cluster": "cluster_2",
                    "value": 24.0
                },
                {
                    "cluster": "cluster_20",
                    "value": 4.388888888888889
                },
                {
                    "cluster": "cluster_21",
                    "value": 5.0
                },
                {
                    "cluster": "cluster_22",
                    "value": 24.0
                },
                {
                    "cluster": "cluster_23",
                    "value": 4.375
                },
                {
                    "cluster": "cluster_24",
                    "value": 4.0
                },
                {
                    "cluster": "cluster_3",
                    "value": 5.1875
                },
                {
                    "cluster": "cluster_4",
                    "value": 2.0
                },
                {
                    "cluster": "cluster_5",
                    "value": 2.5
                },
                {
                    "cluster": "cluster_6",
                    "value": 5.0
                },
                {
                    "cluster": "cluster_7",
                    "value": 24.0
                },
                {
                    "cluster": "cluster_8",
                    "value": 3.9
                },
                {
                    "cluster": "cluster_9",
                    "value": 5.1
                }
            ]
        },
        {
            "variable": "LSTAT",
            "var": 54.43,
            "values": [
                {
                    "cluster": "cluster_0",
                    "value": 8.131153846153847
                },
                {
                    "cluster": "cluster_1",
                    "value": 11.93149600580973
                },
                {
                    "cluster": "cluster_10",
                    "value": 11.756479490242933
                },
                {
                    "cluster": "cluster_11",
                    "value": 28.915384615384614
                },
                {
                    "cluster": "cluster_12",
                    "value": 24.319999999999997
                },
                {
                    "cluster": "cluster_13",
                    "value": 9.395555555555555
                },
                {
                    "cluster": "cluster_14",
                    "value": 20.68166666666667
                },
                {
                    "cluster": "cluster_15",
                    "value": 17.448180901990426
                },
                {
                    "cluster": "cluster_16",
                    "value": 11.838278278278278
                },
                {
                    "cluster": "cluster_17",
                    "value": 5.672
                },
                {
                    "cluster": "cluster_18",
                    "value": 6.873076923076923
                },
                {
                    "cluster": "cluster_19",
                    "value": 8.322254229538183
                },
                {
                    "cluster": "cluster_2",
                    "value": 20.866249999999997
                },
                {
                    "cluster": "cluster_20",
                    "value": 18.227777777777778
                },
                {
                    "cluster": "cluster_21",
                    "value": 13.78
                },
                {
                    "cluster": "cluster_22",
                    "value": 20.62
                },
                {
                    "cluster": "cluster_23",
                    "value": 5.3510596707818925
                },
                {
                    "cluster": "cluster_24",
                    "value": 19.436470588235295
                },
                {
                    "cluster": "cluster_3",
                    "value": 9.059402006172842
                },
                {
                    "cluster": "cluster_4",
                    "value": 17.703333333333337
                },
                {
                    "cluster": "cluster_5",
                    "value": 4.619999999999999
                },
                {
                    "cluster": "cluster_6",
                    "value": 28.03
                },
                {
                    "cluster": "cluster_7",
                    "value": 20.095
                },
                {
                    "cluster": "cluster_8",
                    "value": 6.732499999999999
                },
                {
                    "cluster": "cluster_9",
                    "value": 5.420543209876545
                }
            ]
        },
        {
            "variable": "NOX",
            "var": 0.02,
            "values": [
                {
                    "cluster": "cluster_0",
                    "value": 0.5028076923076922
                },
                {
                    "cluster": "cluster_1",
                    "value": 0.604764705882353
                },
                {
                    "cluster": "cluster_10",
                    "value": 0.5466451612903228
                },
                {
                    "cluster": "cluster_11",
                    "value": 0.6831538461538462
                },
                {
                    "cluster": "cluster_12",
                    "value": 0.646
                },
                {
                    "cluster": "cluster_13",
                    "value": 0.605
                },
                {
                    "cluster": "cluster_14",
                    "value": 0.4991666666666666
                },
                {
                    "cluster": "cluster_15",
                    "value": 0.7022040816326531
                },
                {
                    "cluster": "cluster_16",
                    "value": 0.502810810810811
                },
                {
                    "cluster": "cluster_17",
                    "value": 0.6384000000000001
                },
                {
                    "cluster": "cluster_18",
                    "value": 0.6262307692307694
                },
                {
                    "cluster": "cluster_19",
                    "value": 0.46047777777777793
                },
                {
                    "cluster": "cluster_2",
                    "value": 0.6743333333333331
                },
                {
                    "cluster": "cluster_20",
                    "value": 0.5352777777777779
                },
                {
                    "cluster": "cluster_21",
                    "value": 0.8710000000000001
                },
                {
                    "cluster": "cluster_22",
                    "value": 0.679
                },
                {
                    "cluster": "cluster_23",
                    "value": 0.43778749999999994
                },
                {
                    "cluster": "cluster_24",
                    "value": 0.6195882352941176
                },
                {
                    "cluster": "cluster_3",
                    "value": 0.4399406249999999
                },
                {
                    "cluster": "cluster_4",
                    "value": 0.581
                },
                {
                    "cluster": "cluster_5",
                    "value": 0.4076200000000001
                },
                {
                    "cluster": "cluster_6",
                    "value": 0.8710000000000001
                },
                {
                    "cluster": "cluster_7",
                    "value": 0.6819999999999999
                },
                {
                    "cluster": "cluster_8",
                    "value": 0.40580000000000005
                },
                {
                    "cluster": "cluster_9",
                    "value": 0.47948499999999983
                }
            ]
        },
        {
            "variable": "RM",
            "var": 0.49,
            "values": [
                {
                    "cluster": "cluster_0",
                    "value": 6.5529230769230775
                },
                {
                    "cluster": "cluster_1",
                    "value": 6.1332941176470595
                },
                {
                    "cluster": "cluster_10",
                    "value": 6.1729032258064525
                },
                {
                    "cluster": "cluster_11",
                    "value": 4.969769230769231
                },
                {
                    "cluster": "cluster_12",
                    "value": 4.945166666666666
                },
                {
                    "cluster": "cluster_13",
                    "value": 6.188000000000001
                },
                {
                    "cluster": "cluster_14",
                    "value": 5.769583333333333
                },
                {
                    "cluster": "cluster_15",
                    "value": 6.243734693877551
                },
                {
                    "cluster": "cluster_16",
                    "value": 5.954378378378378
                },
                {
                    "cluster": "cluster_17",
                    "value": 6.151999999999999
                },
                {
                    "cluster": "cluster_18",
                    "value": 7.73676923076923
                },
                {
                    "cluster": "cluster_19",
                    "value": 6.2629629629629635
                },
                {
                    "cluster": "cluster_2",
                    "value": 6.358208333333334
                },
                {
                    "cluster": "cluster_20",
                    "value": 5.884499999999999
                },
                {
                    "cluster": "cluster_21",
                    "value": 5.844166666666666
                },
                {
                    "cluster": "cluster_22",
                    "value": 5.957
                },
                {
                    "cluster": "cluster_23",
                    "value": 6.889166666666665
                },
                {
                    "cluster": "cluster_24",
                    "value": 5.864882352941177
                },
                {
                    "cluster": "cluster_3",
                    "value": 6.3110937499999995
                },
                {
                    "cluster": "cluster_4",
                    "value": 5.8855
                },
                {
                    "cluster": "cluster_5",
                    "value": 7.5504999999999995
                },
                {
                    "cluster": "cluster_6",
                    "value": 5.335999999999999
                },
                {
                    "cluster": "cluster_7",
                    "value": 6.3255
                },
                {
                    "cluster": "cluster_8",
                    "value": 6.392249999999999
                },
                {
                    "cluster": "cluster_9",
                    "value": 7.720800000000001
                }
            ]
        },
        {
            "variable": "AGE",
            "var": 620.26,
            "values": [
                {
                    "cluster": "cluster_0",
                    "value": 73.38076923076923
                },
                {
                    "cluster": "cluster_1",
                    "value": 73.01764705882354
                },
                {
                    "cluster": "cluster_10",
                    "value": 78.91087216248508
                },
                {
                    "cluster": "cluster_11",
                    "value": 94.93846153846154
                },
                {
                    "cluster": "cluster_12",
                    "value": 94.63333333333334
                },
                {
                    "cluster": "cluster_13",
                    "value": 93.62222222222222
                },
                {
                    "cluster": "cluster_14",
                    "value": 92.24166666666666
                },
                {
                    "cluster": "cluster_15",
                    "value": 93.65139833711262
                },
                {
                    "cluster": "cluster_16",
                    "value": 53.21231231231229
                },
                {
                    "cluster": "cluster_17",
                    "value": 90.48370370370371
                },
                {
                    "cluster": "cluster_18",
                    "value": 84.83219373219373
                },
                {
                    "cluster": "cluster_19",
                    "value": 25.12962962962963
                },
                {
                    "cluster": "cluster_2",
                    "value": 88.39243827160493
                },
                {
                    "cluster": "cluster_20",
                    "value": 90.87222222222225
                },
                {
                    "cluster": "cluster_21",
                    "value": 93.08641975308642
                },
                {
                    "cluster": "cluster_22",
                    "value": 100.0
                },
                {
                    "cluster": "cluster_23",
                    "value": 31.546604938271603
                },
                {
                    "cluster": "cluster_24",
                    "value": 94.53050108932462
                },
                {
                    "cluster": "cluster_3",
                    "value": 43.946875000000006
                },
                {
                    "cluster": "cluster_4",
                    "value": 83.23641975308642
                },
                {
                    "cluster": "cluster_5",
                    "value": 30.160000000000004
                },
                {
                    "cluster": "cluster_6",
                    "value": 97.88333333333333
                },
                {
                    "cluster": "cluster_7",
                    "value": 95.95
                },
                {
                    "cluster": "cluster_8",
                    "value": 29.625
                },
                {
                    "cluster": "cluster_9",
                    "value": 65.68185185185185
                }
            ]
        },
        {
            "variable": "cluster_size",
            "var": 142.52,
            "values": [
                {
                    "cluster": "cluster_15",
                    "value": 49
                },
                {
                    "cluster": "cluster_16",
                    "value": 37
                },
                {
                    "cluster": "cluster_3",
                    "value": 32
                },
                {
                    "cluster": "cluster_10",
                    "value": 31
                },
                {
                    "cluster": "cluster_19",
                    "value": 27
                },
                {
                    "cluster": "cluster_0",
                    "value": 26
                },
                {
                    "cluster": "cluster_23",
                    "value": 24
                },
                {
                    "cluster": "cluster_2",
                    "value": 24
                },
                {
                    "cluster": "cluster_8",
                    "value": 20
                },
                {
                    "cluster": "cluster_9",
                    "value": 20
                },
                {
                    "cluster": "cluster_20",
                    "value": 18
                },
                {
                    "cluster": "cluster_24",
                    "value": 17
                },
                {
                    "cluster": "cluster_1",
                    "value": 17
                },
                {
                    "cluster": "cluster_18",
                    "value": 13
                },
                {
                    "cluster": "cluster_11",
                    "value": 13
                },
                {
                    "cluster": "cluster_14",
                    "value": 12
                },
                {
                    "cluster": "cluster_5",
                    "value": 10
                },
                {
                    "cluster": "cluster_13",
                    "value": 9
                },
                {
                    "cluster": "cluster_6",
                    "value": 6
                },
                {
                    "cluster": "cluster_12",
                    "value": 6
                },
                {
                    "cluster": "cluster_4",
                    "value": 6
                },
                {
                    "cluster": "cluster_21",
                    "value": 6
                },
                {
                    "cluster": "cluster_17",
                    "value": 5
                },
                {
                    "cluster": "cluster_7",
                    "value": 2
                },
                {
                    "cluster": "cluster_22",
                    "value": 1
                }
            ]
        }
    ],
    "summary": {
        "clusters": []
    }
}