{
    "per_feature": {
        "date": {
            "stats": {
                "mostFrequentValue": "2016-01",
                "leastFrequentValue": "2016-03"
            },
            "dropped_modality": "2016-03",
            "category_possible_values": [
                "2016-01",
                "2016-08",
                "2016-02",
                "2016-05",
                "2016-06",
                "2016-09",
                "2016-04",
                "2016-11",
                "2016-12"
            ],
            "category_possible_counts": [
                4282,
                3978,
                3651,
                3606,
                2777,
                2774,
                1702,
                1581,
                1577
            ]
        },
        "severity": {
            "stats": {
                "min": 1.0,
                "average": 1.6111394433921027,
                "median": 1.0,
                "max": 4.0,
                "p99": 4.0,
                "std": 0.9231107112579979
            },
            "missing_impute_with_value": 1.6111394433921027
        },
        "tip_adm": {
            "stats": {
                "min": 1.0,
                "average": 1.270928961748634,
                "median": 1.0,
                "max": 3.0,
                "p99": 3.0,
                "std": 0.4717260418297879
            },
            "missing_impute_with_value": 1.270928961748634
        },
        "expected_length": {
            "stats": {
                "min": 0.0,
                "average": 4.947654087133906,
                "median": 3.0,
                "max": 440.0,
                "p99": 32.0,
                "std": 7.452861539605482
            },
            "missing_impute_with_value": 4.947654087133906
        },
        "tip_grd": {
            "stats": {
                "mostFrequentValue": "M",
                "leastFrequentValue": "Q"
            },
            "dropped_modality": "Q",
            "category_possible_values": [
                "M"
            ],
            "category_possible_counts": [
                19405
            ]
        },
        "mortality_ratio": {
            "stats": {
                "min": 0.0,
                "average": 0.030019267262239267,
                "median": 0.001079447,
                "max": 0.666666667,
                "p99": 0.306930693,
                "std": 0.06692522667269045
            },
            "missing_impute_with_value": 0.030019267262239267
        },
        "num_proc": {
            "stats": {
                "min": 0.0,
                "average": 4.074930788285006,
                "median": 4.0,
                "max": 22.0,
                "p99": 14.0,
                "std": 2.8102140663873785
            },
            "missing_impute_with_value": 4.074930788285006
        },
        "origin": {
            "stats": {
                "min": 1.0,
                "average": 1.5378114527174704,
                "median": 1.0,
                "max": 9.0,
                "p99": 8.0,
                "std": 1.3856121435756872
            },
            "missing_impute_with_value": 1.5378114527174704
        },
        "exitus": {
            "stats": {}
        },
        "ambulatory": {
            "stats": {
                "min": 0.0,
                "average": 0.06141629025207635,
                "median": 0.0,
                "max": 1.0,
                "p99": 1.0,
                "std": 0.24009670852141435
            },
            "missing_impute_with_value": 0.06141629025207635
        },
        "age": {
            "stats": {
                "min": 0.0,
                "average": 19121.88146583127,
                "median": 19638.0,
                "max": 38292.0,
                "p99": 34727.44999999999,
                "std": 9296.926785198893
            },
            "missing_impute_with_value": 19121.88146583127
        }
    },
    "feature_order": [
        "date",
        "severity",
        "tip_adm",
        "expected_length",
        "tip_grd",
        "mortality_ratio",
        "num_proc",
        "origin",
        "exitus",
        "ambulatory",
        "age"
    ]
}