{
    "metrics": {
        "inertia": 954.4735896268982,
        "silhouette": 0.3816435896644404,
        "nbClusters": 5
    },
    "processed_feature_names": [
        "TAX",
        "CRIM",
        "PTRATIO",
        "DIS",
        "INDUS",
        "RAD",
        "NOX",
        "AGE",
        "dummy:CHAS:0",
        "dummy:CHAS:N/A",
        "dummy:CHAS:__Others__"
    ],
    "variables_importance": {
        "variables": [
            "TAX",
            "CRIM",
            "PTRATIO",
            "DIS",
            "INDUS",
            "RAD",
            "NOX",
            "AGE",
            "dummy:CHAS:0",
            "dummy:CHAS:__Others__"
        ],
        "importances": [
            0.14140733644792097,
            0.14017517010986164,
            0.02961388520194739,
            0.1256678758629296,
            0.13264514613661882,
            0.12399987119201877,
            0.11918511269441007,
            0.18629603289219976,
            0.0006917773038227308,
            0.0003177921582702684
        ]
    },
    "reduce_vars": [],
    "train_nb_records": 431,
    "train_nb_features": 11,
    "train_nb_outliers": 0,
    "cluster_description": [
        {
            "variable": "dummy:CHAS:0",
            "var": 0.0,
            "values": [
                {
                    "cluster": "cluster_0",
                    "value": 0.8951048951048951
                },
                {
                    "cluster": "cluster_1",
                    "value": 0.8936170212765957
                },
                {
                    "cluster": "cluster_2",
                    "value": 0.9272727272727272
                },
                {
                    "cluster": "cluster_3",
                    "value": 0.967741935483871
                },
                {
                    "cluster": "cluster_4",
                    "value": 1.0
                }
            ]
        },
        {
            "variable": "dummy:CHAS:N/A",
            "var": 0.0,
            "values": [
                {
                    "cluster": "cluster_0",
                    "value": 0.0
                },
                {
                    "cluster": "cluster_1",
                    "value": 0.0
                },
                {
                    "cluster": "cluster_2",
                    "value": 0.0
                },
                {
                    "cluster": "cluster_3",
                    "value": 0.0
                },
                {
                    "cluster": "cluster_4",
                    "value": 0.0
                }
            ]
        },
        {
            "variable": "dummy:CHAS:__Others__",
            "var": 0.0,
            "values": [
                {
                    "cluster": "cluster_0",
                    "value": 0.1048951048951049
                },
                {
                    "cluster": "cluster_1",
                    "value": 0.10638297872340426
                },
                {
                    "cluster": "cluster_2",
                    "value": 0.07272727272727272
                },
                {
                    "cluster": "cluster_3",
                    "value": 0.03225806451612903
                },
                {
                    "cluster": "cluster_4",
                    "value": 0.0
                }
            ]
        },
        {
            "variable": "TAX",
            "var": 34286.6,
            "values": [
                {
                    "cluster": "cluster_0",
                    "value": 301.2097902097902
                },
                {
                    "cluster": "cluster_1",
                    "value": 417.0
                },
                {
                    "cluster": "cluster_2",
                    "value": 666.0
                },
                {
                    "cluster": "cluster_3",
                    "value": 299.66129032258067
                },
                {
                    "cluster": "cluster_4",
                    "value": 666.0
                }
            ]
        },
        {
            "variable": "CRIM",
            "var": 584.1,
            "values": [
                {
                    "cluster": "cluster_0",
                    "value": 0.432597453739676
                },
                {
                    "cluster": "cluster_1",
                    "value": 1.2836761702127657
                },
                {
                    "cluster": "cluster_2",
                    "value": 9.642663398428729
                },
                {
                    "cluster": "cluster_3",
                    "value": 0.2948616757931767
                },
                {
                    "cluster": "cluster_4",
                    "value": 56.24572857142858
                }
            ]
        },
        {
            "variable": "PTRATIO",
            "var": 1.96,
            "values": [
                {
                    "cluster": "cluster_0",
                    "value": 18.231468531468522
                },
                {
                    "cluster": "cluster_1",
                    "value": 17.495744680851075
                },
                {
                    "cluster": "cluster_2",
                    "value": 20.200000000000017
                },
                {
                    "cluster": "cluster_3",
                    "value": 17.407258064516125
                },
                {
                    "cluster": "cluster_4",
                    "value": 20.2
                }
            ]
        },
        {
            "variable": "DIS",
            "var": 3.76,
            "values": [
                {
                    "cluster": "cluster_0",
                    "value": 3.4454440559440584
                },
                {
                    "cluster": "cluster_1",
                    "value": 1.8770170212765955
                },
                {
                    "cluster": "cluster_2",
                    "value": 2.0870563636363633
                },
                {
                    "cluster": "cluster_3",
                    "value": 6.293126612903227
                },
                {
                    "cluster": "cluster_4",
                    "value": 1.608942857142857
                }
            ]
        },
        {
            "variable": "INDUS",
            "var": 51.3,
            "values": [
                {
                    "cluster": "cluster_0",
                    "value": 7.648251460473697
                },
                {
                    "cluster": "cluster_1",
                    "value": 21.451233692321175
                },
                {
                    "cluster": "cluster_2",
                    "value": 17.78109053497939
                },
                {
                    "cluster": "cluster_3",
                    "value": 5.156015863533787
                },
                {
                    "cluster": "cluster_4",
                    "value": 18.099999999999998
                }
            ]
        },
        {
            "variable": "RAD",
            "var": 115.02,
            "values": [
                {
                    "cluster": "cluster_0",
                    "value": 4.636363636363637
                },
                {
                    "cluster": "cluster_1",
                    "value": 4.25531914893617
                },
                {
                    "cluster": "cluster_2",
                    "value": 24.0
                },
                {
                    "cluster": "cluster_3",
                    "value": 4.370967741935484
                },
                {
                    "cluster": "cluster_4",
                    "value": 24.0
                }
            ]
        },
        {
            "variable": "NOX",
            "var": 0.01,
            "values": [
                {
                    "cluster": "cluster_0",
                    "value": 0.5238111888111874
                },
                {
                    "cluster": "cluster_1",
                    "value": 0.6751276595744683
                },
                {
                    "cluster": "cluster_2",
                    "value": 0.6733090909090916
                },
                {
                    "cluster": "cluster_3",
                    "value": 0.43926451612903267
                },
                {
                    "cluster": "cluster_4",
                    "value": 0.6858571428571428
                }
            ]
        },
        {
            "variable": "AGE",
            "var": 643.57,
            "values": [
                {
                    "cluster": "cluster_0",
                    "value": 75.5105672105672
                },
                {
                    "cluster": "cluster_1",
                    "value": 92.718597320725
                },
                {
                    "cluster": "cluster_2",
                    "value": 89.47232323232323
                },
                {
                    "cluster": "cluster_3",
                    "value": 33.52529868578255
                },
                {
                    "cluster": "cluster_4",
                    "value": 93.71428571428571
                }
            ]
        },
        {
            "variable": "cluster_size",
            "var": 3257.7,
            "values": [
                {
                    "cluster": "cluster_0",
                    "value": 143
                },
                {
                    "cluster": "cluster_3",
                    "value": 124
                },
                {
                    "cluster": "cluster_2",
                    "value": 110
                },
                {
                    "cluster": "cluster_1",
                    "value": 47
                },
                {
                    "cluster": "cluster_4",
                    "value": 7
                }
            ]
        }
    ],
    "summary": {
        "clusters": []
    }
}