{
    "startedAt": 1671010290591,
    "gridSize": 5,
    "nThreads": 4,
    "nSplits": 5,
    "metric": "ROC_AUC",
    "timeout": null,
    "gridPoints": [
        {
            "finishedAt": 1671010292964,
            "score": 0.9402025513705012,
            "testScoreGibMean": 0.9402025513705012,
            "testScoreMean": 0.9402025513705012,
            "testScoreStd": 0.004952013556130338,
            "trainScoreMean": 0.9417061580638949,
            "trainScoreStd": 0.0011499957339148766,
            "time": 6235,
            "fitTimeMean": 365.4,
            "fitTimeStd": 148.4541680115449,
            "scoreTimeMean": 881.6,
            "scoreTimeStd": 95.55438242173929,
            "parameters": {
                "C": 0.1,
                "penalty": "l2"
            }
        },
        {
            "finishedAt": 1671010294442,
            "score": 0.9403086527313779,
            "testScoreGibMean": 0.9403086527313779,
            "testScoreMean": 0.9403086527313779,
            "testScoreStd": 0.005230000616169658,
            "trainScoreMean": 0.9415313916959601,
            "trainScoreStd": 0.0011259317811340803,
            "time": 6674,
            "fitTimeMean": 577.2,
            "fitTimeStd": 152.85208536359588,
            "scoreTimeMean": 757.6,
            "scoreTimeStd": 253.85239805839927,
            "parameters": {
                "C": 0.01,
                "penalty": "l2"
            }
        },
        {
            "finishedAt": 1671010296868,
            "score": 0.9399090614956381,
            "testScoreGibMean": 0.9399090614956381,
            "testScoreMean": 0.9399090614956381,
            "testScoreStd": 0.004953783683243734,
            "trainScoreMean": 0.9415431207647924,
            "trainScoreStd": 0.0011321337212671471,
            "time": 8245,
            "fitTimeMean": 935.2,
            "fitTimeStd": 130.79663604236924,
            "scoreTimeMean": 713.8,
            "scoreTimeStd": 46.39137850937392,
            "parameters": {
                "C": 10.0,
                "penalty": "l2"
            }
        },
        {
            "finishedAt": 1671010298056,
            "score": 0.939943287746517,
            "testScoreGibMean": 0.939943287746517,
            "testScoreMean": 0.939943287746517,
            "testScoreStd": 0.0049605774221292715,
            "trainScoreMean": 0.9415648151923973,
            "trainScoreStd": 0.0011384439825072562,
            "time": 5978,
            "fitTimeMean": 609.4,
            "fitTimeStd": 165.8452290540792,
            "scoreTimeMean": 586.2,
            "scoreTimeStd": 135.59115015368812,
            "parameters": {
                "C": 1.0,
                "penalty": "l2"
            }
        },
        {
            "finishedAt": 1671010299941,
            "score": 0.9399053536557922,
            "testScoreGibMean": 0.9399053536557922,
            "testScoreMean": 0.9399053536557922,
            "testScoreStd": 0.004950343789983988,
            "trainScoreMean": 0.9415405538908574,
            "trainScoreStd": 0.0011321474507374023,
            "time": 7191,
            "fitTimeMean": 961.6,
            "fitTimeStd": 190.27411805077432,
            "scoreTimeMean": 476.6,
            "scoreTimeStd": 164.01048746955175,
            "parameters": {
                "C": 100.0,
                "penalty": "l2"
            }
        }
    ]
}