[
    {
        "test_score_gib": 0.9398003849718399,
        "train_score": 0.9415292562294633,
        "test_score": 0.9398003849718399,
        "num_samples": 4391,
        "fit_time": 71,
        "score_time": 899,
        "time": 970,
        "parameters": {
            "C": 0.1,
            "penalty": "l2"
        },
        "done_at": 1671010291565,
        "split_id": 0
    },
    {
        "test_score_gib": 0.931213490324936,
        "train_score": 0.9438013342355632,
        "test_score": 0.931213490324936,
        "num_samples": 4390,
        "fit_time": 453,
        "score_time": 898,
        "time": 1351,
        "parameters": {
            "C": 0.1,
            "penalty": "l2"
        },
        "done_at": 1671010291947,
        "split_id": 1
    },
    {
        "test_score_gib": 0.940526309784593,
        "train_score": 0.9418568812742834,
        "test_score": 0.940526309784593,
        "num_samples": 4390,
        "fit_time": 454,
        "score_time": 705,
        "time": 1159,
        "parameters": {
            "C": 0.1,
            "penalty": "l2"
        },
        "done_at": 1671010291756,
        "split_id": 2
    },
    {
        "test_score_gib": 0.9442685514786417,
        "train_score": 0.9405519337217487,
        "test_score": 0.9442685514786417,
        "num_samples": 4390,
        "fit_time": 447,
        "score_time": 910,
        "time": 1357,
        "parameters": {
            "C": 0.1,
            "penalty": "l2"
        },
        "done_at": 1671010291955,
        "split_id": 3
    },
    {
        "test_score_gib": 0.9452041119021541,
        "train_score": 0.9407914251549608,
        "test_score": 0.9452041119021541,
        "num_samples": 4390,
        "fit_time": 402,
        "score_time": 996,
        "time": 1398,
        "parameters": {
            "C": 0.1,
            "penalty": "l2"
        },
        "done_at": 1671010292964,
        "split_id": 4
    },
    {
        "test_score_gib": 0.9398274755828046,
        "train_score": 0.941374785363043,
        "test_score": 0.9398274755828046,
        "num_samples": 4391,
        "fit_time": 307,
        "score_time": 1192,
        "time": 1499,
        "parameters": {
            "C": 0.01,
            "penalty": "l2"
        },
        "done_at": 1671010293440,
        "split_id": 0
    },
    {
        "test_score_gib": 0.930831279664111,
        "train_score": 0.9436092597887554,
        "test_score": 0.930831279664111,
        "num_samples": 4390,
        "fit_time": 700,
        "score_time": 606,
        "time": 1306,
        "parameters": {
            "C": 0.01,
            "penalty": "l2"
        },
        "done_at": 1671010293339,
        "split_id": 1
    },
    {
        "test_score_gib": 0.9410511363636364,
        "train_score": 0.9416040203900172,
        "test_score": 0.9410511363636364,
        "num_samples": 4390,
        "fit_time": 694,
        "score_time": 894,
        "time": 1588,
        "parameters": {
            "C": 0.01,
            "penalty": "l2"
        },
        "done_at": 1671010293545,
        "split_id": 2
    },
    {
        "test_score_gib": 0.9435568980467325,
        "train_score": 0.9405782269754878,
        "test_score": 0.9435568980467325,
        "num_samples": 4390,
        "fit_time": 678,
        "score_time": 503,
        "time": 1181,
        "parameters": {
            "C": 0.01,
            "penalty": "l2"
        },
        "done_at": 1671010294147,
        "split_id": 3
    },
    {
        "test_score_gib": 0.9462765836071559,
        "train_score": 0.9404907016359215,
        "test_score": 0.9462765836071559,
        "num_samples": 4390,
        "fit_time": 507,
        "score_time": 593,
        "time": 1100,
        "parameters": {
            "C": 0.01,
            "penalty": "l2"
        },
        "done_at": 1671010294442,
        "split_id": 4
    },
    {
        "test_score_gib": 0.9396250089113851,
        "train_score": 0.941377192006663,
        "test_score": 0.9396250089113851,
        "num_samples": 4391,
        "fit_time": 1112,
        "score_time": 697,
        "time": 1809,
        "parameters": {
            "C": 10.0,
            "penalty": "l2"
        },
        "done_at": 1671010295352,
        "split_id": 0
    },
    {
        "test_score_gib": 0.9309296846476818,
        "train_score": 0.9436038228786603,
        "test_score": 0.9309296846476818,
        "num_samples": 4390,
        "fit_time": 905,
        "score_time": 696,
        "time": 1601,
        "parameters": {
            "C": 10.0,
            "penalty": "l2"
        },
        "done_at": 1671010295148,
        "split_id": 1
    },
    {
        "test_score_gib": 0.9400114663198247,
        "train_score": 0.9416928826746888,
        "test_score": 0.9400114663198247,
        "num_samples": 4390,
        "fit_time": 1020,
        "score_time": 684,
        "time": 1704,
        "parameters": {
            "C": 10.0,
            "penalty": "l2"
        },
        "done_at": 1671010296045,
        "split_id": 2
    },
    {
        "test_score_gib": 0.9443840703723987,
        "train_score": 0.9404148522836091,
        "test_score": 0.9443840703723987,
        "num_samples": 4390,
        "fit_time": 918,
        "score_time": 686,
        "time": 1604,
        "parameters": {
            "C": 10.0,
            "penalty": "l2"
        },
        "done_at": 1671010296048,
        "split_id": 3
    },
    {
        "test_score_gib": 0.9445951419313618,
        "train_score": 0.9406268917773242,
        "test_score": 0.9445951419313618,
        "num_samples": 4390,
        "fit_time": 721,
        "score_time": 806,
        "time": 1527,
        "parameters": {
            "C": 10.0,
            "penalty": "l2"
        },
        "done_at": 1671010296868,
        "split_id": 4
    },
    {
        "test_score_gib": 0.939630712197904,
        "train_score": 0.9413990300691403,
        "test_score": 0.939630712197904,
        "num_samples": 4391,
        "fit_time": 895,
        "score_time": 618,
        "time": 1513,
        "parameters": {
            "C": 1.0,
            "penalty": "l2"
        },
        "done_at": 1671010296867,
        "split_id": 0
    },
    {
        "test_score_gib": 0.9309567816721431,
        "train_score": 0.9436362660798844,
        "test_score": 0.9309567816721431,
        "num_samples": 4390,
        "fit_time": 599,
        "score_time": 496,
        "time": 1095,
        "parameters": {
            "C": 1.0,
            "penalty": "l2"
        },
        "done_at": 1671010297141,
        "split_id": 1
    },
    {
        "test_score_gib": 0.9400642342095655,
        "train_score": 0.9417160563898489,
        "test_score": 0.9400642342095655,
        "num_samples": 4390,
        "fit_time": 595,
        "score_time": 406,
        "time": 1001,
        "parameters": {
            "C": 1.0,
            "penalty": "l2"
        },
        "done_at": 1671010297050,
        "split_id": 2
    },
    {
        "test_score_gib": 0.9443698087805769,
        "train_score": 0.9404269739192314,
        "test_score": 0.9443698087805769,
        "num_samples": 4390,
        "fit_time": 375,
        "score_time": 810,
        "time": 1185,
        "parameters": {
            "C": 1.0,
            "penalty": "l2"
        },
        "done_at": 1671010298054,
        "split_id": 3
    },
    {
        "test_score_gib": 0.9446949730741147,
        "train_score": 0.9406457872681468,
        "test_score": 0.9446949730741147,
        "num_samples": 4390,
        "fit_time": 583,
        "score_time": 601,
        "time": 1184,
        "parameters": {
            "C": 1.0,
            "penalty": "l2"
        },
        "done_at": 1671010298056,
        "split_id": 4
    },
    {
        "test_score_gib": 0.9396221572681258,
        "train_score": 0.9413762115222252,
        "test_score": 0.9396221572681258,
        "num_samples": 4391,
        "fit_time": 1093,
        "score_time": 698,
        "time": 1791,
        "parameters": {
            "C": 100.0,
            "penalty": "l2"
        },
        "done_at": 1671010298843,
        "split_id": 0
    },
    {
        "test_score_gib": 0.9309353892844104,
        "train_score": 0.9436016837664917,
        "test_score": 0.9309353892844104,
        "num_samples": 4390,
        "fit_time": 1098,
        "score_time": 407,
        "time": 1505,
        "parameters": {
            "C": 100.0,
            "penalty": "l2"
        },
        "done_at": 1671010298648,
        "split_id": 1
    },
    {
        "test_score_gib": 0.939997204728003,
        "train_score": 0.9416881588019832,
        "test_score": 0.939997204728003,
        "num_samples": 4390,
        "fit_time": 894,
        "score_time": 213,
        "time": 1107,
        "parameters": {
            "C": 100.0,
            "penalty": "l2"
        },
        "done_at": 1671010299162,
        "split_id": 2
    },
    {
        "test_score_gib": 0.9443840703723987,
        "train_score": 0.9404127131714406,
        "test_score": 0.9443840703723987,
        "num_samples": 4390,
        "fit_time": 1107,
        "score_time": 582,
        "time": 1689,
        "parameters": {
            "C": 100.0,
            "penalty": "l2"
        },
        "done_at": 1671010299746,
        "split_id": 3
    },
    {
        "test_score_gib": 0.9445880111354508,
        "train_score": 0.9406240396277659,
        "test_score": 0.9445880111354508,
        "num_samples": 4390,
        "fit_time": 616,
        "score_time": 483,
        "time": 1099,
        "parameters": {
            "C": 100.0,
            "penalty": "l2"
        },
        "done_at": 1671010299941,
        "split_id": 4
    }
]