{
    "modelInputNRows": 21951,
    "modelInputNCols": 20,
    "modelInputIsSparse": false,
    "modelInputMemory": 3512160,
    "usedGridSearch": true,
    "gridSize": 5,
    "gridBestScore": 0.9403086527313779,
    "gridCells": [
        {
            "params": {
                "C": 0.1,
                "penalty": "l2"
            },
            "score": 0.9402025513705012,
            "scoreStd": 0.004952013556130338,
            "fitTime": 0.3654,
            "fitTimeStd": 0.1484541680115449,
            "scoreTime": 0.8816,
            "scoreTimeStd": 0.09555438242173929
        },
        {
            "params": {
                "C": 0.01,
                "penalty": "l2"
            },
            "score": 0.9403086527313779,
            "scoreStd": 0.005230000616169658,
            "fitTime": 0.5772,
            "fitTimeStd": 0.15285208536359587,
            "scoreTime": 0.7576,
            "scoreTimeStd": 0.25385239805839926
        },
        {
            "params": {
                "C": 10.0,
                "penalty": "l2"
            },
            "score": 0.9399090614956381,
            "scoreStd": 0.004953783683243734,
            "fitTime": 0.9352,
            "fitTimeStd": 0.13079663604236924,
            "scoreTime": 0.7138,
            "scoreTimeStd": 0.04639137850937392
        },
        {
            "params": {
                "C": 1.0,
                "penalty": "l2"
            },
            "score": 0.939943287746517,
            "scoreStd": 0.0049605774221292715,
            "fitTime": 0.6093999999999999,
            "fitTimeStd": 0.1658452290540792,
            "scoreTime": 0.5862,
            "scoreTimeStd": 0.1355911501536881
        },
        {
            "params": {
                "C": 100.0,
                "penalty": "l2"
            },
            "score": 0.9399053536557922,
            "scoreStd": 0.004950343789983988,
            "fitTime": 0.9616,
            "fitTimeStd": 0.19027411805077432,
            "scoreTime": 0.4766,
            "scoreTimeStd": 0.16401048746955174
        }
    ],
    "lmCoefficients": {
        "variables": [
            "severity",
            "tip_adm",
            "expected_length",
            "mortality_ratio",
            "num_proc",
            "origin",
            "ambulatory",
            "age",
            "dummy:date:2016-01",
            "dummy:date:2016-08",
            "dummy:date:2016-02",
            "dummy:date:2016-05",
            "dummy:date:2016-06",
            "dummy:date:2016-09",
            "dummy:date:2016-04",
            "dummy:date:2016-12",
            "dummy:date:2016-11",
            "dummy:tip_grd:M"
        ],
        "coefs": [
            0.4653341828287215,
            -0.4161740655266349,
            -0.018657818394027793,
            0.810141640224214,
            0.02013705892640752,
            0.19155082850382607,
            -0.2090045021976582,
            1.0817362892551412,
            -0.46418698878575837,
            -0.3787110737275895,
            -0.2432580750750576,
            -0.12137828439286362,
            -0.17029393695480433,
            -0.05620994465521242,
            -0.1466257351989954,
            -0.1440404006649642,
            0.08362914805958974,
            0.06311452836335073
        ],
        "interceptStderr": null,
        "interceptTstat": null,
        "interceptPvalue": null,
        "interceptCoef": -1.8050687232912832,
        "rescaledCoefs": [
            0.5061427116798233,
            -0.8797574396265506,
            -0.0024997110661629258,
            12.235600930743594,
            0.007221261232055608,
            0.13824834025011898,
            -0.8708442529754055,
            0.000116400963904172,
            -0.46418698878575837,
            -0.3787110737275895,
            -0.2432580750750576,
            -0.12137828439286362,
            -0.17029393695480433,
            -0.05620994465521242,
            -0.1466257351989954,
            -0.1440404006649642,
            0.08362914805958974,
            0.06311452836335073
        ],
        "rescaledInterceptCoef": -4.25677168628871
    },
    "probaAware": true
}