{"global": {"size": 431, "facts": [{"type": "numerical", "feature_label": "CRIM", "cluster_label": "cluster_12", "mean": 76.81036666666667, "std": 10.903343970696945, "diff": 8.344976598806511, "global_mean": 3.742854147355657, "global_std": 8.755867875023286}, {"type": "categorical", "feature_label": "CHAS", "cluster_label": "cluster_21", "category_value": "1", "global_ratio": 0.07424593967517401, "current_ratio": 0.5882352941176471, "current_impact": 0.3978688665463608, "diff": -6.92279411764706}, {"type": "numerical", "feature_label": "B", "cluster_label": "cluster_6", "mean": 50.45416666666667, "std": 46.921529953619434, "diff": -3.338021096236273, "global_mean": 356.2846867749414, "global_std": 91.62030774853658}, {"type": "numerical", "feature_label": "ZN", "cluster_label": "cluster_7", "mean": 86.96428571428571, "std": 8.330814637685352, "diff": 3.2683722159393325, "global_mean": 10.935034802784223, "global_std": 23.262115171802925}, {"type": "numerical", "feature_label": "CRIM", "cluster_label": "cluster_3", "mean": 30.26668571428571, "std": 11.930815817373732, "diff": 3.0292635687880924, "global_mean": 3.742854147355657, "global_std": 8.755867875023286}, {"type": "numerical", "feature_label": "MEDV", "cluster_label": "cluster_20", "mean": 50.0, "std": 0.0, "diff": 2.8664217677258432, "global_mean": 22.724361948955938, "global_std": 9.515570373540653}, {"type": "numerical", "feature_label": "MEDV", "cluster_label": "cluster_18", "mean": 49.800000000000004, "std": 0.4898979485566368, "diff": 2.8454035846691426, "global_mean": 22.724361948955938, "global_std": 9.515570373540653}, {"type": "numerical", "feature_label": "NOX", "cluster_label": "cluster_15", "mean": 0.8710000000000002, "std": 2.398355846665908e-16, "diff": 2.7360221660960096, "global_mean": 0.5567744779582383, "global_std": 0.11484757906407088}, {"type": "numerical", "feature_label": "NOX", "cluster_label": "cluster_9", "mean": 0.8710000000000001, "std": 1.2412670766236366e-16, "diff": 2.7360221660960082, "global_mean": 0.5567744779582383, "global_std": 0.11484757906407088}, {"type": "numerical", "feature_label": "ZN", "cluster_label": "cluster_22", "mean": 73.90625, "std": 11.83105905375057, "diff": 2.707028777569895, "global_mean": 10.935034802784223, "global_std": 23.262115171802925}]}, "clusters": [{"cluster": "cluster_0", "size": 28, "facts": [{"type": "numerical", "feature_label": "INDUS", "cluster_label": "cluster_0", "mean": 4.730000000000001, "std": 2.486008253614022, "diff": -0.9536781169706183, "global_mean": 11.19228275710616, "global_std": 6.7761676000638}, {"type": "numerical", "feature_label": "TAX", "cluster_label": "cluster_0", "mean": 264.42857142857144, "std": 43.874761640317864, "diff": -0.8665624365305523, "global_mean": 412.41763341067286, "global_std": 170.77714858562737}, {"type": "numerical", "feature_label": "LSTAT", "cluster_label": "cluster_0", "mean": 6.901785714285715, "std": 2.2329785017814183, "diff": -0.8233479663904842, "global_mean": 12.884991836383959, "global_std": 7.2669228155482255}]}, {"cluster": "cluster_1", "size": 39, "facts": [{"type": "numerical", "feature_label": "RAD", "cluster_label": "cluster_1", "mean": 24.0, "std": 0.0, "diff": 1.6149334258185704, "global_mean": 9.77494199535963, "global_std": 8.808448557209122}, {"type": "numerical", "feature_label": "TAX", "cluster_label": "cluster_1", "mean": 666.0, "std": 0.0, "diff": 1.4848729393217464, "global_mean": 412.41763341067286, "global_std": 170.77714858562737}, {"type": "numerical", "feature_label": "NOX", "cluster_label": "cluster_1", "mean": 0.6868205128205128, "std": 0.0503774551679993, "diff": 1.132335883107512, "global_mean": 0.5567744779582383, "global_std": 0.11484757906407088}]}, {"cluster": "cluster_2", "size": 28, "facts": [{"type": "numerical", "feature_label": "PTRATIO", "cluster_label": "cluster_2", "mean": 20.796428571428567, "std": 0.5252739270254124, "diff": 1.08013581607415, "global_mean": 18.44849187935028, "global_std": 2.173742095333968}, {"type": "numerical", "feature_label": "AGE", "cluster_label": "cluster_2", "mean": 87.78346560846562, "std": 9.307888731907747, "diff": 0.6791630931549806, "global_mean": 69.16676978602732, "global_std": 27.411230100794203}, {"type": "numerical", "feature_label": "RAD", "cluster_label": "cluster_2", "mean": 3.9642857142857144, "std": 1.5748519708717803, "diff": -0.6596685265668362, "global_mean": 9.77494199535963, "global_std": 8.808448557209122}]}, {"cluster": "cluster_3", "size": 7, "facts": [{"type": "numerical", "feature_label": "CRIM", "cluster_label": "cluster_3", "mean": 30.26668571428571, "std": 11.930815817373732, "diff": 3.0292635687880924, "global_mean": 3.742854147355657, "global_std": 8.755867875023286}, {"type": "numerical", "feature_label": "B", "cluster_label": "cluster_3", "mean": 133.58428571428573, "std": 108.47836817497192, "diff": -2.430688201483506, "global_mean": 356.2846867749414, "global_std": 91.62030774853658}, {"type": "numerical", "feature_label": "RM", "cluster_label": "cluster_3", "mean": 5.0288571428571425, "std": 0.7637507072711245, "diff": -1.734792162009746, "global_mean": 6.302051044083534, "global_std": 0.7339172548205453}]}, {"cluster": "cluster_4", "size": 32, "facts": [{"type": "numerical", "feature_label": "AGE", "cluster_label": "cluster_4", "mean": 32.084953703703704, "std": 15.36394107555892, "diff": -1.3527964978576141, "global_mean": 69.16676978602732, "global_std": 27.411230100794203}, {"type": "numerical", "feature_label": "ZN", "cluster_label": "cluster_4", "mean": 41.546875, "std": 18.942765822765402, "diff": 1.3159525679901107, "global_mean": 10.935034802784223, "global_std": 23.262115171802925}, {"type": "numerical", "feature_label": "DIS", "cluster_label": "cluster_4", "mean": 5.93251875, "std": 1.479647378750609, "diff": 1.0652953270100132, "global_mean": 3.7171805104408326, "global_std": 2.079553137416836}]}, {"cluster": "cluster_5", "size": 8, "facts": [{"type": "numerical", "feature_label": "PTRATIO", "cluster_label": "cluster_5", "mean": 13.0, "std": 0.0, "diff": -2.5065033662667267, "global_mean": 18.44849187935028, "global_std": 2.173742095333968}, {"type": "numerical", "feature_label": "MEDV", "cluster_label": "cluster_5", "mean": 34.675, "std": 6.814218328507785, "diff": 1.2559034910061142, "global_mean": 22.724361948955938, "global_std": 9.515570373540653}, {"type": "numerical", "feature_label": "INDUS", "cluster_label": "cluster_5", "mean": 3.9699999999999998, "std": 4.7475133497774e-16, "diff": -1.0658359095247525, "global_mean": 11.19228275710616, "global_std": 6.7761676000638}]}, {"cluster": "cluster_6", "size": 24, "facts": [{"type": "numerical", "feature_label": "B", "cluster_label": "cluster_6", "mean": 50.45416666666667, "std": 46.921529953619434, "diff": -3.338021096236273, "global_mean": 356.2846867749414, "global_std": 91.62030774853658}, {"type": "numerical", "feature_label": "RAD", "cluster_label": "cluster_6", "mean": 24.0, "std": 0.0, "diff": 1.6149334258185704, "global_mean": 9.77494199535963, "global_std": 8.808448557209122}, {"type": "numerical", "feature_label": "TAX", "cluster_label": "cluster_6", "mean": 666.0, "std": 0.0, "diff": 1.4848729393217464, "global_mean": 412.41763341067286, "global_std": 170.77714858562737}]}, {"cluster": "cluster_7", "size": 14, "facts": [{"type": "numerical", "feature_label": "ZN", "cluster_label": "cluster_7", "mean": 86.96428571428571, "std": 8.330814637685352, "diff": 3.2683722159393325, "global_mean": 10.935034802784223, "global_std": 23.262115171802925}, {"type": "numerical", "feature_label": "PTRATIO", "cluster_label": "cluster_7", "mean": 14.707142857142857, "std": 1.569646842060726, "diff": -1.721155895282329, "global_mean": 18.44849187935028, "global_std": 2.173742095333968}, {"type": "numerical", "feature_label": "MEDV", "cluster_label": "cluster_7", "mean": 38.864285714285714, "std": 8.16932415459548, "diff": 1.6961593611045163, "global_mean": 22.724361948955938, "global_std": 9.515570373540653}]}, {"cluster": "cluster_8", "size": 6, "facts": [{"type": "numerical", "feature_label": "INDUS", "cluster_label": "cluster_8", "mean": 25.650000000000002, "std": 3.891802844472395e-15, "diff": 2.1336126991247557, "global_mean": 11.19228275710616, "global_std": 6.7761676000638}, {"type": "numerical", "feature_label": "TAX", "cluster_label": "cluster_8", "mean": 188.0, "std": 0.0, "diff": -1.3140963839090583, "global_mean": 412.41763341067286, "global_std": 170.77714858562737}, {"type": "numerical", "feature_label": "RAD", "cluster_label": "cluster_8", "mean": 2.0, "std": 0.0, "diff": -0.8826687179771702, "global_mean": 9.77494199535963, "global_std": 8.808448557209122}]}, {"cluster": "cluster_9", "size": 5, "facts": [{"type": "numerical", "feature_label": "NOX", "cluster_label": "cluster_9", "mean": 0.8710000000000001, "std": 1.2412670766236366e-16, "diff": 2.7360221660960082, "global_mean": 0.5567744779582383, "global_std": 0.11484757906407088}, {"type": "numerical", "feature_label": "LSTAT", "cluster_label": "cluster_9", "mean": 28.076, "std": 1.411322075218835, "diff": 2.090432023182293, "global_mean": 12.884991836383959, "global_std": 7.2669228155482255}, {"type": "numerical", "feature_label": "PTRATIO", "cluster_label": "cluster_9", "mean": 14.7, "std": 0.0, "diff": -1.7244418679642723, "global_mean": 18.44849187935028, "global_std": 2.173742095333968}]}, {"cluster": "cluster_10", "size": 50, "facts": [{"type": "numerical", "feature_label": "RAD", "cluster_label": "cluster_10", "mean": 4.8, "std": 1.1605769149479943, "diff": -0.5647920814940759, "global_mean": 9.77494199535963, "global_std": 8.808448557209122}, {"type": "numerical", "feature_label": "TAX", "cluster_label": "cluster_10", "mean": 335.56, "std": 63.90048385368213, "diff": -0.4500463560096073, "global_mean": 412.41763341067286, "global_std": 170.77714858562737}, {"type": "numerical", "feature_label": "ZN", "cluster_label": "cluster_10", "mean": 0.56, "std": 3.9597979746446614, "diff": -0.4460056502239434, "global_mean": 10.935034802784223, "global_std": 23.262115171802925}]}, {"cluster": "cluster_11", "size": 13, "facts": [{"type": "numerical", "feature_label": "RM", "cluster_label": "cluster_11", "mean": 7.995538461538461, "std": 0.3221993729004386, "diff": 2.3074636906704313, "global_mean": 6.302051044083534, "global_std": 0.7339172548205453}, {"type": "numerical", "feature_label": "MEDV", "cluster_label": "cluster_11", "mean": 43.69230769230769, "std": 4.766281139151979, "diff": 2.203540609783729, "global_mean": 22.724361948955938, "global_std": 9.515570373540653}, {"type": "numerical", "feature_label": "LSTAT", "cluster_label": "cluster_11", "mean": 5.673912630579299, "std": 3.404051849191563, "diff": -0.9923153704585822, "global_mean": 12.884991836383959, "global_std": 7.2669228155482255}]}, {"cluster": "cluster_12", "size": 3, "facts": [{"type": "numerical", "feature_label": "CRIM", "cluster_label": "cluster_12", "mean": 76.81036666666667, "std": 10.903343970696945, "diff": 8.344976598806511, "global_mean": 3.742854147355657, "global_std": 8.755867875023286}, {"type": "numerical", "feature_label": "RAD", "cluster_label": "cluster_12", "mean": 24.0, "std": 0.0, "diff": 1.6149334258185704, "global_mean": 9.77494199535963, "global_std": 8.808448557209122}, {"type": "numerical", "feature_label": "MEDV", "cluster_label": "cluster_12", "mean": 8.066666666666668, "std": 2.7736858750286295, "diff": -1.5403906131625067, "global_mean": 22.724361948955938, "global_std": 9.515570373540653}]}, {"cluster": "cluster_13", "size": 28, "facts": [{"type": "numerical", "feature_label": "RAD", "cluster_label": "cluster_13", "mean": 24.0, "std": 0.0, "diff": 1.6149334258185704, "global_mean": 9.77494199535963, "global_std": 8.808448557209122}, {"type": "numerical", "feature_label": "TAX", "cluster_label": "cluster_13", "mean": 666.0, "std": 0.0, "diff": 1.4848729393217464, "global_mean": 412.41763341067286, "global_std": 170.77714858562737}, {"type": "numerical", "feature_label": "INDUS", "cluster_label": "cluster_13", "mean": 17.84942827748384, "std": 1.3259009267257231, "diff": 0.9824351924700038, "global_mean": 11.19228275710616, "global_std": 6.7761676000638}]}, {"cluster": "cluster_14", "size": 58, "facts": [{"type": "numerical", "feature_label": "AGE", "cluster_label": "cluster_14", "mean": 36.97931034482758, "std": 17.18158702941509, "diff": -1.1742435243818974, "global_mean": 69.16676978602732, "global_std": 27.411230100794203}, {"type": "numerical", "feature_label": "DIS", "cluster_label": "cluster_14", "mean": 5.896787931034487, "std": 1.2161322815972828, "diff": 1.0481133573249792, "global_mean": 3.7171805104408326, "global_std": 2.079553137416836}, {"type": "numerical", "feature_label": "NOX", "cluster_label": "cluster_14", "mean": 0.45810172413793104, "std": 0.03560391507833124, "diff": -0.8591626800009424, "global_mean": 0.5567744779582383, "global_std": 0.11484757906407088}]}, {"cluster": "cluster_15", "size": 7, "facts": [{"type": "numerical", "feature_label": "NOX", "cluster_label": "cluster_15", "mean": 0.8710000000000002, "std": 2.398355846665908e-16, "diff": 2.7360221660960096, "global_mean": 0.5567744779582383, "global_std": 0.11484757906407088}, {"type": "numerical", "feature_label": "PTRATIO", "cluster_label": "cluster_15", "mean": 14.700000000000001, "std": 1.9186846773327266e-15, "diff": -1.7244418679642715, "global_mean": 18.44849187935028, "global_std": 2.173742095333968}, {"type": "numerical", "feature_label": "INDUS", "cluster_label": "cluster_15", "mean": 19.580000000000002, "std": 3.837369354665453e-15, "diff": 1.2378261191200273, "global_mean": 11.19228275710616, "global_std": 6.7761676000638}]}, {"cluster": "cluster_16", "size": 5, "facts": [{"type": "numerical", "feature_label": "INDUS", "cluster_label": "cluster_16", "mean": 26.57, "std": 2.616199533674753, "diff": 2.2693826585323915, "global_mean": 11.19228275710616, "global_std": 6.7761676000638}, {"type": "numerical", "feature_label": "LSTAT", "cluster_label": "cluster_16", "mean": 24.838, "std": 7.203622005630223, "diff": 1.6448513995554654, "global_mean": 12.884991836383959, "global_std": 7.2669228155482255}, {"type": "numerical", "feature_label": "TAX", "cluster_label": "cluster_16", "mean": 656.2, "std": 122.53652516698847, "diff": 1.427488212611157, "global_mean": 412.41763341067286, "global_std": 170.77714858562737}]}, {"cluster": "cluster_17", "size": 9, "facts": [{"type": "numerical", "feature_label": "PTRATIO", "cluster_label": "cluster_17", "mean": 14.700000000000001, "std": 1.88411095042053e-15, "diff": -1.7244418679642715, "global_mean": 18.44849187935028, "global_std": 2.173742095333968}, {"type": "numerical", "feature_label": "INDUS", "cluster_label": "cluster_17", "mean": 19.58, "std": 0.0, "diff": 1.2378261191200268, "global_mean": 11.19228275710616, "global_std": 6.7761676000638}, {"type": "numerical", "feature_label": "AGE", "cluster_label": "cluster_17", "mean": 93.62222222222222, "std": 6.019297670363581, "diff": 0.8921690980765704, "global_mean": 69.16676978602732, "global_std": 27.411230100794203}]}, {"cluster": "cluster_18", "size": 6, "facts": [{"type": "numerical", "feature_label": "MEDV", "cluster_label": "cluster_18", "mean": 49.800000000000004, "std": 0.4898979485566368, "diff": 2.8454035846691426, "global_mean": 22.724361948955938, "global_std": 9.515570373540653}, {"type": "numerical", "feature_label": "RM", "cluster_label": "cluster_18", "mean": 8.250833333333333, "std": 0.33154029418257264, "diff": 2.655316081546969, "global_mean": 6.302051044083534, "global_std": 0.7339172548205453}, {"type": "numerical", "feature_label": "PTRATIO", "cluster_label": "cluster_18", "mean": 13.85, "std": 0.9311283477587821, "diff": -2.1154726171154996, "global_mean": 18.44849187935028, "global_std": 2.173742095333968}]}, {"cluster": "cluster_19", "size": 11, "facts": [{"type": "numerical", "feature_label": "LSTAT", "cluster_label": "cluster_19", "mean": 28.95909090909091, "std": 5.253401668529553, "diff": 2.211954011444155, "global_mean": 12.884991836383959, "global_std": 7.2669228155482255}, {"type": "numerical", "feature_label": "RM", "cluster_label": "cluster_19", "mean": 4.8385454545454545, "std": 0.46516993962128805, "diff": -1.9941016237531168, "global_mean": 6.302051044083534, "global_std": 0.7339172548205453}, {"type": "numerical", "feature_label": "CRIM", "cluster_label": "cluster_19", "mean": 20.13516363636364, "std": 7.715834644712484, "diff": 1.8721513073270748, "global_mean": 3.742854147355657, "global_std": 8.755867875023286}]}, {"cluster": "cluster_20", "size": 5, "facts": [{"type": "numerical", "feature_label": "MEDV", "cluster_label": "cluster_20", "mean": 50.0, "std": 0.0, "diff": 2.8664217677258432, "global_mean": 22.724361948955938, "global_std": 9.515570373540653}, {"type": "numerical", "feature_label": "RAD", "cluster_label": "cluster_20", "mean": 24.0, "std": 0.0, "diff": 1.6149334258185704, "global_mean": 9.77494199535963, "global_std": 8.808448557209122}, {"type": "numerical", "feature_label": "TAX", "cluster_label": "cluster_20", "mean": 666.0, "std": 0.0, "diff": 1.4848729393217464, "global_mean": 412.41763341067286, "global_std": 170.77714858562737}]}, {"cluster": "cluster_21", "size": 17, "facts": [{"type": "categorical", "feature_label": "CHAS", "cluster_label": "cluster_21", "category_value": "1", "global_ratio": 0.07424593967517401, "current_ratio": 0.5882352941176471, "current_impact": 0.3978688665463608, "diff": -6.92279411764706}, {"type": "numerical", "feature_label": "LSTAT", "cluster_label": "cluster_21", "mean": 19.75705882352941, "std": 5.994126046290946, "diff": 0.9456639573000629, "global_mean": 12.884991836383959, "global_std": 7.2669228155482255}, {"type": "numerical", "feature_label": "TAX", "cluster_label": "cluster_21", "mean": 279.3529411764706, "std": 29.44686141270107, "diff": -0.7791715304784108, "global_mean": 412.41763341067286, "global_std": 170.77714858562737}]}, {"cluster": "cluster_22", "size": 16, "facts": [{"type": "numerical", "feature_label": "ZN", "cluster_label": "cluster_22", "mean": 73.90625, "std": 11.83105905375057, "diff": 2.707028777569895, "global_mean": 10.935034802784223, "global_std": 23.262115171802925}, {"type": "numerical", "feature_label": "DIS", "cluster_label": "cluster_22", "mean": 8.5874375, "std": 1.7485706131485417, "diff": 2.34197285076777, "global_mean": 3.7171805104408326, "global_std": 2.079553137416836}, {"type": "numerical", "feature_label": "AGE", "cluster_label": "cluster_22", "mean": 31.6375, "std": 10.210313413407054, "diff": -1.3691202345910027, "global_mean": 69.16676978602732, "global_std": 27.411230100794203}]}, {"cluster": "cluster_23", "size": 12, "facts": [{"type": "numerical", "feature_label": "INDUS", "cluster_label": "cluster_23", "mean": 22.377499999999998, "std": 1.6887495373796548, "diff": 1.650670098949224, "global_mean": 11.19228275710616, "global_std": 6.7761676000638}, {"type": "numerical", "feature_label": "PTRATIO", "cluster_label": "cluster_23", "mean": 21.10833333333333, "std": 0.31754264805429355, "diff": 1.2236232898523323, "global_mean": 18.44849187935028, "global_std": 2.173742095333968}, {"type": "numerical", "feature_label": "AGE", "cluster_label": "cluster_23", "mean": 93.26820987654321, "std": 8.874527885386954, "diff": 0.879254232732065, "global_mean": 69.16676978602732, "global_std": 27.411230100794203}]}]}