{
    "metrics": {
        "inertia": 924.0518206874142,
        "silhouette": 0.23818003809889585,
        "nbClusters": 24
    },
    "processed_feature_names": [
        "B",
        "TAX",
        "CRIM",
        "PTRATIO",
        "MEDV",
        "DIS",
        "ZN",
        "INDUS",
        "RAD",
        "LSTAT",
        "NOX",
        "RM",
        "AGE",
        "dummy:CHAS:0",
        "dummy:CHAS:N/A",
        "dummy:CHAS:__Others__"
    ],
    "variables_importance": {
        "variables": [
            "B",
            "TAX",
            "CRIM",
            "PTRATIO",
            "MEDV",
            "DIS",
            "ZN",
            "INDUS",
            "RAD",
            "LSTAT",
            "NOX",
            "RM",
            "AGE",
            "dummy:CHAS:0",
            "dummy:CHAS:__Others__"
        ],
        "importances": [
            0.07471993936515546,
            0.05227846781493288,
            0.06351489157306296,
            0.07088330986370363,
            0.11391418639780163,
            0.10513959971633621,
            0.05716348153513423,
            0.06541810371396328,
            0.0442950256955404,
            0.07705911331065107,
            0.0714441942748861,
            0.10123759345387187,
            0.08229948312974932,
            0.010470877612447312,
            0.010161732542763558
        ]
    },
    "reduce_vars": [],
    "train_nb_records": 431,
    "train_nb_features": 16,
    "train_nb_outliers": 0,
    "cluster_description": [
        {
            "variable": "dummy:CHAS:0",
            "var": 0.03,
            "values": [
                {
                    "cluster": "cluster_0",
                    "value": 0.8571428571428571
                },
                {
                    "cluster": "cluster_1",
                    "value": 0.9743589743589743
                },
                {
                    "cluster": "cluster_10",
                    "value": 1.0
                },
                {
                    "cluster": "cluster_11",
                    "value": 0.8461538461538461
                },
                {
                    "cluster": "cluster_12",
                    "value": 1.0
                },
                {
                    "cluster": "cluster_13",
                    "value": 0.8571428571428571
                },
                {
                    "cluster": "cluster_14",
                    "value": 1.0
                },
                {
                    "cluster": "cluster_15",
                    "value": 0.8571428571428571
                },
                {
                    "cluster": "cluster_16",
                    "value": 1.0
                },
                {
                    "cluster": "cluster_17",
                    "value": 0.8888888888888888
                },
                {
                    "cluster": "cluster_18",
                    "value": 0.6666666666666666
                },
                {
                    "cluster": "cluster_19",
                    "value": 1.0
                },
                {
                    "cluster": "cluster_2",
                    "value": 1.0
                },
                {
                    "cluster": "cluster_20",
                    "value": 0.4
                },
                {
                    "cluster": "cluster_21",
                    "value": 0.4117647058823529
                },
                {
                    "cluster": "cluster_22",
                    "value": 1.0
                },
                {
                    "cluster": "cluster_23",
                    "value": 1.0
                },
                {
                    "cluster": "cluster_3",
                    "value": 1.0
                },
                {
                    "cluster": "cluster_4",
                    "value": 0.9375
                },
                {
                    "cluster": "cluster_5",
                    "value": 1.0
                },
                {
                    "cluster": "cluster_6",
                    "value": 1.0
                },
                {
                    "cluster": "cluster_7",
                    "value": 0.9285714285714286
                },
                {
                    "cluster": "cluster_8",
                    "value": 1.0
                },
                {
                    "cluster": "cluster_9",
                    "value": 0.8
                }
            ]
        },
        {
            "variable": "dummy:CHAS:N/A",
            "var": 0.0,
            "values": [
                {
                    "cluster": "cluster_0",
                    "value": 0.0
                },
                {
                    "cluster": "cluster_1",
                    "value": 0.0
                },
                {
                    "cluster": "cluster_10",
                    "value": 0.0
                },
                {
                    "cluster": "cluster_11",
                    "value": 0.0
                },
                {
                    "cluster": "cluster_12",
                    "value": 0.0
                },
                {
                    "cluster": "cluster_13",
                    "value": 0.0
                },
                {
                    "cluster": "cluster_14",
                    "value": 0.0
                },
                {
                    "cluster": "cluster_15",
                    "value": 0.0
                },
                {
                    "cluster": "cluster_16",
                    "value": 0.0
                },
                {
                    "cluster": "cluster_17",
                    "value": 0.0
                },
                {
                    "cluster": "cluster_18",
                    "value": 0.0
                },
                {
                    "cluster": "cluster_19",
                    "value": 0.0
                },
                {
                    "cluster": "cluster_2",
                    "value": 0.0
                },
                {
                    "cluster": "cluster_20",
                    "value": 0.0
                },
                {
                    "cluster": "cluster_21",
                    "value": 0.0
                },
                {
                    "cluster": "cluster_22",
                    "value": 0.0
                },
                {
                    "cluster": "cluster_23",
                    "value": 0.0
                },
                {
                    "cluster": "cluster_3",
                    "value": 0.0
                },
                {
                    "cluster": "cluster_4",
                    "value": 0.0
                },
                {
                    "cluster": "cluster_5",
                    "value": 0.0
                },
                {
                    "cluster": "cluster_6",
                    "value": 0.0
                },
                {
                    "cluster": "cluster_7",
                    "value": 0.0
                },
                {
                    "cluster": "cluster_8",
                    "value": 0.0
                },
                {
                    "cluster": "cluster_9",
                    "value": 0.0
                }
            ]
        },
        {
            "variable": "dummy:CHAS:__Others__",
            "var": 0.03,
            "values": [
                {
                    "cluster": "cluster_0",
                    "value": 0.14285714285714285
                },
                {
                    "cluster": "cluster_1",
                    "value": 0.02564102564102564
                },
                {
                    "cluster": "cluster_10",
                    "value": 0.0
                },
                {
                    "cluster": "cluster_11",
                    "value": 0.15384615384615385
                },
                {
                    "cluster": "cluster_12",
                    "value": 0.0
                },
                {
                    "cluster": "cluster_13",
                    "value": 0.14285714285714285
                },
                {
                    "cluster": "cluster_14",
                    "value": 0.0
                },
                {
                    "cluster": "cluster_15",
                    "value": 0.14285714285714285
                },
                {
                    "cluster": "cluster_16",
                    "value": 0.0
                },
                {
                    "cluster": "cluster_17",
                    "value": 0.1111111111111111
                },
                {
                    "cluster": "cluster_18",
                    "value": 0.3333333333333333
                },
                {
                    "cluster": "cluster_19",
                    "value": 0.0
                },
                {
                    "cluster": "cluster_2",
                    "value": 0.0
                },
                {
                    "cluster": "cluster_20",
                    "value": 0.6
                },
                {
                    "cluster": "cluster_21",
                    "value": 0.5882352941176471
                },
                {
                    "cluster": "cluster_22",
                    "value": 0.0
                },
                {
                    "cluster": "cluster_23",
                    "value": 0.0
                },
                {
                    "cluster": "cluster_3",
                    "value": 0.0
                },
                {
                    "cluster": "cluster_4",
                    "value": 0.0625
                },
                {
                    "cluster": "cluster_5",
                    "value": 0.0
                },
                {
                    "cluster": "cluster_6",
                    "value": 0.0
                },
                {
                    "cluster": "cluster_7",
                    "value": 0.07142857142857142
                },
                {
                    "cluster": "cluster_8",
                    "value": 0.0
                },
                {
                    "cluster": "cluster_9",
                    "value": 0.2
                }
            ]
        },
        {
            "variable": "B",
            "var": 7527.18,
            "values": [
                {
                    "cluster": "cluster_0",
                    "value": 389.2624999999999
                },
                {
                    "cluster": "cluster_1",
                    "value": 364.8751282051282
                },
                {
                    "cluster": "cluster_10",
                    "value": 388.42400000000015
                },
                {
                    "cluster": "cluster_11",
                    "value": 386.96692307692314
                },
                {
                    "cluster": "cluster_12",
                    "value": 266.1066666666667
                },
                {
                    "cluster": "cluster_13",
                    "value": 382.40892857142853
                },
                {
                    "cluster": "cluster_14",
                    "value": 390.7746551724139
                },
                {
                    "cluster": "cluster_15",
                    "value": 261.5057142857143
                },
                {
                    "cluster": "cluster_16",
                    "value": 368.916
                },
                {
                    "cluster": "cluster_17",
                    "value": 321.59777777777776
                },
                {
                    "cluster": "cluster_18",
                    "value": 384.74333333333334
                },
                {
                    "cluster": "cluster_19",
                    "value": 377.8863636363636
                },
                {
                    "cluster": "cluster_2",
                    "value": 358.45500000000004
                },
                {
                    "cluster": "cluster_20",
                    "value": 371.38599999999997
                },
                {
                    "cluster": "cluster_21",
                    "value": 389.74176470588236
                },
                {
                    "cluster": "cluster_22",
                    "value": 390.32124999999996
                },
                {
                    "cluster": "cluster_23",
                    "value": 382.2075
                },
                {
                    "cluster": "cluster_3",
                    "value": 133.58428571428573
                },
                {
                    "cluster": "cluster_4",
                    "value": 391.1549999999999
                },
                {
                    "cluster": "cluster_5",
                    "value": 389.06750000000005
                },
                {
                    "cluster": "cluster_6",
                    "value": 50.45416666666667
                },
                {
                    "cluster": "cluster_7",
                    "value": 388.40285714285716
                },
                {
                    "cluster": "cluster_8",
                    "value": 378.09999999999997
                },
                {
                    "cluster": "cluster_9",
                    "value": 387.88
                }
            ]
        },
        {
            "variable": "TAX",
            "var": 30516.53,
            "values": [
                {
                    "cluster": "cluster_0",
                    "value": 264.42857142857144
                },
                {
                    "cluster": "cluster_1",
                    "value": 666.0
                },
                {
                    "cluster": "cluster_10",
                    "value": 335.56
                },
                {
                    "cluster": "cluster_11",
                    "value": 264.2307692307692
                },
                {
                    "cluster": "cluster_12",
                    "value": 666.0
                },
                {
                    "cluster": "cluster_13",
                    "value": 666.0
                },
                {
                    "cluster": "cluster_14",
                    "value": 291.37931034482756
                },
                {
                    "cluster": "cluster_15",
                    "value": 403.0
                },
                {
                    "cluster": "cluster_16",
                    "value": 656.2
                },
                {
                    "cluster": "cluster_17",
                    "value": 403.0
                },
                {
                    "cluster": "cluster_18",
                    "value": 333.5
                },
                {
                    "cluster": "cluster_19",
                    "value": 666.0
                },
                {
                    "cluster": "cluster_2",
                    "value": 319.32142857142856
                },
                {
                    "cluster": "cluster_20",
                    "value": 666.0
                },
                {
                    "cluster": "cluster_21",
                    "value": 279.3529411764706
                },
                {
                    "cluster": "cluster_22",
                    "value": 339.375
                },
                {
                    "cluster": "cluster_23",
                    "value": 459.8333333333333
                },
                {
                    "cluster": "cluster_3",
                    "value": 666.0
                },
                {
                    "cluster": "cluster_4",
                    "value": 302.59375
                },
                {
                    "cluster": "cluster_5",
                    "value": 264.0
                },
                {
                    "cluster": "cluster_6",
                    "value": 666.0
                },
                {
                    "cluster": "cluster_7",
                    "value": 286.2142857142857
                },
                {
                    "cluster": "cluster_8",
                    "value": 188.0
                },
                {
                    "cluster": "cluster_9",
                    "value": 403.0
                }
            ]
        },
        {
            "variable": "CRIM",
            "var": 272.64,
            "values": [
                {
                    "cluster": "cluster_0",
                    "value": 0.5495518540564375
                },
                {
                    "cluster": "cluster_1",
                    "value": 9.81527415163026
                },
                {
                    "cluster": "cluster_10",
                    "value": 0.33788167942386826
                },
                {
                    "cluster": "cluster_11",
                    "value": 0.23637692307692307
                },
                {
                    "cluster": "cluster_12",
                    "value": 76.81036666666667
                },
                {
                    "cluster": "cluster_13",
                    "value": 5.353298214285713
                },
                {
                    "cluster": "cluster_14",
                    "value": 0.1950948960550589
                },
                {
                    "cluster": "cluster_15",
                    "value": 1.8532657142857143
                },
                {
                    "cluster": "cluster_16",
                    "value": 0.45521400000000006
                },
                {
                    "cluster": "cluster_17",
                    "value": 1.9855944444444447
                },
                {
                    "cluster": "cluster_18",
                    "value": 1.6941223285322362
                },
                {
                    "cluster": "cluster_19",
                    "value": 20.13516363636364
                },
                {
                    "cluster": "cluster_2",
                    "value": 0.6041942857142855
                },
                {
                    "cluster": "cluster_20",
                    "value": 6.509680794238685
                },
                {
                    "cluster": "cluster_21",
                    "value": 0.21163294117647058
                },
                {
                    "cluster": "cluster_22",
                    "value": 0.26387837319958846
                },
                {
                    "cluster": "cluster_23",
                    "value": 0.5053525
                },
                {
                    "cluster": "cluster_3",
                    "value": 30.26668571428571
                },
                {
                    "cluster": "cluster_4",
                    "value": 0.4089747472993827
                },
                {
                    "cluster": "cluster_5",
                    "value": 0.65011125
                },
                {
                    "cluster": "cluster_6",
                    "value": 9.391330330932785
                },
                {
                    "cluster": "cluster_7",
                    "value": 0.28051814079952975
                },
                {
                    "cluster": "cluster_8",
                    "value": 0.14808166666666667
                },
                {
                    "cluster": "cluster_9",
                    "value": 2.97956
                }
            ]
        },
        {
            "variable": "PTRATIO",
            "var": 6.39,
            "values": [
                {
                    "cluster": "cluster_0",
                    "value": 17.43214285714285
                },
                {
                    "cluster": "cluster_1",
                    "value": 20.20000000000001
                },
                {
                    "cluster": "cluster_10",
                    "value": 18.504000000000005
                },
                {
                    "cluster": "cluster_11",
                    "value": 17.261538461538464
                },
                {
                    "cluster": "cluster_12",
                    "value": 20.2
                },
                {
                    "cluster": "cluster_13",
                    "value": 20.199999999999996
                },
                {
                    "cluster": "cluster_14",
                    "value": 18.601724137931043
                },
                {
                    "cluster": "cluster_15",
                    "value": 14.700000000000001
                },
                {
                    "cluster": "cluster_16",
                    "value": 20.32
                },
                {
                    "cluster": "cluster_17",
                    "value": 14.700000000000001
                },
                {
                    "cluster": "cluster_18",
                    "value": 13.85
                },
                {
                    "cluster": "cluster_19",
                    "value": 20.199999999999996
                },
                {
                    "cluster": "cluster_2",
                    "value": 20.796428571428567
                },
                {
                    "cluster": "cluster_20",
                    "value": 20.2
                },
                {
                    "cluster": "cluster_21",
                    "value": 17.488235294117647
                },
                {
                    "cluster": "cluster_22",
                    "value": 17.150000000000006
                },
                {
                    "cluster": "cluster_23",
                    "value": 21.10833333333333
                },
                {
                    "cluster": "cluster_3",
                    "value": 20.2
                },
                {
                    "cluster": "cluster_4",
                    "value": 17.065625000000004
                },
                {
                    "cluster": "cluster_5",
                    "value": 13.0
                },
                {
                    "cluster": "cluster_6",
                    "value": 20.199999999999992
                },
                {
                    "cluster": "cluster_7",
                    "value": 14.707142857142857
                },
                {
                    "cluster": "cluster_8",
                    "value": 19.099999999999998
                },
                {
                    "cluster": "cluster_9",
                    "value": 14.7
                }
            ]
        },
        {
            "variable": "MEDV",
            "var": 145.68,
            "values": [
                {
                    "cluster": "cluster_0",
                    "value": 29.85357142857143
                },
                {
                    "cluster": "cluster_1",
                    "value": 13.75897435897436
                },
                {
                    "cluster": "cluster_10",
                    "value": 21.285999999999994
                },
                {
                    "cluster": "cluster_11",
                    "value": 43.69230769230769
                },
                {
                    "cluster": "cluster_12",
                    "value": 8.066666666666668
                },
                {
                    "cluster": "cluster_13",
                    "value": 21.72142857142857
                },
                {
                    "cluster": "cluster_14",
                    "value": 22.193103448275863
                },
                {
                    "cluster": "cluster_15",
                    "value": 17.7
                },
                {
                    "cluster": "cluster_16",
                    "value": 11.66
                },
                {
                    "cluster": "cluster_17",
                    "value": 25.47777777777778
                },
                {
                    "cluster": "cluster_18",
                    "value": 49.800000000000004
                },
                {
                    "cluster": "cluster_19",
                    "value": 10.127272727272727
                },
                {
                    "cluster": "cluster_2",
                    "value": 17.124999999999996
                },
                {
                    "cluster": "cluster_20",
                    "value": 50.0
                },
                {
                    "cluster": "cluster_21",
                    "value": 20.805882352941175
                },
                {
                    "cluster": "cluster_22",
                    "value": 22.518750000000004
                },
                {
                    "cluster": "cluster_23",
                    "value": 16.791666666666668
                },
                {
                    "cluster": "cluster_3",
                    "value": 13.442857142857145
                },
                {
                    "cluster": "cluster_4",
                    "value": 30.712500000000006
                },
                {
                    "cluster": "cluster_5",
                    "value": 34.675
                },
                {
                    "cluster": "cluster_6",
                    "value": 13.033333333333333
                },
                {
                    "cluster": "cluster_7",
                    "value": 38.864285714285714
                },
                {
                    "cluster": "cluster_8",
                    "value": 19.783333333333335
                },
                {
                    "cluster": "cluster_9",
                    "value": 14.64
                }
            ]
        },
        {
            "variable": "DIS",
            "var": 3.82,
            "values": [
                {
                    "cluster": "cluster_0",
                    "value": 3.503485714285714
                },
                {
                    "cluster": "cluster_1",
                    "value": 1.942907692307693
                },
                {
                    "cluster": "cluster_10",
                    "value": 3.2889959999999996
                },
                {
                    "cluster": "cluster_11",
                    "value": 3.621046153846154
                },
                {
                    "cluster": "cluster_12",
                    "value": 1.5481666666666667
                },
                {
                    "cluster": "cluster_13",
                    "value": 2.701732142857143
                },
                {
                    "cluster": "cluster_14",
                    "value": 5.896787931034487
                },
                {
                    "cluster": "cluster_15",
                    "value": 1.6281428571428571
                },
                {
                    "cluster": "cluster_16",
                    "value": 1.7412800000000002
                },
                {
                    "cluster": "cluster_17",
                    "value": 2.146166666666667
                },
                {
                    "cluster": "cluster_18",
                    "value": 2.1266166666666666
                },
                {
                    "cluster": "cluster_19",
                    "value": 1.5060909090909091
                },
                {
                    "cluster": "cluster_2",
                    "value": 3.4655714285714274
                },
                {
                    "cluster": "cluster_20",
                    "value": 1.23806
                },
                {
                    "cluster": "cluster_21",
                    "value": 4.550917647058823
                },
                {
                    "cluster": "cluster_22",
                    "value": 8.5874375
                },
                {
                    "cluster": "cluster_23",
                    "value": 1.932016666666667
                },
                {
                    "cluster": "cluster_3",
                    "value": 1.632842857142857
                },
                {
                    "cluster": "cluster_4",
                    "value": 5.93251875
                },
                {
                    "cluster": "cluster_5",
                    "value": 2.14335
                },
                {
                    "cluster": "cluster_6",
                    "value": 2.1077166666666667
                },
                {
                    "cluster": "cluster_7",
                    "value": 6.865171428571428
                },
                {
                    "cluster": "cluster_8",
                    "value": 2.0497333333333336
                },
                {
                    "cluster": "cluster_9",
                    "value": 1.41394
                }
            ]
        },
        {
            "variable": "ZN",
            "var": 549.1,
            "values": [
                {
                    "cluster": "cluster_0",
                    "value": 3.25
                },
                {
                    "cluster": "cluster_1",
                    "value": 0.0
                },
                {
                    "cluster": "cluster_10",
                    "value": 0.56
                },
                {
                    "cluster": "cluster_11",
                    "value": 4.615384615384615
                },
                {
                    "cluster": "cluster_12",
                    "value": 0.0
                },
                {
                    "cluster": "cluster_13",
                    "value": 0.0
                },
                {
                    "cluster": "cluster_14",
                    "value": 8.620689655172415
                },
                {
                    "cluster": "cluster_15",
                    "value": 0.0
                },
                {
                    "cluster": "cluster_16",
                    "value": 0.0
                },
                {
                    "cluster": "cluster_17",
                    "value": 0.0
                },
                {
                    "cluster": "cluster_18",
                    "value": 10.0
                },
                {
                    "cluster": "cluster_19",
                    "value": 0.0
                },
                {
                    "cluster": "cluster_2",
                    "value": 0.8928571428571429
                },
                {
                    "cluster": "cluster_20",
                    "value": 0.0
                },
                {
                    "cluster": "cluster_21",
                    "value": 4.676470588235294
                },
                {
                    "cluster": "cluster_22",
                    "value": 73.90625
                },
                {
                    "cluster": "cluster_23",
                    "value": 0.0
                },
                {
                    "cluster": "cluster_3",
                    "value": 0.0
                },
                {
                    "cluster": "cluster_4",
                    "value": 41.546875
                },
                {
                    "cluster": "cluster_5",
                    "value": 17.5
                },
                {
                    "cluster": "cluster_6",
                    "value": 0.0
                },
                {
                    "cluster": "cluster_7",
                    "value": 86.96428571428571
                },
                {
                    "cluster": "cluster_8",
                    "value": 0.0
                },
                {
                    "cluster": "cluster_9",
                    "value": 0.0
                }
            ]
        },
        {
            "variable": "INDUS",
            "var": 55.76,
            "values": [
                {
                    "cluster": "cluster_0",
                    "value": 4.730000000000001
                },
                {
                    "cluster": "cluster_1",
                    "value": 17.74020470613064
                },
                {
                    "cluster": "cluster_10",
                    "value": 9.226359670781886
                },
                {
                    "cluster": "cluster_11",
                    "value": 4.7323076923076925
                },
                {
                    "cluster": "cluster_12",
                    "value": 18.1
                },
                {
                    "cluster": "cluster_13",
                    "value": 17.84942827748384
                },
                {
                    "cluster": "cluster_14",
                    "value": 6.837827444302542
                },
                {
                    "cluster": "cluster_15",
                    "value": 19.580000000000002
                },
                {
                    "cluster": "cluster_16",
                    "value": 26.57
                },
                {
                    "cluster": "cluster_17",
                    "value": 19.58
                },
                {
                    "cluster": "cluster_18",
                    "value": 11.774999999999999
                },
                {
                    "cluster": "cluster_19",
                    "value": 17.462181069958845
                },
                {
                    "cluster": "cluster_2",
                    "value": 8.839428277483835
                },
                {
                    "cluster": "cluster_20",
                    "value": 18.1
                },
                {
                    "cluster": "cluster_21",
                    "value": 9.897175018155412
                },
                {
                    "cluster": "cluster_22",
                    "value": 2.960625
                },
                {
                    "cluster": "cluster_23",
                    "value": 22.377499999999998
                },
                {
                    "cluster": "cluster_3",
                    "value": 18.099999999999998
                },
                {
                    "cluster": "cluster_4",
                    "value": 4.618374485596709
                },
                {
                    "cluster": "cluster_5",
                    "value": 3.9699999999999998
                },
                {
                    "cluster": "cluster_6",
                    "value": 17.807666323731144
                },
                {
                    "cluster": "cluster_7",
                    "value": 1.899285714285714
                },
                {
                    "cluster": "cluster_8",
                    "value": 25.650000000000002
                },
                {
                    "cluster": "cluster_9",
                    "value": 16.181596707818933
                }
            ]
        },
        {
            "variable": "RAD",
            "var": 83.47,
            "values": [
                {
                    "cluster": "cluster_0",
                    "value": 4.75
                },
                {
                    "cluster": "cluster_1",
                    "value": 24.0
                },
                {
                    "cluster": "cluster_10",
                    "value": 4.8
                },
                {
                    "cluster": "cluster_11",
                    "value": 5.461538461538462
                },
                {
                    "cluster": "cluster_12",
                    "value": 24.0
                },
                {
                    "cluster": "cluster_13",
                    "value": 24.0
                },
                {
                    "cluster": "cluster_14",
                    "value": 4.672413793103448
                },
                {
                    "cluster": "cluster_15",
                    "value": 5.0
                },
                {
                    "cluster": "cluster_16",
                    "value": 4.0
                },
                {
                    "cluster": "cluster_17",
                    "value": 5.0
                },
                {
                    "cluster": "cluster_18",
                    "value": 5.0
                },
                {
                    "cluster": "cluster_19",
                    "value": 24.0
                },
                {
                    "cluster": "cluster_2",
                    "value": 3.9642857142857144
                },
                {
                    "cluster": "cluster_20",
                    "value": 24.0
                },
                {
                    "cluster": "cluster_21",
                    "value": 4.588235294117647
                },
                {
                    "cluster": "cluster_22",
                    "value": 3.75
                },
                {
                    "cluster": "cluster_23",
                    "value": 4.0
                },
                {
                    "cluster": "cluster_3",
                    "value": 24.0
                },
                {
                    "cluster": "cluster_4",
                    "value": 4.46875
                },
                {
                    "cluster": "cluster_5",
                    "value": 5.0
                },
                {
                    "cluster": "cluster_6",
                    "value": 24.0
                },
                {
                    "cluster": "cluster_7",
                    "value": 3.0714285714285716
                },
                {
                    "cluster": "cluster_8",
                    "value": 2.0
                },
                {
                    "cluster": "cluster_9",
                    "value": 5.0
                }
            ]
        },
        {
            "variable": "LSTAT",
            "var": 60.23,
            "values": [
                {
                    "cluster": "cluster_0",
                    "value": 6.901785714285715
                },
                {
                    "cluster": "cluster_1",
                    "value": 19.108483697372588
                },
                {
                    "cluster": "cluster_10",
                    "value": 11.562834567901236
                },
                {
                    "cluster": "cluster_11",
                    "value": 5.673912630579299
                },
                {
                    "cluster": "cluster_12",
                    "value": 20.27
                },
                {
                    "cluster": "cluster_13",
                    "value": 12.233408289241623
                },
                {
                    "cluster": "cluster_14",
                    "value": 9.01959131545338
                },
                {
                    "cluster": "cluster_15",
                    "value": 15.782857142857143
                },
                {
                    "cluster": "cluster_16",
                    "value": 24.838
                },
                {
                    "cluster": "cluster_17",
                    "value": 9.395555555555555
                },
                {
                    "cluster": "cluster_18",
                    "value": 4.568333333333334
                },
                {
                    "cluster": "cluster_19",
                    "value": 28.95909090909091
                },
                {
                    "cluster": "cluster_2",
                    "value": 15.717336860670196
                },
                {
                    "cluster": "cluster_20",
                    "value": 5.672
                },
                {
                    "cluster": "cluster_21",
                    "value": 19.75705882352941
                },
                {
                    "cluster": "cluster_22",
                    "value": 7.293749999999999
                },
                {
                    "cluster": "cluster_23",
                    "value": 17.18583333333333
                },
                {
                    "cluster": "cluster_3",
                    "value": 24.757142857142856
                },
                {
                    "cluster": "cluster_4",
                    "value": 5.840652006172841
                },
                {
                    "cluster": "cluster_5",
                    "value": 9.048749999999998
                },
                {
                    "cluster": "cluster_6",
                    "value": 20.866249999999997
                },
                {
                    "cluster": "cluster_7",
                    "value": 4.582142857142857
                },
                {
                    "cluster": "cluster_8",
                    "value": 17.703333333333337
                },
                {
                    "cluster": "cluster_9",
                    "value": 28.076
                }
            ]
        },
        {
            "variable": "NOX",
            "var": 0.02,
            "values": [
                {
                    "cluster": "cluster_0",
                    "value": 0.49128214285714267
                },
                {
                    "cluster": "cluster_1",
                    "value": 0.6868205128205128
                },
                {
                    "cluster": "cluster_10",
                    "value": 0.5232600000000003
                },
                {
                    "cluster": "cluster_11",
                    "value": 0.48044615384615386
                },
                {
                    "cluster": "cluster_12",
                    "value": 0.681
                },
                {
                    "cluster": "cluster_13",
                    "value": 0.6641428571428569
                },
                {
                    "cluster": "cluster_14",
                    "value": 0.45810172413793104
                },
                {
                    "cluster": "cluster_15",
                    "value": 0.8710000000000002
                },
                {
                    "cluster": "cluster_16",
                    "value": 0.612
                },
                {
                    "cluster": "cluster_17",
                    "value": 0.605
                },
                {
                    "cluster": "cluster_18",
                    "value": 0.614
                },
                {
                    "cluster": "cluster_19",
                    "value": 0.6813636363636363
                },
                {
                    "cluster": "cluster_2",
                    "value": 0.5386785714285715
                },
                {
                    "cluster": "cluster_20",
                    "value": 0.6384000000000001
                },
                {
                    "cluster": "cluster_21",
                    "value": 0.4972941176470588
                },
                {
                    "cluster": "cluster_22",
                    "value": 0.40618750000000003
                },
                {
                    "cluster": "cluster_23",
                    "value": 0.6227499999999999
                },
                {
                    "cluster": "cluster_3",
                    "value": 0.6527142857142857
                },
                {
                    "cluster": "cluster_4",
                    "value": 0.43553124999999987
                },
                {
                    "cluster": "cluster_5",
                    "value": 0.6380000000000001
                },
                {
                    "cluster": "cluster_6",
                    "value": 0.6743333333333331
                },
                {
                    "cluster": "cluster_7",
                    "value": 0.40665714285714294
                },
                {
                    "cluster": "cluster_8",
                    "value": 0.581
                },
                {
                    "cluster": "cluster_9",
                    "value": 0.8710000000000001
                }
            ]
        },
        {
            "variable": "RM",
            "var": 0.69,
            "values": [
                {
                    "cluster": "cluster_0",
                    "value": 6.8079285714285716
                },
                {
                    "cluster": "cluster_1",
                    "value": 6.233410256410258
                },
                {
                    "cluster": "cluster_10",
                    "value": 6.03038
                },
                {
                    "cluster": "cluster_11",
                    "value": 7.995538461538461
                },
                {
                    "cluster": "cluster_12",
                    "value": 6.2026666666666666
                },
                {
                    "cluster": "cluster_13",
                    "value": 6.17707142857143
                },
                {
                    "cluster": "cluster_14",
                    "value": 6.17148275862069
                },
                {
                    "cluster": "cluster_15",
                    "value": 5.884999999999999
                },
                {
                    "cluster": "cluster_16",
                    "value": 5.3926
                },
                {
                    "cluster": "cluster_17",
                    "value": 6.188000000000001
                },
                {
                    "cluster": "cluster_18",
                    "value": 8.250833333333333
                },
                {
                    "cluster": "cluster_19",
                    "value": 4.8385454545454545
                },
                {
                    "cluster": "cluster_2",
                    "value": 6.0441071428571425
                },
                {
                    "cluster": "cluster_20",
                    "value": 6.151999999999999
                },
                {
                    "cluster": "cluster_21",
                    "value": 5.831058823529412
                },
                {
                    "cluster": "cluster_22",
                    "value": 6.225249999999998
                },
                {
                    "cluster": "cluster_23",
                    "value": 6.061666666666667
                },
                {
                    "cluster": "cluster_3",
                    "value": 5.0288571428571425
                },
                {
                    "cluster": "cluster_4",
                    "value": 6.876968749999999
                },
                {
                    "cluster": "cluster_5",
                    "value": 7.079125000000001
                },
                {
                    "cluster": "cluster_6",
                    "value": 6.358208333333334
                },
                {
                    "cluster": "cluster_7",
                    "value": 7.41042857142857
                },
                {
                    "cluster": "cluster_8",
                    "value": 5.8855
                },
                {
                    "cluster": "cluster_9",
                    "value": 5.177199999999999
                }
            ]
        },
        {
            "variable": "AGE",
            "var": 524.25,
            "values": [
                {
                    "cluster": "cluster_0",
                    "value": 68.76137566137567
                },
                {
                    "cluster": "cluster_1",
                    "value": 94.69534662867997
                },
                {
                    "cluster": "cluster_10",
                    "value": 68.99511111111113
                },
                {
                    "cluster": "cluster_11",
                    "value": 63.26296296296295
                },
                {
                    "cluster": "cluster_12",
                    "value": 97.3
                },
                {
                    "cluster": "cluster_13",
                    "value": 79.10357142857143
                },
                {
                    "cluster": "cluster_14",
                    "value": 36.97931034482758
                },
                {
                    "cluster": "cluster_15",
                    "value": 94.07407407407406
                },
                {
                    "cluster": "cluster_16",
                    "value": 97.56
                },
                {
                    "cluster": "cluster_17",
                    "value": 93.62222222222222
                },
                {
                    "cluster": "cluster_18",
                    "value": 84.71975308641976
                },
                {
                    "cluster": "cluster_19",
                    "value": 97.36363636363636
                },
                {
                    "cluster": "cluster_2",
                    "value": 87.78346560846562
                },
                {
                    "cluster": "cluster_20",
                    "value": 90.48370370370371
                },
                {
                    "cluster": "cluster_21",
                    "value": 78.31764705882352
                },
                {
                    "cluster": "cluster_22",
                    "value": 31.6375
                },
                {
                    "cluster": "cluster_23",
                    "value": 93.26820987654321
                },
                {
                    "cluster": "cluster_3",
                    "value": 93.31428571428572
                },
                {
                    "cluster": "cluster_4",
                    "value": 32.084953703703704
                },
                {
                    "cluster": "cluster_5",
                    "value": 82.16250000000001
                },
                {
                    "cluster": "cluster_6",
                    "value": 88.39243827160493
                },
                {
                    "cluster": "cluster_7",
                    "value": 27.707142857142856
                },
                {
                    "cluster": "cluster_8",
                    "value": 83.23641975308642
                },
                {
                    "cluster": "cluster_9",
                    "value": 97.46000000000001
                }
            ]
        },
        {
            "variable": "cluster_size",
            "var": 224.82,
            "values": [
                {
                    "cluster": "cluster_14",
                    "value": 58
                },
                {
                    "cluster": "cluster_10",
                    "value": 50
                },
                {
                    "cluster": "cluster_1",
                    "value": 39
                },
                {
                    "cluster": "cluster_4",
                    "value": 32
                },
                {
                    "cluster": "cluster_0",
                    "value": 28
                },
                {
                    "cluster": "cluster_13",
                    "value": 28
                },
                {
                    "cluster": "cluster_2",
                    "value": 28
                },
                {
                    "cluster": "cluster_6",
                    "value": 24
                },
                {
                    "cluster": "cluster_21",
                    "value": 17
                },
                {
                    "cluster": "cluster_22",
                    "value": 16
                },
                {
                    "cluster": "cluster_7",
                    "value": 14
                },
                {
                    "cluster": "cluster_11",
                    "value": 13
                },
                {
                    "cluster": "cluster_23",
                    "value": 12
                },
                {
                    "cluster": "cluster_19",
                    "value": 11
                },
                {
                    "cluster": "cluster_17",
                    "value": 9
                },
                {
                    "cluster": "cluster_5",
                    "value": 8
                },
                {
                    "cluster": "cluster_3",
                    "value": 7
                },
                {
                    "cluster": "cluster_15",
                    "value": 7
                },
                {
                    "cluster": "cluster_18",
                    "value": 6
                },
                {
                    "cluster": "cluster_8",
                    "value": 6
                },
                {
                    "cluster": "cluster_9",
                    "value": 5
                },
                {
                    "cluster": "cluster_16",
                    "value": 5
                },
                {
                    "cluster": "cluster_20",
                    "value": 5
                },
                {
                    "cluster": "cluster_12",
                    "value": 3
                }
            ]
        }
    ],
    "summary": {
        "clusters": []
    }
}