{"global": {"size": 431, "facts": [{"type": "numerical", "feature_label": "CRIM", "cluster_label": "cluster_7", "mean": 76.81036666666667, "std": 10.903343970696945, "diff": 8.344976598806511, "global_mean": 3.742854147355657, "global_std": 8.755867875023286}, {"type": "numerical", "feature_label": "B", "cluster_label": "cluster_5", "mean": 49.1888, "std": 46.36727521647137, "diff": -3.351832080915997, "global_mean": 356.2846867749414, "global_std": 91.62030774853658}, {"type": "numerical", "feature_label": "ZN", "cluster_label": "cluster_4", "mean": 72.61538461538461, "std": 19.2112431234467, "diff": 2.6515366017689557, "global_mean": 10.935034802784223, "global_std": 23.262115171802925}, {"type": "numerical", "feature_label": "MEDV", "cluster_label": "cluster_11", "mean": 45.31666666666666, "std": 11.471776962034554, "diff": 2.37424598114809, "global_mean": 22.724361948955938, "global_std": 9.515570373540653}, {"type": "numerical", "feature_label": "MEDV", "cluster_label": "cluster_8", "mean": 43.36538461538461, "std": 6.220928696437039, "diff": 2.1691839644025825, "global_mean": 22.724361948955938, "global_std": 9.515570373540653}, {"type": "numerical", "feature_label": "RM", "cluster_label": "cluster_8", "mean": 7.837384615384616, "std": 0.49615707810515625, "diff": 2.0919709425233455, "global_mean": 6.302051044083534, "global_std": 0.7339172548205453}, {"type": "numerical", "feature_label": "CRIM", "cluster_label": "cluster_3", "mean": 22.021607894736842, "std": 10.411881876280994, "diff": 2.0876004535795456, "global_mean": 3.742854147355657, "global_std": 8.755867875023286}, {"type": "numerical", "feature_label": "LSTAT", "cluster_label": "cluster_3", "mean": 27.952105263157897, "std": 6.27627240658318, "diff": 2.0733828897338107, "global_mean": 12.884991836383959, "global_std": 7.2669228155482255}, {"type": "numerical", "feature_label": "INDUS", "cluster_label": "cluster_10", "mean": 24.142608695652168, "std": 2.515682118579199, "diff": 1.9111578554261375, "global_mean": 11.19228275710616, "global_std": 6.7761676000638}, {"type": "numerical", "feature_label": "DIS", "cluster_label": "cluster_9", "mean": 7.61389090909091, "std": 1.358925740098506, "diff": 1.8738210284400159, "global_mean": 3.7171805104408326, "global_std": 2.079553137416836}]}, "clusters": [{"cluster": "cluster_0", "size": 52, "facts": [{"type": "numerical", "feature_label": "AGE", "cluster_label": "cluster_0", "mean": 31.950000000000003, "std": 14.233549155731591, "diff": -1.3577197976587343, "global_mean": 69.16676978602732, "global_std": 27.411230100794203}, {"type": "numerical", "feature_label": "NOX", "cluster_label": "cluster_0", "mean": 0.4646903846153846, "std": 0.03595160832321194, "diff": -0.8017939437058754, "global_mean": 0.5567744779582383, "global_std": 0.11484757906407088}, {"type": "numerical", "feature_label": "TAX", "cluster_label": "cluster_0", "mean": 288.2307692307692, "std": 54.110132929712826, "diff": -0.7271866593886626, "global_mean": 412.41763341067286, "global_std": 170.77714858562737}]}, {"cluster": "cluster_1", "size": 64, "facts": [{"type": "numerical", "feature_label": "RAD", "cluster_label": "cluster_1", "mean": 24.0, "std": 0.0, "diff": 1.6149334258185704, "global_mean": 9.77494199535963, "global_std": 8.808448557209122}, {"type": "numerical", "feature_label": "TAX", "cluster_label": "cluster_1", "mean": 666.0, "std": 0.0, "diff": 1.4848729393217464, "global_mean": 412.41763341067286, "global_std": 170.77714858562737}, {"type": "numerical", "feature_label": "NOX", "cluster_label": "cluster_1", "mean": 0.6754843749999997, "std": 0.07045250391249186, "diff": 1.0336299468318422, "global_mean": 0.5567744779582383, "global_std": 0.11484757906407088}]}, {"cluster": "cluster_2", "size": 85, "facts": [{"type": "numerical", "feature_label": "RAD", "cluster_label": "cluster_2", "mean": 4.5058823529411764, "std": 1.3149645062362194, "diff": -0.5981824844859975, "global_mean": 9.77494199535963, "global_std": 8.808448557209122}, {"type": "numerical", "feature_label": "TAX", "cluster_label": "cluster_2", "mean": 323.18823529411765, "std": 59.72506335934112, "diff": -0.5224902679049929, "global_mean": 412.41763341067286, "global_std": 170.77714858562737}, {"type": "numerical", "feature_label": "RM", "cluster_label": "cluster_2", "mean": 5.980870588235294, "std": 0.33632038255194696, "diff": -0.4376248871908236, "global_mean": 6.302051044083534, "global_std": 0.7339172548205453}]}, {"cluster": "cluster_3", "size": 19, "facts": [{"type": "numerical", "feature_label": "CRIM", "cluster_label": "cluster_3", "mean": 22.021607894736842, "std": 10.411881876280994, "diff": 2.0876004535795456, "global_mean": 3.742854147355657, "global_std": 8.755867875023286}, {"type": "numerical", "feature_label": "LSTAT", "cluster_label": "cluster_3", "mean": 27.952105263157897, "std": 6.27627240658318, "diff": 2.0733828897338107, "global_mean": 12.884991836383959, "global_std": 7.2669228155482255}, {"type": "numerical", "feature_label": "RM", "cluster_label": "cluster_3", "mean": 4.943684210526317, "std": 0.5728317624487801, "diff": -1.850844662167481, "global_mean": 6.302051044083534, "global_std": 0.7339172548205453}]}, {"cluster": "cluster_4", "size": 39, "facts": [{"type": "numerical", "feature_label": "ZN", "cluster_label": "cluster_4", "mean": 72.61538461538461, "std": 19.2112431234467, "diff": 2.6515366017689557, "global_mean": 10.935034802784223, "global_std": 23.262115171802925}, {"type": "numerical", "feature_label": "DIS", "cluster_label": "cluster_4", "mean": 6.866594871794871, "std": 1.6412668499072867, "diff": 1.5144668845856735, "global_mean": 3.7171805104408326, "global_std": 2.079553137416836}, {"type": "numerical", "feature_label": "AGE", "cluster_label": "cluster_4", "mean": 29.30816714150047, "std": 11.669730968578008, "diff": -1.4540975541032723, "global_mean": 69.16676978602732, "global_std": 27.411230100794203}]}, {"cluster": "cluster_5", "size": 25, "facts": [{"type": "numerical", "feature_label": "B", "cluster_label": "cluster_5", "mean": 49.1888, "std": 46.36727521647137, "diff": -3.351832080915997, "global_mean": 356.2846867749414, "global_std": 91.62030774853658}, {"type": "numerical", "feature_label": "RAD", "cluster_label": "cluster_5", "mean": 24.0, "std": 0.0, "diff": 1.6149334258185704, "global_mean": 9.77494199535963, "global_std": 8.808448557209122}, {"type": "numerical", "feature_label": "TAX", "cluster_label": "cluster_5", "mean": 666.0, "std": 0.0, "diff": 1.4848729393217464, "global_mean": 412.41763341067286, "global_std": 170.77714858562737}]}, {"cluster": "cluster_6", "size": 20, "facts": [{"type": "numerical", "feature_label": "NOX", "cluster_label": "cluster_6", "mean": 0.7646000000000004, "std": 0.1336981675267092, "diff": 1.8095768647053578, "global_mean": 0.5567744779582383, "global_std": 0.11484757906407088}, {"type": "numerical", "feature_label": "PTRATIO", "cluster_label": "cluster_6", "mean": 14.699999999999994, "std": 5.467510988409185e-15, "diff": -1.7244418679642748, "global_mean": 18.44849187935028, "global_std": 2.173742095333968}, {"type": "numerical", "feature_label": "INDUS", "cluster_label": "cluster_6", "mean": 18.730399176954723, "std": 2.6150161570745194, "diff": 1.112445391666167, "global_mean": 11.19228275710616, "global_std": 6.7761676000638}]}, {"cluster": "cluster_7", "size": 3, "facts": [{"type": "numerical", "feature_label": "CRIM", "cluster_label": "cluster_7", "mean": 76.81036666666667, "std": 10.903343970696945, "diff": 8.344976598806511, "global_mean": 3.742854147355657, "global_std": 8.755867875023286}, {"type": "numerical", "feature_label": "RAD", "cluster_label": "cluster_7", "mean": 24.0, "std": 0.0, "diff": 1.6149334258185704, "global_mean": 9.77494199535963, "global_std": 8.808448557209122}, {"type": "numerical", "feature_label": "MEDV", "cluster_label": "cluster_7", "mean": 8.066666666666668, "std": 2.7736858750286295, "diff": -1.5403906131625067, "global_mean": 22.724361948955938, "global_std": 9.515570373540653}]}, {"cluster": "cluster_8", "size": 26, "facts": [{"type": "numerical", "feature_label": "MEDV", "cluster_label": "cluster_8", "mean": 43.36538461538461, "std": 6.220928696437039, "diff": 2.1691839644025825, "global_mean": 22.724361948955938, "global_std": 9.515570373540653}, {"type": "numerical", "feature_label": "RM", "cluster_label": "cluster_8", "mean": 7.837384615384616, "std": 0.49615707810515625, "diff": 2.0919709425233455, "global_mean": 6.302051044083534, "global_std": 0.7339172548205453}, {"type": "numerical", "feature_label": "PTRATIO", "cluster_label": "cluster_8", "mean": 15.176923076923078, "std": 2.0765948458585153, "diff": -1.5050399996622255, "global_mean": 18.44849187935028, "global_std": 2.173742095333968}]}, {"cluster": "cluster_9", "size": 33, "facts": [{"type": "numerical", "feature_label": "DIS", "cluster_label": "cluster_9", "mean": 7.61389090909091, "std": 1.358925740098506, "diff": 1.8738210284400159, "global_mean": 3.7171805104408326, "global_std": 2.079553137416836}, {"type": "numerical", "feature_label": "NOX", "cluster_label": "cluster_9", "mean": 0.4315484848484847, "std": 0.01738271629399663, "diff": -1.0903668508318567, "global_mean": 0.5567744779582383, "global_std": 0.11484757906407088}, {"type": "numerical", "feature_label": "INDUS", "cluster_label": "cluster_9", "mean": 4.885999501184687, "std": 2.2044581246784376, "diff": -0.9306563279016442, "global_mean": 11.19228275710616, "global_std": 6.7761676000638}]}, {"cluster": "cluster_10", "size": 23, "facts": [{"type": "numerical", "feature_label": "INDUS", "cluster_label": "cluster_10", "mean": 24.142608695652168, "std": 2.515682118579199, "diff": 1.9111578554261375, "global_mean": 11.19228275710616, "global_std": 6.7761676000638}, {"type": "numerical", "feature_label": "PTRATIO", "cluster_label": "cluster_10", "mean": 20.41304347826087, "std": 0.9111951930524521, "diff": 0.9037648040802945, "global_mean": 18.44849187935028, "global_std": 2.173742095333968}, {"type": "numerical", "feature_label": "DIS", "cluster_label": "cluster_10", "mean": 1.921260869565218, "std": 0.23121706593810856, "diff": -0.8636084399874758, "global_mean": 3.7171805104408326, "global_std": 2.079553137416836}]}, {"cluster": "cluster_11", "size": 6, "facts": [{"type": "numerical", "feature_label": "MEDV", "cluster_label": "cluster_11", "mean": 45.31666666666666, "std": 11.471776962034554, "diff": 2.37424598114809, "global_mean": 22.724361948955938, "global_std": 9.515570373540653}, {"type": "numerical", "feature_label": "RAD", "cluster_label": "cluster_11", "mean": 24.0, "std": 0.0, "diff": 1.6149334258185704, "global_mean": 9.77494199535963, "global_std": 8.808448557209122}, {"type": "numerical", "feature_label": "TAX", "cluster_label": "cluster_11", "mean": 666.0, "std": 0.0, "diff": 1.4848729393217464, "global_mean": 412.41763341067286, "global_std": 170.77714858562737}]}, {"cluster": "cluster_12", "size": 36, "facts": [{"type": "numerical", "feature_label": "INDUS", "cluster_label": "cluster_12", "mean": 5.098721993598539, "std": 2.683529651672519, "diff": -0.89926358424934, "global_mean": 11.19228275710616, "global_std": 6.7761676000638}, {"type": "numerical", "feature_label": "TAX", "cluster_label": "cluster_12", "mean": 260.3333333333333, "std": 40.95432996469535, "diff": -0.8905424486642295, "global_mean": 412.41763341067286, "global_std": 170.77714858562737}, {"type": "numerical", "feature_label": "LSTAT", "cluster_label": "cluster_12", "mean": 6.869444444444445, "std": 2.1953886013895376, "diff": -0.8277984429762646, "global_mean": 12.884991836383959, "global_std": 7.2669228155482255}]}]}