{
    "metrics": {
        "inertia": 1285.1385083512382,
        "silhouette": 0.25715557515832355,
        "nbClusters": 13
    },
    "processed_feature_names": [
        "B",
        "TAX",
        "CRIM",
        "PTRATIO",
        "MEDV",
        "DIS",
        "ZN",
        "INDUS",
        "RAD",
        "LSTAT",
        "NOX",
        "RM",
        "AGE",
        "dummy:CHAS:0",
        "dummy:CHAS:N/A",
        "dummy:CHAS:__Others__"
    ],
    "variables_importance": {
        "variables": [
            "B",
            "TAX",
            "CRIM",
            "PTRATIO",
            "MEDV",
            "DIS",
            "ZN",
            "INDUS",
            "RAD",
            "LSTAT",
            "NOX",
            "RM",
            "AGE",
            "dummy:CHAS:0",
            "dummy:CHAS:__Others__"
        ],
        "importances": [
            0.07468439291338891,
            0.06005787869838943,
            0.08441346498328764,
            0.05588042117623153,
            0.09502786928771549,
            0.09187486912895164,
            0.06863734865602016,
            0.08691037979160257,
            0.055237217227129286,
            0.07094026570759407,
            0.08035291232662306,
            0.08397943398385704,
            0.08687616682745253,
            0.0018027938296359036,
            0.003324585462120622
        ]
    },
    "reduce_vars": [],
    "train_nb_records": 431,
    "train_nb_features": 16,
    "train_nb_outliers": 0,
    "cluster_description": [
        {
            "variable": "dummy:CHAS:0",
            "var": 0.03,
            "values": [
                {
                    "cluster": "cluster_0",
                    "value": 0.9807692307692307
                },
                {
                    "cluster": "cluster_1",
                    "value": 0.9375
                },
                {
                    "cluster": "cluster_10",
                    "value": 1.0
                },
                {
                    "cluster": "cluster_11",
                    "value": 0.3333333333333333
                },
                {
                    "cluster": "cluster_12",
                    "value": 0.8333333333333334
                },
                {
                    "cluster": "cluster_2",
                    "value": 0.8823529411764706
                },
                {
                    "cluster": "cluster_3",
                    "value": 1.0
                },
                {
                    "cluster": "cluster_4",
                    "value": 0.9743589743589743
                },
                {
                    "cluster": "cluster_5",
                    "value": 1.0
                },
                {
                    "cluster": "cluster_6",
                    "value": 0.85
                },
                {
                    "cluster": "cluster_7",
                    "value": 1.0
                },
                {
                    "cluster": "cluster_8",
                    "value": 0.8846153846153846
                },
                {
                    "cluster": "cluster_9",
                    "value": 1.0
                }
            ]
        },
        {
            "variable": "dummy:CHAS:N/A",
            "var": 0.0,
            "values": [
                {
                    "cluster": "cluster_0",
                    "value": 0.0
                },
                {
                    "cluster": "cluster_1",
                    "value": 0.0
                },
                {
                    "cluster": "cluster_10",
                    "value": 0.0
                },
                {
                    "cluster": "cluster_11",
                    "value": 0.0
                },
                {
                    "cluster": "cluster_12",
                    "value": 0.0
                },
                {
                    "cluster": "cluster_2",
                    "value": 0.0
                },
                {
                    "cluster": "cluster_3",
                    "value": 0.0
                },
                {
                    "cluster": "cluster_4",
                    "value": 0.0
                },
                {
                    "cluster": "cluster_5",
                    "value": 0.0
                },
                {
                    "cluster": "cluster_6",
                    "value": 0.0
                },
                {
                    "cluster": "cluster_7",
                    "value": 0.0
                },
                {
                    "cluster": "cluster_8",
                    "value": 0.0
                },
                {
                    "cluster": "cluster_9",
                    "value": 0.0
                }
            ]
        },
        {
            "variable": "dummy:CHAS:__Others__",
            "var": 0.03,
            "values": [
                {
                    "cluster": "cluster_0",
                    "value": 0.019230769230769232
                },
                {
                    "cluster": "cluster_1",
                    "value": 0.0625
                },
                {
                    "cluster": "cluster_10",
                    "value": 0.0
                },
                {
                    "cluster": "cluster_11",
                    "value": 0.6666666666666666
                },
                {
                    "cluster": "cluster_12",
                    "value": 0.16666666666666666
                },
                {
                    "cluster": "cluster_2",
                    "value": 0.11764705882352941
                },
                {
                    "cluster": "cluster_3",
                    "value": 0.0
                },
                {
                    "cluster": "cluster_4",
                    "value": 0.02564102564102564
                },
                {
                    "cluster": "cluster_5",
                    "value": 0.0
                },
                {
                    "cluster": "cluster_6",
                    "value": 0.15
                },
                {
                    "cluster": "cluster_7",
                    "value": 0.0
                },
                {
                    "cluster": "cluster_8",
                    "value": 0.11538461538461539
                },
                {
                    "cluster": "cluster_9",
                    "value": 0.0
                }
            ]
        },
        {
            "variable": "B",
            "var": 9123.75,
            "values": [
                {
                    "cluster": "cluster_0",
                    "value": 390.1842307692308
                },
                {
                    "cluster": "cluster_1",
                    "value": 375.06796875000003
                },
                {
                    "cluster": "cluster_10",
                    "value": 378.24652173913046
                },
                {
                    "cluster": "cluster_11",
                    "value": 368.58
                },
                {
                    "cluster": "cluster_12",
                    "value": 390.78638888888884
                },
                {
                    "cluster": "cluster_2",
                    "value": 378.9129411764709
                },
                {
                    "cluster": "cluster_3",
                    "value": 297.45789473684215
                },
                {
                    "cluster": "cluster_4",
                    "value": 390.0612820512819
                },
                {
                    "cluster": "cluster_5",
                    "value": 49.1888
                },
                {
                    "cluster": "cluster_6",
                    "value": 315.04449999999997
                },
                {
                    "cluster": "cluster_7",
                    "value": 266.1066666666667
                },
                {
                    "cluster": "cluster_8",
                    "value": 385.8396153846154
                },
                {
                    "cluster": "cluster_9",
                    "value": 389.480606060606
                }
            ]
        },
        {
            "variable": "TAX",
            "var": 31430.5,
            "values": [
                {
                    "cluster": "cluster_0",
                    "value": 288.2307692307692
                },
                {
                    "cluster": "cluster_1",
                    "value": 666.0
                },
                {
                    "cluster": "cluster_10",
                    "value": 431.60869565217394
                },
                {
                    "cluster": "cluster_11",
                    "value": 666.0
                },
                {
                    "cluster": "cluster_12",
                    "value": 260.3333333333333
                },
                {
                    "cluster": "cluster_2",
                    "value": 323.18823529411765
                },
                {
                    "cluster": "cluster_3",
                    "value": 666.0
                },
                {
                    "cluster": "cluster_4",
                    "value": 310.8205128205128
                },
                {
                    "cluster": "cluster_5",
                    "value": 666.0
                },
                {
                    "cluster": "cluster_6",
                    "value": 403.0
                },
                {
                    "cluster": "cluster_7",
                    "value": 666.0
                },
                {
                    "cluster": "cluster_8",
                    "value": 287.0769230769231
                },
                {
                    "cluster": "cluster_9",
                    "value": 315.93939393939394
                }
            ]
        },
        {
            "variable": "CRIM",
            "var": 444.47,
            "values": [
                {
                    "cluster": "cluster_0",
                    "value": 0.26582438350743903
                },
                {
                    "cluster": "cluster_1",
                    "value": 7.913982998649691
                },
                {
                    "cluster": "cluster_10",
                    "value": 0.4012517391304347
                },
                {
                    "cluster": "cluster_11",
                    "value": 6.003780661865569
                },
                {
                    "cluster": "cluster_12",
                    "value": 0.3833299428440786
                },
                {
                    "cluster": "cluster_2",
                    "value": 0.4201416937787461
                },
                {
                    "cluster": "cluster_3",
                    "value": 22.021607894736842
                },
                {
                    "cluster": "cluster_4",
                    "value": 0.31984440804051906
                },
                {
                    "cluster": "cluster_5",
                    "value": 10.522153117695474
                },
                {
                    "cluster": "cluster_6",
                    "value": 2.2258715000000002
                },
                {
                    "cluster": "cluster_7",
                    "value": 76.81036666666667
                },
                {
                    "cluster": "cluster_8",
                    "value": 0.7184078450459007
                },
                {
                    "cluster": "cluster_9",
                    "value": 0.31889448310263124
                }
            ]
        },
        {
            "variable": "PTRATIO",
            "var": 4.39,
            "values": [
                {
                    "cluster": "cluster_0",
                    "value": 18.24807692307693
                },
                {
                    "cluster": "cluster_1",
                    "value": 20.200000000000024
                },
                {
                    "cluster": "cluster_10",
                    "value": 20.41304347826087
                },
                {
                    "cluster": "cluster_11",
                    "value": 20.2
                },
                {
                    "cluster": "cluster_12",
                    "value": 17.322222222222216
                },
                {
                    "cluster": "cluster_2",
                    "value": 19.10823529411766
                },
                {
                    "cluster": "cluster_3",
                    "value": 20.199999999999996
                },
                {
                    "cluster": "cluster_4",
                    "value": 15.820512820512814
                },
                {
                    "cluster": "cluster_5",
                    "value": 20.199999999999992
                },
                {
                    "cluster": "cluster_6",
                    "value": 14.699999999999994
                },
                {
                    "cluster": "cluster_7",
                    "value": 20.2
                },
                {
                    "cluster": "cluster_8",
                    "value": 15.176923076923078
                },
                {
                    "cluster": "cluster_9",
                    "value": 18.66969696969698
                }
            ]
        },
        {
            "variable": "MEDV",
            "var": 134.45,
            "values": [
                {
                    "cluster": "cluster_0",
                    "value": 23.480769230769234
                },
                {
                    "cluster": "cluster_1",
                    "value": 17.278125
                },
                {
                    "cluster": "cluster_10",
                    "value": 16.456521739130437
                },
                {
                    "cluster": "cluster_11",
                    "value": 45.31666666666666
                },
                {
                    "cluster": "cluster_12",
                    "value": 29.661111111111115
                },
                {
                    "cluster": "cluster_2",
                    "value": 19.709411764705877
                },
                {
                    "cluster": "cluster_3",
                    "value": 11.142105263157896
                },
                {
                    "cluster": "cluster_4",
                    "value": 32.530769230769224
                },
                {
                    "cluster": "cluster_5",
                    "value": 12.948000000000002
                },
                {
                    "cluster": "cluster_6",
                    "value": 19.255000000000003
                },
                {
                    "cluster": "cluster_7",
                    "value": 8.066666666666668
                },
                {
                    "cluster": "cluster_8",
                    "value": 43.36538461538461
                },
                {
                    "cluster": "cluster_9",
                    "value": 22.212121212121215
                }
            ]
        },
        {
            "variable": "DIS",
            "var": 4.29,
            "values": [
                {
                    "cluster": "cluster_0",
                    "value": 5.089763461538463
                },
                {
                    "cluster": "cluster_1",
                    "value": 2.28314375
                },
                {
                    "cluster": "cluster_10",
                    "value": 1.921260869565218
                },
                {
                    "cluster": "cluster_11",
                    "value": 1.3491666666666664
                },
                {
                    "cluster": "cluster_12",
                    "value": 3.607077777777778
                },
                {
                    "cluster": "cluster_2",
                    "value": 3.4716423529411773
                },
                {
                    "cluster": "cluster_3",
                    "value": 1.5542105263157893
                },
                {
                    "cluster": "cluster_4",
                    "value": 6.866594871794871
                },
                {
                    "cluster": "cluster_5",
                    "value": 2.0979240000000003
                },
                {
                    "cluster": "cluster_6",
                    "value": 1.7952450000000002
                },
                {
                    "cluster": "cluster_7",
                    "value": 1.5481666666666667
                },
                {
                    "cluster": "cluster_8",
                    "value": 2.7886307692307692
                },
                {
                    "cluster": "cluster_9",
                    "value": 7.61389090909091
                }
            ]
        },
        {
            "variable": "ZN",
            "var": 430.64,
            "values": [
                {
                    "cluster": "cluster_0",
                    "value": 5.586538461538462
                },
                {
                    "cluster": "cluster_1",
                    "value": 0.0
                },
                {
                    "cluster": "cluster_10",
                    "value": 0.0
                },
                {
                    "cluster": "cluster_11",
                    "value": 0.0
                },
                {
                    "cluster": "cluster_12",
                    "value": 7.333333333333333
                },
                {
                    "cluster": "cluster_2",
                    "value": 1.0058823529411764
                },
                {
                    "cluster": "cluster_3",
                    "value": 0.0
                },
                {
                    "cluster": "cluster_4",
                    "value": 72.61538461538461
                },
                {
                    "cluster": "cluster_5",
                    "value": 0.0
                },
                {
                    "cluster": "cluster_6",
                    "value": 0.0
                },
                {
                    "cluster": "cluster_7",
                    "value": 0.0
                },
                {
                    "cluster": "cluster_8",
                    "value": 8.461538461538462
                },
                {
                    "cluster": "cluster_9",
                    "value": 30.939393939393938
                }
            ]
        },
        {
            "variable": "INDUS",
            "var": 49.03,
            "values": [
                {
                    "cluster": "cluster_0",
                    "value": 7.551153846153846
                },
                {
                    "cluster": "cluster_1",
                    "value": 17.771124614197536
                },
                {
                    "cluster": "cluster_10",
                    "value": 24.142608695652168
                },
                {
                    "cluster": "cluster_11",
                    "value": 18.099999999999998
                },
                {
                    "cluster": "cluster_12",
                    "value": 5.098721993598539
                },
                {
                    "cluster": "cluster_2",
                    "value": 9.181246671508108
                },
                {
                    "cluster": "cluster_3",
                    "value": 17.730736408923548
                },
                {
                    "cluster": "cluster_4",
                    "value": 3.100717526643453
                },
                {
                    "cluster": "cluster_5",
                    "value": 17.8193596707819
                },
                {
                    "cluster": "cluster_6",
                    "value": 18.730399176954723
                },
                {
                    "cluster": "cluster_7",
                    "value": 18.1
                },
                {
                    "cluster": "cluster_8",
                    "value": 6.6376923076923084
                },
                {
                    "cluster": "cluster_9",
                    "value": 4.885999501184687
                }
            ]
        },
        {
            "variable": "RAD",
            "var": 97.71,
            "values": [
                {
                    "cluster": "cluster_0",
                    "value": 4.3076923076923075
                },
                {
                    "cluster": "cluster_1",
                    "value": 24.0
                },
                {
                    "cluster": "cluster_10",
                    "value": 3.4782608695652173
                },
                {
                    "cluster": "cluster_11",
                    "value": 24.0
                },
                {
                    "cluster": "cluster_12",
                    "value": 4.555555555555555
                },
                {
                    "cluster": "cluster_2",
                    "value": 4.5058823529411764
                },
                {
                    "cluster": "cluster_3",
                    "value": 24.0
                },
                {
                    "cluster": "cluster_4",
                    "value": 3.4615384615384617
                },
                {
                    "cluster": "cluster_5",
                    "value": 24.0
                },
                {
                    "cluster": "cluster_6",
                    "value": 5.0
                },
                {
                    "cluster": "cluster_7",
                    "value": 24.0
                },
                {
                    "cluster": "cluster_8",
                    "value": 5.3076923076923075
                },
                {
                    "cluster": "cluster_9",
                    "value": 5.484848484848484
                }
            ]
        },
        {
            "variable": "LSTAT",
            "var": 51.62,
            "values": [
                {
                    "cluster": "cluster_0",
                    "value": 9.018879392212723
                },
                {
                    "cluster": "cluster_1",
                    "value": 16.07369212962963
                },
                {
                    "cluster": "cluster_10",
                    "value": 18.984347826086957
                },
                {
                    "cluster": "cluster_11",
                    "value": 5.608333333333334
                },
                {
                    "cluster": "cluster_12",
                    "value": 6.869444444444445
                },
                {
                    "cluster": "cluster_2",
                    "value": 14.470726216412485
                },
                {
                    "cluster": "cluster_3",
                    "value": 27.952105263157897
                },
                {
                    "cluster": "cluster_4",
                    "value": 5.042307692307693
                },
                {
                    "cluster": "cluster_5",
                    "value": 20.612399999999997
                },
                {
                    "cluster": "cluster_6",
                    "value": 16.541499999999996
                },
                {
                    "cluster": "cluster_7",
                    "value": 20.27
                },
                {
                    "cluster": "cluster_8",
                    "value": 6.196956315289649
                },
                {
                    "cluster": "cluster_9",
                    "value": 9.464268612046393
                }
            ]
        },
        {
            "variable": "NOX",
            "var": 0.01,
            "values": [
                {
                    "cluster": "cluster_0",
                    "value": 0.4646903846153846
                },
                {
                    "cluster": "cluster_1",
                    "value": 0.6754843749999997
                },
                {
                    "cluster": "cluster_10",
                    "value": 0.6095217391304348
                },
                {
                    "cluster": "cluster_11",
                    "value": 0.6516666666666667
                },
                {
                    "cluster": "cluster_12",
                    "value": 0.49152222222222214
                },
                {
                    "cluster": "cluster_2",
                    "value": 0.5290588235294118
                },
                {
                    "cluster": "cluster_3",
                    "value": 0.6746315789473684
                },
                {
                    "cluster": "cluster_4",
                    "value": 0.4152871794871794
                },
                {
                    "cluster": "cluster_5",
                    "value": 0.6745199999999998
                },
                {
                    "cluster": "cluster_6",
                    "value": 0.7646000000000004
                },
                {
                    "cluster": "cluster_7",
                    "value": 0.681
                },
                {
                    "cluster": "cluster_8",
                    "value": 0.5587615384615383
                },
                {
                    "cluster": "cluster_9",
                    "value": 0.4315484848484847
                }
            ]
        },
        {
            "variable": "RM",
            "var": 0.46,
            "values": [
                {
                    "cluster": "cluster_0",
                    "value": 6.225173076923078
                },
                {
                    "cluster": "cluster_1",
                    "value": 6.180859374999997
                },
                {
                    "cluster": "cluster_10",
                    "value": 5.870260869565217
                },
                {
                    "cluster": "cluster_11",
                    "value": 6.59
                },
                {
                    "cluster": "cluster_12",
                    "value": 6.801694444444445
                },
                {
                    "cluster": "cluster_2",
                    "value": 5.980870588235294
                },
                {
                    "cluster": "cluster_3",
                    "value": 4.943684210526317
                },
                {
                    "cluster": "cluster_4",
                    "value": 6.951051282051283
                },
                {
                    "cluster": "cluster_5",
                    "value": 6.35196
                },
                {
                    "cluster": "cluster_6",
                    "value": 5.7915
                },
                {
                    "cluster": "cluster_7",
                    "value": 6.2026666666666666
                },
                {
                    "cluster": "cluster_8",
                    "value": 7.837384615384616
                },
                {
                    "cluster": "cluster_9",
                    "value": 6.2751212121212125
                }
            ]
        },
        {
            "variable": "AGE",
            "var": 586.84,
            "values": [
                {
                    "cluster": "cluster_0",
                    "value": 31.950000000000003
                },
                {
                    "cluster": "cluster_1",
                    "value": 88.29247685185183
                },
                {
                    "cluster": "cluster_10",
                    "value": 91.58421900161031
                },
                {
                    "cluster": "cluster_11",
                    "value": 89.21975308641976
                },
                {
                    "cluster": "cluster_12",
                    "value": 67.17829218106996
                },
                {
                    "cluster": "cluster_2",
                    "value": 78.05403050108934
                },
                {
                    "cluster": "cluster_3",
                    "value": 95.78421052631579
                },
                {
                    "cluster": "cluster_4",
                    "value": 29.30816714150047
                },
                {
                    "cluster": "cluster_5",
                    "value": 88.00474074074074
                },
                {
                    "cluster": "cluster_6",
                    "value": 94.55092592592591
                },
                {
                    "cluster": "cluster_7",
                    "value": 97.3
                },
                {
                    "cluster": "cluster_8",
                    "value": 75.80142450142449
                },
                {
                    "cluster": "cluster_9",
                    "value": 45.06666666666668
                }
            ]
        },
        {
            "variable": "cluster_size",
            "var": 523.14,
            "values": [
                {
                    "cluster": "cluster_2",
                    "value": 85
                },
                {
                    "cluster": "cluster_1",
                    "value": 64
                },
                {
                    "cluster": "cluster_0",
                    "value": 52
                },
                {
                    "cluster": "cluster_4",
                    "value": 39
                },
                {
                    "cluster": "cluster_12",
                    "value": 36
                },
                {
                    "cluster": "cluster_9",
                    "value": 33
                },
                {
                    "cluster": "cluster_8",
                    "value": 26
                },
                {
                    "cluster": "cluster_5",
                    "value": 25
                },
                {
                    "cluster": "cluster_10",
                    "value": 23
                },
                {
                    "cluster": "cluster_6",
                    "value": 20
                },
                {
                    "cluster": "cluster_3",
                    "value": 19
                },
                {
                    "cluster": "cluster_11",
                    "value": 6
                },
                {
                    "cluster": "cluster_7",
                    "value": 3
                }
            ]
        }
    ],
    "summary": {
        "clusters": []
    }
}