{
  "dataSpec": {
    "inputDatasetSmartName": "housing__2__prepared",
    "datasetSelection": {
      "useMemTable": false,
      "filter": {
        "distinct": false,
        "enabled": false
      },
      "partitionSelectionMethod": "ALL",
      "latestPartitionsN": 1,
      "ordering": {
        "enabled": false,
        "rules": []
      },
      "samplingMethod": "HEAD_SEQUENTIAL",
      "maxRecords": 100000,
      "targetRatio": 0.02,
      "withinFirstN": -1,
      "maxReadUncompressedBytes": -1
    },
    "autoRefreshSample": true,
    "refreshTrigger": 0,
    "containerSelection": {
      "containerMode": "INHERIT"
    }
  },
  "rootCard": {
    "type": "worksheet_root",
    "confidenceLevel": 0.95,
    "showConfidenceInterval": false,
    "cards": [
      {
        "type": "correlation_matrix",
        "heatmapParams": {
          "showValues": true,
          "showColors": true,
          "showAbsValues": false,
          "threshold": 0.0,
          "filterVariablesWithoutValues": false
        },
        "metric": "SPEARMAN",
        "columns": [
          {
            "name": "CRIM",
            "type": "CONTINUOUS"
          },
          {
            "name": "ZN",
            "type": "CONTINUOUS"
          },
          {
            "name": "INDUS",
            "type": "CONTINUOUS"
          },
          {
            "name": "NOX",
            "type": "CONTINUOUS"
          },
          {
            "name": "AGE",
            "type": "CONTINUOUS"
          },
          {
            "name": "RAD",
            "type": "CONTINUOUS"
          },
          {
            "name": "TAX",
            "type": "CONTINUOUS"
          },
          {
            "name": "PTRATIO",
            "type": "CONTINUOUS"
          },
          {
            "name": "LSTAT",
            "type": "CONTINUOUS"
          }
        ],
        "id": "2A6ZFlL"
      }
    ],
    "id": "jHzNBNU"
  },
  "name": "Worksheet",
  "versionTag": {
    "versionNumber": 8,
    "lastModifiedBy": {
      "login": "97vigneshvn@student.ie.edu"
    },
    "lastModifiedOn": 1671009447961
  },
  "creationTag": {
    "versionNumber": 0,
    "lastModifiedBy": {
      "login": "97vigneshvn@student.ie.edu"
    },
    "lastModifiedOn": 1671008352549
  },
  "tags": [],
  "customFields": {},
  "checklists": {
    "checklists": []
  }
}