{"global": {"size": 431, "facts": [{"type": "numerical", "feature_label": "CRIM", "cluster_label": "cluster_10", "mean": 76.81036666666667, "std": 10.903343970696945, "diff": 8.344976598806511, "global_mean": 3.742854147355657, "global_std": 8.755867875023286}, {"type": "categorical", "feature_label": "CHAS", "cluster_label": "cluster_9", "category_value": "1", "global_ratio": 0.07424593967517401, "current_ratio": 0.47368421052631576, "current_impact": 0.33594687575006005, "diff": -5.379934210526316}, {"type": "numerical", "feature_label": "B", "cluster_label": "cluster_3", "mean": 50.45416666666667, "std": 46.921529953619434, "diff": -3.338021096236273, "global_mean": 356.2846867749414, "global_std": 91.62030774853658}, {"type": "numerical", "feature_label": "ZN", "cluster_label": "cluster_16", "mean": 86.96428571428571, "std": 8.330814637685352, "diff": 3.2683722159393325, "global_mean": 10.935034802784223, "global_std": 23.262115171802925}, {"type": "numerical", "feature_label": "CRIM", "cluster_label": "cluster_8", "mean": 31.363080000000004, "std": 10.49802081808757, "diff": 3.154481799734888, "global_mean": 3.742854147355657, "global_std": 8.755867875023286}, {"type": "numerical", "feature_label": "MEDV", "cluster_label": "cluster_15", "mean": 50.0, "std": 0.0, "diff": 2.8664217677258432, "global_mean": 22.724361948955938, "global_std": 9.515570373540653}, {"type": "numerical", "feature_label": "B", "cluster_label": "cluster_8", "mean": 94.842, "std": 78.62654621691073, "diff": -2.8535451713664144, "global_mean": 356.2846867749414, "global_std": 91.62030774853658}, {"type": "numerical", "feature_label": "NOX", "cluster_label": "cluster_0", "mean": 0.8710000000000003, "std": 3.4787703908662606e-16, "diff": 2.7360221660960105, "global_mean": 0.5567744779582383, "global_std": 0.11484757906407088}, {"type": "numerical", "feature_label": "ZN", "cluster_label": "cluster_19", "mean": 73.90625, "std": 11.83105905375057, "diff": 2.707028777569895, "global_mean": 10.935034802784223, "global_std": 23.262115171802925}, {"type": "numerical", "feature_label": "MEDV", "cluster_label": "cluster_12", "mean": 47.825, "std": 4.350000000000001, "diff": 2.637849026984218, "global_mean": 22.724361948955938, "global_std": 9.515570373540653}]}, "clusters": [{"cluster": "cluster_0", "size": 12, "facts": [{"type": "numerical", "feature_label": "NOX", "cluster_label": "cluster_0", "mean": 0.8710000000000003, "std": 3.4787703908662606e-16, "diff": 2.7360221660960105, "global_mean": 0.5567744779582383, "global_std": 0.11484757906407088}, {"type": "numerical", "feature_label": "PTRATIO", "cluster_label": "cluster_0", "mean": 14.699999999999998, "std": 1.8553442084620055e-15, "diff": -1.7244418679642732, "global_mean": 18.44849187935028, "global_std": 2.173742095333968}, {"type": "numerical", "feature_label": "LSTAT", "cluster_label": "cluster_0", "mean": 20.904999999999998, "std": 7.827718232491045, "diff": 1.103631945347833, "global_mean": 12.884991836383959, "global_std": 7.2669228155482255}]}, {"cluster": "cluster_1", "size": 30, "facts": [{"type": "numerical", "feature_label": "DIS", "cluster_label": "cluster_1", "mean": 7.178650000000003, "std": 1.0810710244140236, "diff": 1.6645256268175541, "global_mean": 3.7171805104408326, "global_std": 2.079553137416836}, {"type": "numerical", "feature_label": "NOX", "cluster_label": "cluster_1", "mean": 0.4319366666666665, "std": 0.012490947986810112, "diff": -1.0869868769452038, "global_mean": 0.5567744779582383, "global_std": 0.11484757906407088}, {"type": "numerical", "feature_label": "AGE", "cluster_label": "cluster_1", "mean": 42.59333333333334, "std": 19.600051606781697, "diff": -0.9694361163282507, "global_mean": 69.16676978602732, "global_std": 27.411230100794203}]}, {"cluster": "cluster_2", "size": 13, "facts": [{"type": "numerical", "feature_label": "RAD", "cluster_label": "cluster_2", "mean": 24.0, "std": 0.0, "diff": 1.6149334258185704, "global_mean": 9.77494199535963, "global_std": 8.808448557209122}, {"type": "numerical", "feature_label": "TAX", "cluster_label": "cluster_2", "mean": 666.0, "std": 0.0, "diff": 1.4848729393217464, "global_mean": 412.41763341067286, "global_std": 170.77714858562737}, {"type": "numerical", "feature_label": "INDUS", "cluster_label": "cluster_2", "mean": 18.099999999999998, "std": 3.697781635498623e-15, "diff": 1.0194135757251341, "global_mean": 11.19228275710616, "global_std": 6.7761676000638}]}, {"cluster": "cluster_3", "size": 24, "facts": [{"type": "numerical", "feature_label": "B", "cluster_label": "cluster_3", "mean": 50.45416666666667, "std": 46.921529953619434, "diff": -3.338021096236273, "global_mean": 356.2846867749414, "global_std": 91.62030774853658}, {"type": "numerical", "feature_label": "RAD", "cluster_label": "cluster_3", "mean": 24.0, "std": 0.0, "diff": 1.6149334258185704, "global_mean": 9.77494199535963, "global_std": 8.808448557209122}, {"type": "numerical", "feature_label": "TAX", "cluster_label": "cluster_3", "mean": 666.0, "std": 0.0, "diff": 1.4848729393217464, "global_mean": 412.41763341067286, "global_std": 170.77714858562737}]}, {"cluster": "cluster_4", "size": 23, "facts": [{"type": "numerical", "feature_label": "PTRATIO", "cluster_label": "cluster_4", "mean": 20.913043478260864, "std": 0.268504863382545, "diff": 1.133782891816307, "global_mean": 18.44849187935028, "global_std": 2.173742095333968}, {"type": "numerical", "feature_label": "AGE", "cluster_label": "cluster_4", "mean": 89.25813204508857, "std": 8.280589646989904, "diff": 0.7329609866169099, "global_mean": 69.16676978602732, "global_std": 27.411230100794203}, {"type": "numerical", "feature_label": "MEDV", "cluster_label": "cluster_4", "mean": 16.413043478260867, "std": 2.8472162398043346, "diff": -0.6632622347310421, "global_mean": 22.724361948955938, "global_std": 9.515570373540653}]}, {"cluster": "cluster_5", "size": 16, "facts": [{"type": "numerical", "feature_label": "RAD", "cluster_label": "cluster_5", "mean": 24.0, "std": 0.0, "diff": 1.6149334258185704, "global_mean": 9.77494199535963, "global_std": 8.808448557209122}, {"type": "numerical", "feature_label": "TAX", "cluster_label": "cluster_5", "mean": 666.0, "std": 0.0, "diff": 1.4848729393217464, "global_mean": 412.41763341067286, "global_std": 170.77714858562737}, {"type": "numerical", "feature_label": "RM", "cluster_label": "cluster_5", "mean": 5.385312500000001, "std": 0.7458272113342785, "diff": -1.2491034078599093, "global_mean": 6.302051044083534, "global_std": 0.7339172548205453}]}, {"cluster": "cluster_6", "size": 26, "facts": [{"type": "numerical", "feature_label": "ZN", "cluster_label": "cluster_6", "mean": 44.88461538461539, "std": 19.30041848888655, "diff": 1.459436527207251, "global_mean": 10.935034802784223, "global_std": 23.262115171802925}, {"type": "numerical", "feature_label": "AGE", "cluster_label": "cluster_6", "mean": 34.83988603988604, "std": 16.974139882617592, "diff": -1.2522927143334113, "global_mean": 69.16676978602732, "global_std": 27.411230100794203}, {"type": "numerical", "feature_label": "LSTAT", "cluster_label": "cluster_6", "mean": 5.392901234567902, "std": 2.1654785760880713, "diff": -1.0309853003785956, "global_mean": 12.884991836383959, "global_std": 7.2669228155482255}]}, {"cluster": "cluster_7", "size": 10, "facts": [{"type": "numerical", "feature_label": "PTRATIO", "cluster_label": "cluster_7", "mean": 13.0, "std": 0.0, "diff": -2.5065033662667267, "global_mean": 18.44849187935028, "global_std": 2.173742095333968}, {"type": "numerical", "feature_label": "MEDV", "cluster_label": "cluster_7", "mean": 40.339999999999996, "std": 7.690715903679651, "diff": 1.8512435260871754, "global_mean": 22.724361948955938, "global_std": 9.515570373540653}, {"type": "numerical", "feature_label": "RM", "cluster_label": "cluster_7", "mean": 7.647200000000001, "std": 0.5910921717934994, "diff": 1.832834624177596, "global_mean": 6.302051044083534, "global_std": 0.7339172548205453}]}, {"cluster": "cluster_8", "size": 5, "facts": [{"type": "numerical", "feature_label": "CRIM", "cluster_label": "cluster_8", "mean": 31.363080000000004, "std": 10.49802081808757, "diff": 3.154481799734888, "global_mean": 3.742854147355657, "global_std": 8.755867875023286}, {"type": "numerical", "feature_label": "B", "cluster_label": "cluster_8", "mean": 94.842, "std": 78.62654621691073, "diff": -2.8535451713664144, "global_mean": 356.2846867749414, "global_std": 91.62030774853658}, {"type": "numerical", "feature_label": "LSTAT", "cluster_label": "cluster_8", "mean": 26.518, "std": 9.440896143904984, "diff": 1.8760359108874822, "global_mean": 12.884991836383959, "global_std": 7.2669228155482255}]}, {"cluster": "cluster_9", "size": 19, "facts": [{"type": "categorical", "feature_label": "CHAS", "cluster_label": "cluster_9", "category_value": "1", "global_ratio": 0.07424593967517401, "current_ratio": 0.47368421052631576, "current_impact": 0.33594687575006005, "diff": -5.379934210526316}, {"type": "numerical", "feature_label": "LSTAT", "cluster_label": "cluster_9", "mean": 20.406842105263156, "std": 5.426016599712065, "diff": 1.0350805230496642, "global_mean": 12.884991836383959, "global_std": 7.2669228155482255}, {"type": "numerical", "feature_label": "TAX", "cluster_label": "cluster_9", "mean": 280.5263157894737, "std": 43.009518870248854, "diff": -0.7723007364481734, "global_mean": 412.41763341067286, "global_std": 170.77714858562737}]}, {"cluster": "cluster_10", "size": 3, "facts": [{"type": "numerical", "feature_label": "CRIM", "cluster_label": "cluster_10", "mean": 76.81036666666667, "std": 10.903343970696945, "diff": 8.344976598806511, "global_mean": 3.742854147355657, "global_std": 8.755867875023286}, {"type": "numerical", "feature_label": "RAD", "cluster_label": "cluster_10", "mean": 24.0, "std": 0.0, "diff": 1.6149334258185704, "global_mean": 9.77494199535963, "global_std": 8.808448557209122}, {"type": "numerical", "feature_label": "MEDV", "cluster_label": "cluster_10", "mean": 8.066666666666668, "std": 2.7736858750286295, "diff": -1.5403906131625067, "global_mean": 22.724361948955938, "global_std": 9.515570373540653}]}, {"cluster": "cluster_11", "size": 6, "facts": [{"type": "numerical", "feature_label": "INDUS", "cluster_label": "cluster_11", "mean": 25.650000000000002, "std": 3.891802844472395e-15, "diff": 2.1336126991247557, "global_mean": 11.19228275710616, "global_std": 6.7761676000638}, {"type": "numerical", "feature_label": "TAX", "cluster_label": "cluster_11", "mean": 188.0, "std": 0.0, "diff": -1.3140963839090583, "global_mean": 412.41763341067286, "global_std": 170.77714858562737}, {"type": "numerical", "feature_label": "RAD", "cluster_label": "cluster_11", "mean": 2.0, "std": 0.0, "diff": -0.8826687179771702, "global_mean": 9.77494199535963, "global_std": 8.808448557209122}]}, {"cluster": "cluster_12", "size": 4, "facts": [{"type": "numerical", "feature_label": "MEDV", "cluster_label": "cluster_12", "mean": 47.825, "std": 4.350000000000001, "diff": 2.637849026984218, "global_mean": 22.724361948955938, "global_std": 9.515570373540653}, {"type": "numerical", "feature_label": "RM", "cluster_label": "cluster_12", "mean": 7.76225, "std": 0.598893076155224, "diff": 1.9895961654062877, "global_mean": 6.302051044083534, "global_std": 0.7339172548205453}, {"type": "numerical", "feature_label": "PTRATIO", "cluster_label": "cluster_12", "mean": 14.7, "std": 0.0, "diff": -1.7244418679642723, "global_mean": 18.44849187935028, "global_std": 2.173742095333968}]}, {"cluster": "cluster_13", "size": 50, "facts": [{"type": "numerical", "feature_label": "AGE", "cluster_label": "cluster_13", "mean": 35.662, "std": 15.194747884229804, "diff": -1.2223008476024781, "global_mean": 69.16676978602732, "global_std": 27.411230100794203}, {"type": "numerical", "feature_label": "TAX", "cluster_label": "cluster_13", "mean": 286.36, "std": 56.46229010659798, "diff": -0.7381411064342005, "global_mean": 412.41763341067286, "global_std": 170.77714858562737}, {"type": "numerical", "feature_label": "NOX", "cluster_label": "cluster_13", "mean": 0.4771180000000001, "std": 0.03950487280716398, "diff": -0.693584301971221, "global_mean": 0.5567744779582383, "global_std": 0.11484757906407088}]}, {"cluster": "cluster_14", "size": 40, "facts": [{"type": "numerical", "feature_label": "RAD", "cluster_label": "cluster_14", "mean": 24.0, "std": 0.0, "diff": 1.6149334258185704, "global_mean": 9.77494199535963, "global_std": 8.808448557209122}, {"type": "numerical", "feature_label": "TAX", "cluster_label": "cluster_14", "mean": 666.0, "std": 0.0, "diff": 1.4848729393217464, "global_mean": 412.41763341067286, "global_std": 170.77714858562737}, {"type": "numerical", "feature_label": "NOX", "cluster_label": "cluster_14", "mean": 0.7130750000000001, "std": 0.041975198721296236, "diff": 1.360938761752786, "global_mean": 0.5567744779582383, "global_std": 0.11484757906407088}]}, {"cluster": "cluster_15", "size": 5, "facts": [{"type": "numerical", "feature_label": "MEDV", "cluster_label": "cluster_15", "mean": 50.0, "std": 0.0, "diff": 2.8664217677258432, "global_mean": 22.724361948955938, "global_std": 9.515570373540653}, {"type": "numerical", "feature_label": "RAD", "cluster_label": "cluster_15", "mean": 24.0, "std": 0.0, "diff": 1.6149334258185704, "global_mean": 9.77494199535963, "global_std": 8.808448557209122}, {"type": "numerical", "feature_label": "TAX", "cluster_label": "cluster_15", "mean": 666.0, "std": 0.0, "diff": 1.4848729393217464, "global_mean": 412.41763341067286, "global_std": 170.77714858562737}]}, {"cluster": "cluster_16", "size": 14, "facts": [{"type": "numerical", "feature_label": "ZN", "cluster_label": "cluster_16", "mean": 86.96428571428571, "std": 8.330814637685352, "diff": 3.2683722159393325, "global_mean": 10.935034802784223, "global_std": 23.262115171802925}, {"type": "numerical", "feature_label": "PTRATIO", "cluster_label": "cluster_16", "mean": 14.707142857142857, "std": 1.569646842060726, "diff": -1.721155895282329, "global_mean": 18.44849187935028, "global_std": 2.173742095333968}, {"type": "numerical", "feature_label": "MEDV", "cluster_label": "cluster_16", "mean": 38.864285714285714, "std": 8.16932415459548, "diff": 1.6961593611045163, "global_mean": 22.724361948955938, "global_std": 9.515570373540653}]}, {"cluster": "cluster_17", "size": 17, "facts": [{"type": "numerical", "feature_label": "INDUS", "cluster_label": "cluster_17", "mean": 23.610588235294117, "std": 2.7475590771360925, "diff": 1.8326443811795674, "global_mean": 11.19228275710616, "global_std": 6.7761676000638}, {"type": "numerical", "feature_label": "PTRATIO", "cluster_label": "cluster_17", "mean": 20.876470588235296, "std": 0.5166350401452473, "diff": 1.1169580393629859, "global_mean": 18.44849187935028, "global_std": 2.173742095333968}, {"type": "numerical", "feature_label": "AGE", "cluster_label": "cluster_17", "mean": 94.53050108932462, "std": 7.758831921562498, "diff": 0.9253043810887721, "global_mean": 69.16676978602732, "global_std": 27.411230100794203}]}, {"cluster": "cluster_18", "size": 22, "facts": [{"type": "numerical", "feature_label": "RM", "cluster_label": "cluster_18", "mean": 7.661363636363637, "std": 0.49228287894302475, "diff": 1.8521333070612673, "global_mean": 6.302051044083534, "global_std": 0.7339172548205453}, {"type": "numerical", "feature_label": "MEDV", "cluster_label": "cluster_18", "mean": 39.2909090909091, "std": 6.784991075609745, "diff": 1.740993602235208, "global_mean": 22.724361948955938, "global_std": 9.515570373540653}, {"type": "numerical", "feature_label": "LSTAT", "cluster_label": "cluster_18", "mean": 5.581857463524131, "std": 2.637269570782015, "diff": -1.004983066179556, "global_mean": 12.884991836383959, "global_std": 7.2669228155482255}]}, {"cluster": "cluster_19", "size": 16, "facts": [{"type": "numerical", "feature_label": "ZN", "cluster_label": "cluster_19", "mean": 73.90625, "std": 11.83105905375057, "diff": 2.707028777569895, "global_mean": 10.935034802784223, "global_std": 23.262115171802925}, {"type": "numerical", "feature_label": "DIS", "cluster_label": "cluster_19", "mean": 8.5874375, "std": 1.7485706131485417, "diff": 2.34197285076777, "global_mean": 3.7171805104408326, "global_std": 2.079553137416836}, {"type": "numerical", "feature_label": "AGE", "cluster_label": "cluster_19", "mean": 31.6375, "std": 10.210313413407054, "diff": -1.3691202345910027, "global_mean": 69.16676978602732, "global_std": 27.411230100794203}]}, {"cluster": "cluster_20", "size": 56, "facts": [{"type": "numerical", "feature_label": "RAD", "cluster_label": "cluster_20", "mean": 4.714285714285714, "std": 1.8656150408161594, "diff": -0.5745229989374359, "global_mean": 9.77494199535963, "global_std": 8.808448557209122}, {"type": "numerical", "feature_label": "TAX", "cluster_label": "cluster_20", "mean": 321.44642857142856, "std": 68.09883716611189, "diff": -0.5326895641054196, "global_mean": 412.41763341067286, "global_std": 170.77714858562737}, {"type": "numerical", "feature_label": "ZN", "cluster_label": "cluster_20", "mean": 0.8214285714285714, "std": 4.411172356465073, "diff": -0.43476726671935734, "global_mean": 10.935034802784223, "global_std": 23.262115171802925}]}, {"cluster": "cluster_21", "size": 11, "facts": [{"type": "numerical", "feature_label": "CRIM", "cluster_label": "cluster_21", "mean": 23.64208181818182, "std": 9.114533143153102, "diff": 2.272673360865811, "global_mean": 3.742854147355657, "global_std": 8.755867875023286}, {"type": "numerical", "feature_label": "LSTAT", "cluster_label": "cluster_21", "mean": 29.00272727272727, "std": 5.28271349007135, "diff": 2.2179588039462845, "global_mean": 12.884991836383959, "global_std": 7.2669228155482255}, {"type": "numerical", "feature_label": "RM", "cluster_label": "cluster_21", "mean": 4.981363636363636, "std": 0.6737508846342649, "diff": -1.7995045068709101, "global_mean": 6.302051044083534, "global_std": 0.7339172548205453}]}, {"cluster": "cluster_22", "size": 9, "facts": [{"type": "numerical", "feature_label": "PTRATIO", "cluster_label": "cluster_22", "mean": 14.511111111111113, "std": 0.5666666666666664, "diff": -1.8113375899978772, "global_mean": 18.44849187935028, "global_std": 2.173742095333968}, {"type": "numerical", "feature_label": "INDUS", "cluster_label": "cluster_22", "mean": 17.845555555555553, "std": 5.203333333333332, "diff": 0.9818636714928288, "global_mean": 11.19228275710616, "global_std": 6.7761676000638}, {"type": "numerical", "feature_label": "AGE", "cluster_label": "cluster_22", "mean": 89.77777777777777, "std": 11.68639997794207, "diff": 0.7519183895053757, "global_mean": 69.16676978602732, "global_std": 27.411230100794203}]}]}