{
    "metrics": {
        "inertia": 937.3601066312791,
        "silhouette": 0.23368613465739957,
        "nbClusters": 23
    },
    "processed_feature_names": [
        "B",
        "TAX",
        "CRIM",
        "PTRATIO",
        "MEDV",
        "DIS",
        "ZN",
        "INDUS",
        "RAD",
        "LSTAT",
        "NOX",
        "RM",
        "AGE",
        "dummy:CHAS:0",
        "dummy:CHAS:N/A",
        "dummy:CHAS:__Others__"
    ],
    "variables_importance": {
        "variables": [
            "B",
            "TAX",
            "CRIM",
            "PTRATIO",
            "MEDV",
            "DIS",
            "ZN",
            "INDUS",
            "RAD",
            "LSTAT",
            "NOX",
            "RM",
            "AGE",
            "dummy:CHAS:0",
            "dummy:CHAS:__Others__"
        ],
        "importances": [
            0.06419145356469849,
            0.0596638671394256,
            0.0723326532335799,
            0.06191546836546971,
            0.08483473123181799,
            0.10454143709890612,
            0.07298446689631169,
            0.05963774845213515,
            0.040512799544430725,
            0.08242113827175525,
            0.09877871514032939,
            0.09639322454799329,
            0.09230449817227888,
            0.003695056425406892,
            0.005792741915460963
        ]
    },
    "reduce_vars": [],
    "train_nb_records": 431,
    "train_nb_features": 16,
    "train_nb_outliers": 0,
    "cluster_description": [
        {
            "variable": "dummy:CHAS:0",
            "var": 0.03,
            "values": [
                {
                    "cluster": "cluster_0",
                    "value": 0.8333333333333334
                },
                {
                    "cluster": "cluster_1",
                    "value": 1.0
                },
                {
                    "cluster": "cluster_10",
                    "value": 1.0
                },
                {
                    "cluster": "cluster_11",
                    "value": 1.0
                },
                {
                    "cluster": "cluster_12",
                    "value": 0.5
                },
                {
                    "cluster": "cluster_13",
                    "value": 1.0
                },
                {
                    "cluster": "cluster_14",
                    "value": 0.875
                },
                {
                    "cluster": "cluster_15",
                    "value": 0.4
                },
                {
                    "cluster": "cluster_16",
                    "value": 0.9285714285714286
                },
                {
                    "cluster": "cluster_17",
                    "value": 1.0
                },
                {
                    "cluster": "cluster_18",
                    "value": 0.9090909090909091
                },
                {
                    "cluster": "cluster_19",
                    "value": 1.0
                },
                {
                    "cluster": "cluster_2",
                    "value": 1.0
                },
                {
                    "cluster": "cluster_20",
                    "value": 0.9107142857142857
                },
                {
                    "cluster": "cluster_21",
                    "value": 1.0
                },
                {
                    "cluster": "cluster_22",
                    "value": 0.8888888888888888
                },
                {
                    "cluster": "cluster_3",
                    "value": 1.0
                },
                {
                    "cluster": "cluster_4",
                    "value": 1.0
                },
                {
                    "cluster": "cluster_5",
                    "value": 1.0
                },
                {
                    "cluster": "cluster_6",
                    "value": 0.9230769230769231
                },
                {
                    "cluster": "cluster_7",
                    "value": 1.0
                },
                {
                    "cluster": "cluster_8",
                    "value": 1.0
                },
                {
                    "cluster": "cluster_9",
                    "value": 0.5263157894736842
                }
            ]
        },
        {
            "variable": "dummy:CHAS:N/A",
            "var": 0.0,
            "values": [
                {
                    "cluster": "cluster_0",
                    "value": 0.0
                },
                {
                    "cluster": "cluster_1",
                    "value": 0.0
                },
                {
                    "cluster": "cluster_10",
                    "value": 0.0
                },
                {
                    "cluster": "cluster_11",
                    "value": 0.0
                },
                {
                    "cluster": "cluster_12",
                    "value": 0.0
                },
                {
                    "cluster": "cluster_13",
                    "value": 0.0
                },
                {
                    "cluster": "cluster_14",
                    "value": 0.0
                },
                {
                    "cluster": "cluster_15",
                    "value": 0.0
                },
                {
                    "cluster": "cluster_16",
                    "value": 0.0
                },
                {
                    "cluster": "cluster_17",
                    "value": 0.0
                },
                {
                    "cluster": "cluster_18",
                    "value": 0.0
                },
                {
                    "cluster": "cluster_19",
                    "value": 0.0
                },
                {
                    "cluster": "cluster_2",
                    "value": 0.0
                },
                {
                    "cluster": "cluster_20",
                    "value": 0.0
                },
                {
                    "cluster": "cluster_21",
                    "value": 0.0
                },
                {
                    "cluster": "cluster_22",
                    "value": 0.0
                },
                {
                    "cluster": "cluster_3",
                    "value": 0.0
                },
                {
                    "cluster": "cluster_4",
                    "value": 0.0
                },
                {
                    "cluster": "cluster_5",
                    "value": 0.0
                },
                {
                    "cluster": "cluster_6",
                    "value": 0.0
                },
                {
                    "cluster": "cluster_7",
                    "value": 0.0
                },
                {
                    "cluster": "cluster_8",
                    "value": 0.0
                },
                {
                    "cluster": "cluster_9",
                    "value": 0.0
                }
            ]
        },
        {
            "variable": "dummy:CHAS:__Others__",
            "var": 0.03,
            "values": [
                {
                    "cluster": "cluster_0",
                    "value": 0.16666666666666666
                },
                {
                    "cluster": "cluster_1",
                    "value": 0.0
                },
                {
                    "cluster": "cluster_10",
                    "value": 0.0
                },
                {
                    "cluster": "cluster_11",
                    "value": 0.0
                },
                {
                    "cluster": "cluster_12",
                    "value": 0.5
                },
                {
                    "cluster": "cluster_13",
                    "value": 0.0
                },
                {
                    "cluster": "cluster_14",
                    "value": 0.125
                },
                {
                    "cluster": "cluster_15",
                    "value": 0.6
                },
                {
                    "cluster": "cluster_16",
                    "value": 0.07142857142857142
                },
                {
                    "cluster": "cluster_17",
                    "value": 0.0
                },
                {
                    "cluster": "cluster_18",
                    "value": 0.09090909090909091
                },
                {
                    "cluster": "cluster_19",
                    "value": 0.0
                },
                {
                    "cluster": "cluster_2",
                    "value": 0.0
                },
                {
                    "cluster": "cluster_20",
                    "value": 0.08928571428571429
                },
                {
                    "cluster": "cluster_21",
                    "value": 0.0
                },
                {
                    "cluster": "cluster_22",
                    "value": 0.1111111111111111
                },
                {
                    "cluster": "cluster_3",
                    "value": 0.0
                },
                {
                    "cluster": "cluster_4",
                    "value": 0.0
                },
                {
                    "cluster": "cluster_5",
                    "value": 0.0
                },
                {
                    "cluster": "cluster_6",
                    "value": 0.07692307692307693
                },
                {
                    "cluster": "cluster_7",
                    "value": 0.0
                },
                {
                    "cluster": "cluster_8",
                    "value": 0.0
                },
                {
                    "cluster": "cluster_9",
                    "value": 0.47368421052631576
                }
            ]
        },
        {
            "variable": "B",
            "var": 8297.71,
            "values": [
                {
                    "cluster": "cluster_0",
                    "value": 314.1616666666667
                },
                {
                    "cluster": "cluster_1",
                    "value": 390.8359999999999
                },
                {
                    "cluster": "cluster_10",
                    "value": 266.1066666666667
                },
                {
                    "cluster": "cluster_11",
                    "value": 378.09999999999997
                },
                {
                    "cluster": "cluster_12",
                    "value": 377.6975
                },
                {
                    "cluster": "cluster_13",
                    "value": 387.12379999999996
                },
                {
                    "cluster": "cluster_14",
                    "value": 373.47124999999994
                },
                {
                    "cluster": "cluster_15",
                    "value": 371.38599999999997
                },
                {
                    "cluster": "cluster_16",
                    "value": 388.40285714285716
                },
                {
                    "cluster": "cluster_17",
                    "value": 378.2982352941176
                },
                {
                    "cluster": "cluster_18",
                    "value": 388.0427272727273
                },
                {
                    "cluster": "cluster_19",
                    "value": 390.32124999999996
                },
                {
                    "cluster": "cluster_2",
                    "value": 390.27769230769235
                },
                {
                    "cluster": "cluster_20",
                    "value": 391.05428571428587
                },
                {
                    "cluster": "cluster_21",
                    "value": 376.0663636363637
                },
                {
                    "cluster": "cluster_22",
                    "value": 324.8166666666667
                },
                {
                    "cluster": "cluster_3",
                    "value": 50.45416666666667
                },
                {
                    "cluster": "cluster_4",
                    "value": 351.61695652173916
                },
                {
                    "cluster": "cluster_5",
                    "value": 337.87625
                },
                {
                    "cluster": "cluster_6",
                    "value": 392.05269230769215
                },
                {
                    "cluster": "cluster_7",
                    "value": 388.124
                },
                {
                    "cluster": "cluster_8",
                    "value": 94.842
                },
                {
                    "cluster": "cluster_9",
                    "value": 389.34473684210525
                }
            ]
        },
        {
            "variable": "TAX",
            "var": 31497.03,
            "values": [
                {
                    "cluster": "cluster_0",
                    "value": 403.0
                },
                {
                    "cluster": "cluster_1",
                    "value": 301.8666666666667
                },
                {
                    "cluster": "cluster_10",
                    "value": 666.0
                },
                {
                    "cluster": "cluster_11",
                    "value": 188.0
                },
                {
                    "cluster": "cluster_12",
                    "value": 403.0
                },
                {
                    "cluster": "cluster_13",
                    "value": 286.36
                },
                {
                    "cluster": "cluster_14",
                    "value": 666.0
                },
                {
                    "cluster": "cluster_15",
                    "value": 666.0
                },
                {
                    "cluster": "cluster_16",
                    "value": 286.2142857142857
                },
                {
                    "cluster": "cluster_17",
                    "value": 517.5882352941177
                },
                {
                    "cluster": "cluster_18",
                    "value": 264.8181818181818
                },
                {
                    "cluster": "cluster_19",
                    "value": 339.375
                },
                {
                    "cluster": "cluster_2",
                    "value": 666.0
                },
                {
                    "cluster": "cluster_20",
                    "value": 321.44642857142856
                },
                {
                    "cluster": "cluster_21",
                    "value": 666.0
                },
                {
                    "cluster": "cluster_22",
                    "value": 387.55555555555554
                },
                {
                    "cluster": "cluster_3",
                    "value": 666.0
                },
                {
                    "cluster": "cluster_4",
                    "value": 327.95652173913044
                },
                {
                    "cluster": "cluster_5",
                    "value": 666.0
                },
                {
                    "cluster": "cluster_6",
                    "value": 300.61538461538464
                },
                {
                    "cluster": "cluster_7",
                    "value": 264.0
                },
                {
                    "cluster": "cluster_8",
                    "value": 666.0
                },
                {
                    "cluster": "cluster_9",
                    "value": 280.5263157894737
                }
            ]
        },
        {
            "variable": "CRIM",
            "var": 288.17,
            "values": [
                {
                    "cluster": "cluster_0",
                    "value": 2.322555
                },
                {
                    "cluster": "cluster_1",
                    "value": 0.22615379903978053
                },
                {
                    "cluster": "cluster_10",
                    "value": 76.81036666666667
                },
                {
                    "cluster": "cluster_11",
                    "value": 0.14808166666666667
                },
                {
                    "cluster": "cluster_12",
                    "value": 1.64664
                },
                {
                    "cluster": "cluster_13",
                    "value": 0.2674248794238683
                },
                {
                    "cluster": "cluster_14",
                    "value": 7.9493320478395075
                },
                {
                    "cluster": "cluster_15",
                    "value": 6.509680794238685
                },
                {
                    "cluster": "cluster_16",
                    "value": 0.28051814079952975
                },
                {
                    "cluster": "cluster_17",
                    "value": 0.4906058823529411
                },
                {
                    "cluster": "cluster_18",
                    "value": 0.21928318181818177
                },
                {
                    "cluster": "cluster_19",
                    "value": 0.26387837319958846
                },
                {
                    "cluster": "cluster_2",
                    "value": 6.273207692307693
                },
                {
                    "cluster": "cluster_20",
                    "value": 0.39503360559964734
                },
                {
                    "cluster": "cluster_21",
                    "value": 23.64208181818182
                },
                {
                    "cluster": "cluster_22",
                    "value": 1.9342655555555557
                },
                {
                    "cluster": "cluster_3",
                    "value": 9.391330330932785
                },
                {
                    "cluster": "cluster_4",
                    "value": 0.7069552173913042
                },
                {
                    "cluster": "cluster_5",
                    "value": 9.352397500000002
                },
                {
                    "cluster": "cluster_6",
                    "value": 0.48518238129154795
                },
                {
                    "cluster": "cluster_7",
                    "value": 0.9241023971193416
                },
                {
                    "cluster": "cluster_8",
                    "value": 31.363080000000004
                },
                {
                    "cluster": "cluster_9",
                    "value": 0.22608684210526317
                }
            ]
        },
        {
            "variable": "PTRATIO",
            "var": 5.86,
            "values": [
                {
                    "cluster": "cluster_0",
                    "value": 14.699999999999998
                },
                {
                    "cluster": "cluster_1",
                    "value": 18.616666666666678
                },
                {
                    "cluster": "cluster_10",
                    "value": 20.2
                },
                {
                    "cluster": "cluster_11",
                    "value": 19.099999999999998
                },
                {
                    "cluster": "cluster_12",
                    "value": 14.7
                },
                {
                    "cluster": "cluster_13",
                    "value": 18.41600000000001
                },
                {
                    "cluster": "cluster_14",
                    "value": 20.20000000000001
                },
                {
                    "cluster": "cluster_15",
                    "value": 20.2
                },
                {
                    "cluster": "cluster_16",
                    "value": 14.707142857142857
                },
                {
                    "cluster": "cluster_17",
                    "value": 20.876470588235296
                },
                {
                    "cluster": "cluster_18",
                    "value": 17.38181818181818
                },
                {
                    "cluster": "cluster_19",
                    "value": 17.150000000000006
                },
                {
                    "cluster": "cluster_2",
                    "value": 20.199999999999996
                },
                {
                    "cluster": "cluster_20",
                    "value": 18.326785714285716
                },
                {
                    "cluster": "cluster_21",
                    "value": 20.199999999999996
                },
                {
                    "cluster": "cluster_22",
                    "value": 14.511111111111113
                },
                {
                    "cluster": "cluster_3",
                    "value": 20.199999999999992
                },
                {
                    "cluster": "cluster_4",
                    "value": 20.913043478260864
                },
                {
                    "cluster": "cluster_5",
                    "value": 20.199999999999996
                },
                {
                    "cluster": "cluster_6",
                    "value": 16.784615384615385
                },
                {
                    "cluster": "cluster_7",
                    "value": 13.0
                },
                {
                    "cluster": "cluster_8",
                    "value": 20.2
                },
                {
                    "cluster": "cluster_9",
                    "value": 17.731578947368416
                }
            ]
        },
        {
            "variable": "MEDV",
            "var": 141.43,
            "values": [
                {
                    "cluster": "cluster_0",
                    "value": 16.425
                },
                {
                    "cluster": "cluster_1",
                    "value": 22.95
                },
                {
                    "cluster": "cluster_10",
                    "value": 8.066666666666668
                },
                {
                    "cluster": "cluster_11",
                    "value": 19.783333333333335
                },
                {
                    "cluster": "cluster_12",
                    "value": 47.825
                },
                {
                    "cluster": "cluster_13",
                    "value": 22.831999999999997
                },
                {
                    "cluster": "cluster_14",
                    "value": 16.575000000000006
                },
                {
                    "cluster": "cluster_15",
                    "value": 50.0
                },
                {
                    "cluster": "cluster_16",
                    "value": 38.864285714285714
                },
                {
                    "cluster": "cluster_17",
                    "value": 15.282352941176471
                },
                {
                    "cluster": "cluster_18",
                    "value": 39.2909090909091
                },
                {
                    "cluster": "cluster_19",
                    "value": 22.518750000000004
                },
                {
                    "cluster": "cluster_2",
                    "value": 21.884615384615383
                },
                {
                    "cluster": "cluster_20",
                    "value": 22.810714285714287
                },
                {
                    "cluster": "cluster_21",
                    "value": 10.118181818181819
                },
                {
                    "cluster": "cluster_22",
                    "value": 23.422222222222224
                },
                {
                    "cluster": "cluster_3",
                    "value": 13.033333333333333
                },
                {
                    "cluster": "cluster_4",
                    "value": 16.413043478260867
                },
                {
                    "cluster": "cluster_5",
                    "value": 14.312500000000002
                },
                {
                    "cluster": "cluster_6",
                    "value": 32.12307692307693
                },
                {
                    "cluster": "cluster_7",
                    "value": 40.339999999999996
                },
                {
                    "cluster": "cluster_8",
                    "value": 12.5
                },
                {
                    "cluster": "cluster_9",
                    "value": 20.357894736842102
                }
            ]
        },
        {
            "variable": "DIS",
            "var": 4.21,
            "values": [
                {
                    "cluster": "cluster_0",
                    "value": 1.5388916666666665
                },
                {
                    "cluster": "cluster_1",
                    "value": 7.178650000000003
                },
                {
                    "cluster": "cluster_10",
                    "value": 1.5481666666666667
                },
                {
                    "cluster": "cluster_11",
                    "value": 2.0497333333333336
                },
                {
                    "cluster": "cluster_12",
                    "value": 2.031475
                },
                {
                    "cluster": "cluster_13",
                    "value": 4.803876000000001
                },
                {
                    "cluster": "cluster_14",
                    "value": 2.117755
                },
                {
                    "cluster": "cluster_15",
                    "value": 1.23806
                },
                {
                    "cluster": "cluster_16",
                    "value": 6.865171428571428
                },
                {
                    "cluster": "cluster_17",
                    "value": 1.8759176470588237
                },
                {
                    "cluster": "cluster_18",
                    "value": 3.565022727272727
                },
                {
                    "cluster": "cluster_19",
                    "value": 8.5874375
                },
                {
                    "cluster": "cluster_2",
                    "value": 3.2144692307692315
                },
                {
                    "cluster": "cluster_20",
                    "value": 3.1850892857142847
                },
                {
                    "cluster": "cluster_21",
                    "value": 1.4263454545454546
                },
                {
                    "cluster": "cluster_22",
                    "value": 2.1583
                },
                {
                    "cluster": "cluster_3",
                    "value": 2.1077166666666667
                },
                {
                    "cluster": "cluster_4",
                    "value": 3.7016521739130424
                },
                {
                    "cluster": "cluster_5",
                    "value": 1.807425
                },
                {
                    "cluster": "cluster_6",
                    "value": 5.368053846153845
                },
                {
                    "cluster": "cluster_7",
                    "value": 2.1671400000000003
                },
                {
                    "cluster": "cluster_8",
                    "value": 1.66238
                },
                {
                    "cluster": "cluster_9",
                    "value": 4.148457894736842
                }
            ]
        },
        {
            "variable": "ZN",
            "var": 590.3,
            "values": [
                {
                    "cluster": "cluster_0",
                    "value": 0.0
                },
                {
                    "cluster": "cluster_1",
                    "value": 21.9
                },
                {
                    "cluster": "cluster_10",
                    "value": 0.0
                },
                {
                    "cluster": "cluster_11",
                    "value": 0.0
                },
                {
                    "cluster": "cluster_12",
                    "value": 0.0
                },
                {
                    "cluster": "cluster_13",
                    "value": 2.01
                },
                {
                    "cluster": "cluster_14",
                    "value": 0.0
                },
                {
                    "cluster": "cluster_15",
                    "value": 0.0
                },
                {
                    "cluster": "cluster_16",
                    "value": 86.96428571428571
                },
                {
                    "cluster": "cluster_17",
                    "value": 0.0
                },
                {
                    "cluster": "cluster_18",
                    "value": 2.727272727272727
                },
                {
                    "cluster": "cluster_19",
                    "value": 73.90625
                },
                {
                    "cluster": "cluster_2",
                    "value": 0.0
                },
                {
                    "cluster": "cluster_20",
                    "value": 0.8214285714285714
                },
                {
                    "cluster": "cluster_21",
                    "value": 0.0
                },
                {
                    "cluster": "cluster_22",
                    "value": 2.2222222222222223
                },
                {
                    "cluster": "cluster_3",
                    "value": 0.0
                },
                {
                    "cluster": "cluster_4",
                    "value": 1.0869565217391304
                },
                {
                    "cluster": "cluster_5",
                    "value": 0.0
                },
                {
                    "cluster": "cluster_6",
                    "value": 44.88461538461539
                },
                {
                    "cluster": "cluster_7",
                    "value": 18.0
                },
                {
                    "cluster": "cluster_8",
                    "value": 0.0
                },
                {
                    "cluster": "cluster_9",
                    "value": 3.026315789473684
                }
            ]
        },
        {
            "variable": "INDUS",
            "var": 52.01,
            "values": [
                {
                    "cluster": "cluster_0",
                    "value": 18.163998628257882
                },
                {
                    "cluster": "cluster_1",
                    "value": 5.329932784636492
                },
                {
                    "cluster": "cluster_10",
                    "value": 18.1
                },
                {
                    "cluster": "cluster_11",
                    "value": 25.650000000000002
                },
                {
                    "cluster": "cluster_12",
                    "value": 19.58
                },
                {
                    "cluster": "cluster_13",
                    "value": 7.617599999999998
                },
                {
                    "cluster": "cluster_14",
                    "value": 17.57379938271606
                },
                {
                    "cluster": "cluster_15",
                    "value": 18.1
                },
                {
                    "cluster": "cluster_16",
                    "value": 1.899285714285714
                },
                {
                    "cluster": "cluster_17",
                    "value": 23.610588235294117
                },
                {
                    "cluster": "cluster_18",
                    "value": 4.657272727272728
                },
                {
                    "cluster": "cluster_19",
                    "value": 2.960625
                },
                {
                    "cluster": "cluster_2",
                    "value": 18.099999999999998
                },
                {
                    "cluster": "cluster_20",
                    "value": 8.48324955908289
                },
                {
                    "cluster": "cluster_21",
                    "value": 17.462181069958845
                },
                {
                    "cluster": "cluster_22",
                    "value": 17.845555555555553
                },
                {
                    "cluster": "cluster_3",
                    "value": 17.807666323731144
                },
                {
                    "cluster": "cluster_4",
                    "value": 8.301739130434784
                },
                {
                    "cluster": "cluster_5",
                    "value": 18.099999999999998
                },
                {
                    "cluster": "cluster_6",
                    "value": 4.59684552073441
                },
                {
                    "cluster": "cluster_7",
                    "value": 3.9699999999999998
                },
                {
                    "cluster": "cluster_8",
                    "value": 18.1
                },
                {
                    "cluster": "cluster_9",
                    "value": 9.824104396794455
                }
            ]
        },
        {
            "variable": "RAD",
            "var": 91.98,
            "values": [
                {
                    "cluster": "cluster_0",
                    "value": 5.0
                },
                {
                    "cluster": "cluster_1",
                    "value": 5.366666666666666
                },
                {
                    "cluster": "cluster_10",
                    "value": 24.0
                },
                {
                    "cluster": "cluster_11",
                    "value": 2.0
                },
                {
                    "cluster": "cluster_12",
                    "value": 5.0
                },
                {
                    "cluster": "cluster_13",
                    "value": 4.2
                },
                {
                    "cluster": "cluster_14",
                    "value": 24.0
                },
                {
                    "cluster": "cluster_15",
                    "value": 24.0
                },
                {
                    "cluster": "cluster_16",
                    "value": 3.0714285714285716
                },
                {
                    "cluster": "cluster_17",
                    "value": 4.0
                },
                {
                    "cluster": "cluster_18",
                    "value": 5.090909090909091
                },
                {
                    "cluster": "cluster_19",
                    "value": 3.75
                },
                {
                    "cluster": "cluster_2",
                    "value": 24.0
                },
                {
                    "cluster": "cluster_20",
                    "value": 4.714285714285714
                },
                {
                    "cluster": "cluster_21",
                    "value": 24.0
                },
                {
                    "cluster": "cluster_22",
                    "value": 5.0
                },
                {
                    "cluster": "cluster_3",
                    "value": 24.0
                },
                {
                    "cluster": "cluster_4",
                    "value": 4.3478260869565215
                },
                {
                    "cluster": "cluster_5",
                    "value": 24.0
                },
                {
                    "cluster": "cluster_6",
                    "value": 4.538461538461538
                },
                {
                    "cluster": "cluster_7",
                    "value": 5.0
                },
                {
                    "cluster": "cluster_8",
                    "value": 24.0
                },
                {
                    "cluster": "cluster_9",
                    "value": 4.315789473684211
                }
            ]
        },
        {
            "variable": "LSTAT",
            "var": 55.95,
            "values": [
                {
                    "cluster": "cluster_0",
                    "value": 20.904999999999998
                },
                {
                    "cluster": "cluster_1",
                    "value": 9.133695473251032
                },
                {
                    "cluster": "cluster_10",
                    "value": 20.27
                },
                {
                    "cluster": "cluster_11",
                    "value": 17.703333333333337
                },
                {
                    "cluster": "cluster_12",
                    "value": 3.3825000000000003
                },
                {
                    "cluster": "cluster_13",
                    "value": 9.010925925925923
                },
                {
                    "cluster": "cluster_14",
                    "value": 15.64202160493827
                },
                {
                    "cluster": "cluster_15",
                    "value": 5.672
                },
                {
                    "cluster": "cluster_16",
                    "value": 4.582142857142857
                },
                {
                    "cluster": "cluster_17",
                    "value": 19.436470588235295
                },
                {
                    "cluster": "cluster_18",
                    "value": 5.581857463524131
                },
                {
                    "cluster": "cluster_19",
                    "value": 7.293749999999999
                },
                {
                    "cluster": "cluster_2",
                    "value": 12.6558024691358
                },
                {
                    "cluster": "cluster_20",
                    "value": 10.546102292768962
                },
                {
                    "cluster": "cluster_21",
                    "value": 29.00272727272727
                },
                {
                    "cluster": "cluster_22",
                    "value": 10.046666666666667
                },
                {
                    "cluster": "cluster_3",
                    "value": 20.866249999999997
                },
                {
                    "cluster": "cluster_4",
                    "value": 15.880869565217392
                },
                {
                    "cluster": "cluster_5",
                    "value": 21.111875000000005
                },
                {
                    "cluster": "cluster_6",
                    "value": 5.392901234567902
                },
                {
                    "cluster": "cluster_7",
                    "value": 8.041
                },
                {
                    "cluster": "cluster_8",
                    "value": 26.518
                },
                {
                    "cluster": "cluster_9",
                    "value": 20.406842105263156
                }
            ]
        },
        {
            "variable": "NOX",
            "var": 0.01,
            "values": [
                {
                    "cluster": "cluster_0",
                    "value": 0.8710000000000003
                },
                {
                    "cluster": "cluster_1",
                    "value": 0.4319366666666665
                },
                {
                    "cluster": "cluster_10",
                    "value": 0.681
                },
                {
                    "cluster": "cluster_11",
                    "value": 0.581
                },
                {
                    "cluster": "cluster_12",
                    "value": 0.605
                },
                {
                    "cluster": "cluster_13",
                    "value": 0.4771180000000001
                },
                {
                    "cluster": "cluster_14",
                    "value": 0.7130750000000001
                },
                {
                    "cluster": "cluster_15",
                    "value": 0.6384000000000001
                },
                {
                    "cluster": "cluster_16",
                    "value": 0.40665714285714294
                },
                {
                    "cluster": "cluster_17",
                    "value": 0.6195882352941176
                },
                {
                    "cluster": "cluster_18",
                    "value": 0.484081818181818
                },
                {
                    "cluster": "cluster_19",
                    "value": 0.40618750000000003
                },
                {
                    "cluster": "cluster_2",
                    "value": 0.5743076923076924
                },
                {
                    "cluster": "cluster_20",
                    "value": 0.5248750000000003
                },
                {
                    "cluster": "cluster_21",
                    "value": 0.6859090909090908
                },
                {
                    "cluster": "cluster_22",
                    "value": 0.6096666666666667
                },
                {
                    "cluster": "cluster_3",
                    "value": 0.6743333333333331
                },
                {
                    "cluster": "cluster_4",
                    "value": 0.5303478260869565
                },
                {
                    "cluster": "cluster_5",
                    "value": 0.6666875
                },
                {
                    "cluster": "cluster_6",
                    "value": 0.4394923076923076
                },
                {
                    "cluster": "cluster_7",
                    "value": 0.6326000000000002
                },
                {
                    "cluster": "cluster_8",
                    "value": 0.649
                },
                {
                    "cluster": "cluster_9",
                    "value": 0.5119473684210526
                }
            ]
        },
        {
            "variable": "RM",
            "var": 0.57,
            "values": [
                {
                    "cluster": "cluster_0",
                    "value": 5.590083333333333
                },
                {
                    "cluster": "cluster_1",
                    "value": 6.306066666666666
                },
                {
                    "cluster": "cluster_10",
                    "value": 6.2026666666666666
                },
                {
                    "cluster": "cluster_11",
                    "value": 5.8855
                },
                {
                    "cluster": "cluster_12",
                    "value": 7.76225
                },
                {
                    "cluster": "cluster_13",
                    "value": 6.170840000000002
                },
                {
                    "cluster": "cluster_14",
                    "value": 6.403850000000001
                },
                {
                    "cluster": "cluster_15",
                    "value": 6.151999999999999
                },
                {
                    "cluster": "cluster_16",
                    "value": 7.41042857142857
                },
                {
                    "cluster": "cluster_17",
                    "value": 5.864882352941177
                },
                {
                    "cluster": "cluster_18",
                    "value": 7.661363636363637
                },
                {
                    "cluster": "cluster_19",
                    "value": 6.225249999999998
                },
                {
                    "cluster": "cluster_2",
                    "value": 6.27423076923077
                },
                {
                    "cluster": "cluster_20",
                    "value": 6.211803571428571
                },
                {
                    "cluster": "cluster_21",
                    "value": 4.981363636363636
                },
                {
                    "cluster": "cluster_22",
                    "value": 6.0343333333333335
                },
                {
                    "cluster": "cluster_3",
                    "value": 6.358208333333334
                },
                {
                    "cluster": "cluster_4",
                    "value": 6.02095652173913
                },
                {
                    "cluster": "cluster_5",
                    "value": 5.385312500000001
                },
                {
                    "cluster": "cluster_6",
                    "value": 6.913307692307692
                },
                {
                    "cluster": "cluster_7",
                    "value": 7.647200000000001
                },
                {
                    "cluster": "cluster_8",
                    "value": 5.1616
                },
                {
                    "cluster": "cluster_9",
                    "value": 5.794315789473685
                }
            ]
        },
        {
            "variable": "AGE",
            "var": 566.65,
            "values": [
                {
                    "cluster": "cluster_0",
                    "value": 95.48487654320986
                },
                {
                    "cluster": "cluster_1",
                    "value": 42.59333333333334
                },
                {
                    "cluster": "cluster_10",
                    "value": 97.3
                },
                {
                    "cluster": "cluster_11",
                    "value": 83.23641975308642
                },
                {
                    "cluster": "cluster_12",
                    "value": 90.07962962962964
                },
                {
                    "cluster": "cluster_13",
                    "value": 35.662
                },
                {
                    "cluster": "cluster_14",
                    "value": 92.34296296296296
                },
                {
                    "cluster": "cluster_15",
                    "value": 90.48370370370371
                },
                {
                    "cluster": "cluster_16",
                    "value": 27.707142857142856
                },
                {
                    "cluster": "cluster_17",
                    "value": 94.53050108932462
                },
                {
                    "cluster": "cluster_18",
                    "value": 66.47811447811446
                },
                {
                    "cluster": "cluster_19",
                    "value": 31.6375
                },
                {
                    "cluster": "cluster_2",
                    "value": 68.26923076923076
                },
                {
                    "cluster": "cluster_20",
                    "value": 74.95066137566138
                },
                {
                    "cluster": "cluster_21",
                    "value": 96.2090909090909
                },
                {
                    "cluster": "cluster_22",
                    "value": 89.77777777777777
                },
                {
                    "cluster": "cluster_3",
                    "value": 88.39243827160493
                },
                {
                    "cluster": "cluster_4",
                    "value": 89.25813204508857
                },
                {
                    "cluster": "cluster_5",
                    "value": 95.30625
                },
                {
                    "cluster": "cluster_6",
                    "value": 34.83988603988604
                },
                {
                    "cluster": "cluster_7",
                    "value": 83.99000000000001
                },
                {
                    "cluster": "cluster_8",
                    "value": 93.56
                },
                {
                    "cluster": "cluster_9",
                    "value": 77.83781676413255
                }
            ]
        },
        {
            "variable": "cluster_size",
            "var": 200.38,
            "values": [
                {
                    "cluster": "cluster_20",
                    "value": 56
                },
                {
                    "cluster": "cluster_13",
                    "value": 50
                },
                {
                    "cluster": "cluster_14",
                    "value": 40
                },
                {
                    "cluster": "cluster_1",
                    "value": 30
                },
                {
                    "cluster": "cluster_6",
                    "value": 26
                },
                {
                    "cluster": "cluster_3",
                    "value": 24
                },
                {
                    "cluster": "cluster_4",
                    "value": 23
                },
                {
                    "cluster": "cluster_18",
                    "value": 22
                },
                {
                    "cluster": "cluster_9",
                    "value": 19
                },
                {
                    "cluster": "cluster_17",
                    "value": 17
                },
                {
                    "cluster": "cluster_19",
                    "value": 16
                },
                {
                    "cluster": "cluster_5",
                    "value": 16
                },
                {
                    "cluster": "cluster_16",
                    "value": 14
                },
                {
                    "cluster": "cluster_2",
                    "value": 13
                },
                {
                    "cluster": "cluster_0",
                    "value": 12
                },
                {
                    "cluster": "cluster_21",
                    "value": 11
                },
                {
                    "cluster": "cluster_7",
                    "value": 10
                },
                {
                    "cluster": "cluster_22",
                    "value": 9
                },
                {
                    "cluster": "cluster_11",
                    "value": 6
                },
                {
                    "cluster": "cluster_15",
                    "value": 5
                },
                {
                    "cluster": "cluster_8",
                    "value": 5
                },
                {
                    "cluster": "cluster_12",
                    "value": 4
                },
                {
                    "cluster": "cluster_10",
                    "value": 3
                }
            ]
        }
    ],
    "summary": {
        "clusters": []
    }
}