{
    "modelId": "m22",
    "state": "DONE",
    "startTime": 1667380593682,
    "endTime": 1667380614768,
    "preprocessingTime": 166,
    "trainingTime": 1152,
    "progress": {
        "stack": [],
        "top_level_todo": [],
        "top_level_done": [
            {
                "name": "Loading source dataset",
                "time": 30
            },
            {
                "name": "Collecting statistics",
                "time": 22
            },
            {
                "name": "Preprocessing data",
                "time": 106
            },
            {
                "name": "Fitting model",
                "time": 113
            },
            {
                "name": "Saving model",
                "time": 2
            },
            {
                "name": "Scoring model",
                "time": 1037
            }
        ]
    }
}