{"global": {"size": 431, "facts": [{"type": "numerical", "feature_label": "CRIM", "cluster_label": "cluster_6", "mean": 76.81036666666667, "std": 10.903343970696945, "diff": 8.344976598806511, "global_mean": 3.742854147355657, "global_std": 8.755867875023286}, {"type": "numerical", "feature_label": "B", "cluster_label": "cluster_3", "mean": 54.188928571428576, "std": 48.75751143189884, "diff": -3.2972576236335347, "global_mean": 356.2846867749414, "global_std": 91.62030774853658}, {"type": "numerical", "feature_label": "NOX", "cluster_label": "cluster_8", "mean": 0.8710000000000003, "std": 3.4787703908662606e-16, "diff": 2.7360221660960105, "global_mean": 0.5567744779582383, "global_std": 0.11484757906407088}, {"type": "numerical", "feature_label": "ZN", "cluster_label": "cluster_1", "mean": 69.72916666666667, "std": 19.158065445947454, "diff": 2.5274628480538825, "global_mean": 10.935034802784223, "global_std": 23.262115171802925}, {"type": "numerical", "feature_label": "CRIM", "cluster_label": "cluster_9", "mean": 22.575585294117644, "std": 10.755386251022157, "diff": 2.150869727087094, "global_mean": 3.742854147355657, "global_std": 8.755867875023286}, {"type": "numerical", "feature_label": "LSTAT", "cluster_label": "cluster_9", "mean": 28.26117647058824, "std": 5.4133710411731215, "diff": 2.115914125481775, "global_mean": 12.884991836383959, "global_std": 7.2669228155482255}, {"type": "numerical", "feature_label": "INDUS", "cluster_label": "cluster_0", "mean": 24.142608695652168, "std": 2.515682118579199, "diff": 1.9111578554261375, "global_mean": 11.19228275710616, "global_std": 6.7761676000638}, {"type": "numerical", "feature_label": "MEDV", "cluster_label": "cluster_2", "mean": 39.955, "std": 7.033872260310034, "diff": 1.8107835237030256, "global_mean": 22.724361948955938, "global_std": 9.515570373540653}, {"type": "numerical", "feature_label": "RM", "cluster_label": "cluster_2", "mean": 7.5912500000000005, "std": 0.5487820897690467, "diff": 1.7565998720546459, "global_mean": 6.302051044083534, "global_std": 0.7339172548205453}, {"type": "numerical", "feature_label": "PTRATIO", "cluster_label": "cluster_8", "mean": 14.699999999999998, "std": 1.8553442084620055e-15, "diff": -1.7244418679642732, "global_mean": 18.44849187935028, "global_std": 2.173742095333968}]}, "clusters": [{"cluster": "cluster_0", "size": 23, "facts": [{"type": "numerical", "feature_label": "INDUS", "cluster_label": "cluster_0", "mean": 24.142608695652168, "std": 2.515682118579199, "diff": 1.9111578554261375, "global_mean": 11.19228275710616, "global_std": 6.7761676000638}, {"type": "numerical", "feature_label": "PTRATIO", "cluster_label": "cluster_0", "mean": 20.41304347826087, "std": 0.9111951930524521, "diff": 0.9037648040802945, "global_mean": 18.44849187935028, "global_std": 2.173742095333968}, {"type": "numerical", "feature_label": "DIS", "cluster_label": "cluster_0", "mean": 1.921260869565218, "std": 0.23121706593810856, "diff": -0.8636084399874758, "global_mean": 3.7171805104408326, "global_std": 2.079553137416836}]}, {"cluster": "cluster_1", "size": 48, "facts": [{"type": "numerical", "feature_label": "ZN", "cluster_label": "cluster_1", "mean": 69.72916666666667, "std": 19.158065445947454, "diff": 2.5274628480538825, "global_mean": 10.935034802784223, "global_std": 23.262115171802925}, {"type": "numerical", "feature_label": "DIS", "cluster_label": "cluster_1", "mean": 7.1056041666666685, "std": 1.8038407424818823, "diff": 1.6293998913799543, "global_mean": 3.7171805104408326, "global_std": 2.079553137416836}, {"type": "numerical", "feature_label": "AGE", "cluster_label": "cluster_1", "mean": 30.910802469135806, "std": 12.220907559577604, "diff": -1.3956311765732505, "global_mean": 69.16676978602732, "global_std": 27.411230100794203}]}, {"cluster": "cluster_2", "size": 40, "facts": [{"type": "numerical", "feature_label": "MEDV", "cluster_label": "cluster_2", "mean": 39.955, "std": 7.033872260310034, "diff": 1.8107835237030256, "global_mean": 22.724361948955938, "global_std": 9.515570373540653}, {"type": "numerical", "feature_label": "RM", "cluster_label": "cluster_2", "mean": 7.5912500000000005, "std": 0.5487820897690467, "diff": 1.7565998720546459, "global_mean": 6.302051044083534, "global_std": 0.7339172548205453}, {"type": "numerical", "feature_label": "PTRATIO", "cluster_label": "cluster_2", "mean": 15.929999999999996, "std": 2.0668568977791946, "diff": -1.1585973721336744, "global_mean": 18.44849187935028, "global_std": 2.173742095333968}]}, {"cluster": "cluster_3", "size": 28, "facts": [{"type": "numerical", "feature_label": "B", "cluster_label": "cluster_3", "mean": 54.188928571428576, "std": 48.75751143189884, "diff": -3.2972576236335347, "global_mean": 356.2846867749414, "global_std": 91.62030774853658}, {"type": "numerical", "feature_label": "RAD", "cluster_label": "cluster_3", "mean": 24.0, "std": 0.0, "diff": 1.6149334258185704, "global_mean": 9.77494199535963, "global_std": 8.808448557209122}, {"type": "numerical", "feature_label": "TAX", "cluster_label": "cluster_3", "mean": 666.0, "std": 0.0, "diff": 1.4848729393217464, "global_mean": 412.41763341067286, "global_std": 170.77714858562737}]}, {"cluster": "cluster_4", "size": 83, "facts": [{"type": "numerical", "feature_label": "AGE", "cluster_label": "cluster_4", "mean": 37.993975903614455, "std": 17.996777146421213, "diff": -1.1372271061089547, "global_mean": 69.16676978602732, "global_std": 27.411230100794203}, {"type": "numerical", "feature_label": "DIS", "cluster_label": "cluster_4", "mean": 5.651744578313252, "std": 1.4440834294739426, "diff": 0.9302787378039699, "global_mean": 3.7171805104408326, "global_std": 2.079553137416836}, {"type": "numerical", "feature_label": "NOX", "cluster_label": "cluster_4", "mean": 0.45734939759036164, "std": 0.03456744687967306, "diff": -0.8657133322105959, "global_mean": 0.5567744779582383, "global_std": 0.11484757906407088}]}, {"cluster": "cluster_5", "size": 69, "facts": [{"type": "numerical", "feature_label": "RAD", "cluster_label": "cluster_5", "mean": 24.0, "std": 0.0, "diff": 1.6149334258185704, "global_mean": 9.77494199535963, "global_std": 8.808448557209122}, {"type": "numerical", "feature_label": "TAX", "cluster_label": "cluster_5", "mean": 666.0, "std": 0.0, "diff": 1.4848729393217464, "global_mean": 412.41763341067286, "global_std": 170.77714858562737}, {"type": "numerical", "feature_label": "NOX", "cluster_label": "cluster_5", "mean": 0.673478260869565, "std": 0.06883326160231912, "diff": 1.0161623245555769, "global_mean": 0.5567744779582383, "global_std": 0.11484757906407088}]}, {"cluster": "cluster_6", "size": 3, "facts": [{"type": "numerical", "feature_label": "CRIM", "cluster_label": "cluster_6", "mean": 76.81036666666667, "std": 10.903343970696945, "diff": 8.344976598806511, "global_mean": 3.742854147355657, "global_std": 8.755867875023286}, {"type": "numerical", "feature_label": "RAD", "cluster_label": "cluster_6", "mean": 24.0, "std": 0.0, "diff": 1.6149334258185704, "global_mean": 9.77494199535963, "global_std": 8.808448557209122}, {"type": "numerical", "feature_label": "MEDV", "cluster_label": "cluster_6", "mean": 8.066666666666668, "std": 2.7736858750286295, "diff": -1.5403906131625067, "global_mean": 22.724361948955938, "global_std": 9.515570373540653}]}, {"cluster": "cluster_7", "size": 108, "facts": [{"type": "numerical", "feature_label": "RAD", "cluster_label": "cluster_7", "mean": 4.638888888888889, "std": 1.506734622016697, "diff": -0.5830826022440951, "global_mean": 9.77494199535963, "global_std": 8.808448557209122}, {"type": "numerical", "feature_label": "TAX", "cluster_label": "cluster_7", "mean": 322.85185185185185, "std": 61.09618811469394, "diff": -0.5244599895278899, "global_mean": 412.41763341067286, "global_std": 170.77714858562737}, {"type": "numerical", "feature_label": "ZN", "cluster_label": "cluster_7", "mean": 1.2083333333333333, "std": 4.853038839872225, "diff": -0.41813486854544807, "global_mean": 10.935034802784223, "global_std": 23.262115171802925}]}, {"cluster": "cluster_8", "size": 12, "facts": [{"type": "numerical", "feature_label": "NOX", "cluster_label": "cluster_8", "mean": 0.8710000000000003, "std": 3.4787703908662606e-16, "diff": 2.7360221660960105, "global_mean": 0.5567744779582383, "global_std": 0.11484757906407088}, {"type": "numerical", "feature_label": "PTRATIO", "cluster_label": "cluster_8", "mean": 14.699999999999998, "std": 1.8553442084620055e-15, "diff": -1.7244418679642732, "global_mean": 18.44849187935028, "global_std": 2.173742095333968}, {"type": "numerical", "feature_label": "LSTAT", "cluster_label": "cluster_8", "mean": 20.904999999999998, "std": 7.827718232491045, "diff": 1.103631945347833, "global_mean": 12.884991836383959, "global_std": 7.2669228155482255}]}, {"cluster": "cluster_9", "size": 17, "facts": [{"type": "numerical", "feature_label": "CRIM", "cluster_label": "cluster_9", "mean": 22.575585294117644, "std": 10.755386251022157, "diff": 2.150869727087094, "global_mean": 3.742854147355657, "global_std": 8.755867875023286}, {"type": "numerical", "feature_label": "LSTAT", "cluster_label": "cluster_9", "mean": 28.26117647058824, "std": 5.4133710411731215, "diff": 2.115914125481775, "global_mean": 12.884991836383959, "global_std": 7.2669228155482255}, {"type": "numerical", "feature_label": "RM", "cluster_label": "cluster_9", "mean": 5.089117647058824, "std": 0.6231235714480056, "diff": -1.6526841262524774, "global_mean": 6.302051044083534, "global_std": 0.7339172548205453}]}]}