{
    "metrics": {
        "inertia": 1489.2358407272195,
        "silhouette": 0.2723280719021514,
        "nbClusters": 10
    },
    "processed_feature_names": [
        "B",
        "TAX",
        "CRIM",
        "PTRATIO",
        "MEDV",
        "DIS",
        "ZN",
        "INDUS",
        "RAD",
        "LSTAT",
        "NOX",
        "RM",
        "AGE",
        "dummy:CHAS:0",
        "dummy:CHAS:N/A",
        "dummy:CHAS:__Others__"
    ],
    "variables_importance": {
        "variables": [
            "B",
            "TAX",
            "CRIM",
            "PTRATIO",
            "MEDV",
            "DIS",
            "ZN",
            "INDUS",
            "RAD",
            "LSTAT",
            "NOX",
            "RM",
            "AGE",
            "dummy:CHAS:0",
            "dummy:CHAS:__Others__"
        ],
        "importances": [
            0.07815843748343779,
            0.06596986627683311,
            0.07258824363803158,
            0.0288114545179393,
            0.08366130132718883,
            0.08985610253066671,
            0.09107196285686982,
            0.09676381394406254,
            0.07553305084764327,
            0.06283295189253618,
            0.08277685049331827,
            0.07349338882094945,
            0.0948762435388579,
            0.0016343645433625458,
            0.001971967288302655
        ]
    },
    "reduce_vars": [],
    "train_nb_records": 431,
    "train_nb_features": 16,
    "train_nb_outliers": 0,
    "cluster_description": [
        {
            "variable": "dummy:CHAS:0",
            "var": 0.0,
            "values": [
                {
                    "cluster": "cluster_0",
                    "value": 1.0
                },
                {
                    "cluster": "cluster_1",
                    "value": 0.9583333333333334
                },
                {
                    "cluster": "cluster_2",
                    "value": 0.9
                },
                {
                    "cluster": "cluster_3",
                    "value": 1.0
                },
                {
                    "cluster": "cluster_4",
                    "value": 0.9879518072289156
                },
                {
                    "cluster": "cluster_5",
                    "value": 0.8840579710144928
                },
                {
                    "cluster": "cluster_6",
                    "value": 1.0
                },
                {
                    "cluster": "cluster_7",
                    "value": 0.8611111111111112
                },
                {
                    "cluster": "cluster_8",
                    "value": 0.8333333333333334
                },
                {
                    "cluster": "cluster_9",
                    "value": 1.0
                }
            ]
        },
        {
            "variable": "dummy:CHAS:N/A",
            "var": 0.0,
            "values": [
                {
                    "cluster": "cluster_0",
                    "value": 0.0
                },
                {
                    "cluster": "cluster_1",
                    "value": 0.0
                },
                {
                    "cluster": "cluster_2",
                    "value": 0.0
                },
                {
                    "cluster": "cluster_3",
                    "value": 0.0
                },
                {
                    "cluster": "cluster_4",
                    "value": 0.0
                },
                {
                    "cluster": "cluster_5",
                    "value": 0.0
                },
                {
                    "cluster": "cluster_6",
                    "value": 0.0
                },
                {
                    "cluster": "cluster_7",
                    "value": 0.0
                },
                {
                    "cluster": "cluster_8",
                    "value": 0.0
                },
                {
                    "cluster": "cluster_9",
                    "value": 0.0
                }
            ]
        },
        {
            "variable": "dummy:CHAS:__Others__",
            "var": 0.0,
            "values": [
                {
                    "cluster": "cluster_0",
                    "value": 0.0
                },
                {
                    "cluster": "cluster_1",
                    "value": 0.041666666666666664
                },
                {
                    "cluster": "cluster_2",
                    "value": 0.1
                },
                {
                    "cluster": "cluster_3",
                    "value": 0.0
                },
                {
                    "cluster": "cluster_4",
                    "value": 0.012048192771084338
                },
                {
                    "cluster": "cluster_5",
                    "value": 0.11594202898550725
                },
                {
                    "cluster": "cluster_6",
                    "value": 0.0
                },
                {
                    "cluster": "cluster_7",
                    "value": 0.1388888888888889
                },
                {
                    "cluster": "cluster_8",
                    "value": 0.16666666666666666
                },
                {
                    "cluster": "cluster_9",
                    "value": 0.0
                }
            ]
        },
        {
            "variable": "B",
            "var": 10812.62,
            "values": [
                {
                    "cluster": "cluster_0",
                    "value": 378.24652173913046
                },
                {
                    "cluster": "cluster_1",
                    "value": 390.1041666666665
                },
                {
                    "cluster": "cluster_2",
                    "value": 387.71700000000004
                },
                {
                    "cluster": "cluster_3",
                    "value": 54.188928571428576
                },
                {
                    "cluster": "cluster_4",
                    "value": 389.9722891566267
                },
                {
                    "cluster": "cluster_5",
                    "value": 374.1873913043479
                },
                {
                    "cluster": "cluster_6",
                    "value": 266.1066666666667
                },
                {
                    "cluster": "cluster_7",
                    "value": 375.85314814814836
                },
                {
                    "cluster": "cluster_8",
                    "value": 314.1616666666667
                },
                {
                    "cluster": "cluster_9",
                    "value": 338.8841176470589
                }
            ]
        },
        {
            "variable": "TAX",
            "var": 30638.73,
            "values": [
                {
                    "cluster": "cluster_0",
                    "value": 431.60869565217394
                },
                {
                    "cluster": "cluster_1",
                    "value": 318.5833333333333
                },
                {
                    "cluster": "cluster_2",
                    "value": 273.125
                },
                {
                    "cluster": "cluster_3",
                    "value": 666.0
                },
                {
                    "cluster": "cluster_4",
                    "value": 288.93975903614455
                },
                {
                    "cluster": "cluster_5",
                    "value": 666.0
                },
                {
                    "cluster": "cluster_6",
                    "value": 666.0
                },
                {
                    "cluster": "cluster_7",
                    "value": 322.85185185185185
                },
                {
                    "cluster": "cluster_8",
                    "value": 403.0
                },
                {
                    "cluster": "cluster_9",
                    "value": 666.0
                }
            ]
        },
        {
            "variable": "CRIM",
            "var": 566.06,
            "values": [
                {
                    "cluster": "cluster_0",
                    "value": 0.4012517391304347
                },
                {
                    "cluster": "cluster_1",
                    "value": 0.34358699759945127
                },
                {
                    "cluster": "cluster_2",
                    "value": 0.6141566985596708
                },
                {
                    "cluster": "cluster_3",
                    "value": 11.475986712228103
                },
                {
                    "cluster": "cluster_4",
                    "value": 0.2501423122118102
                },
                {
                    "cluster": "cluster_5",
                    "value": 7.519846317170633
                },
                {
                    "cluster": "cluster_6",
                    "value": 76.81036666666667
                },
                {
                    "cluster": "cluster_7",
                    "value": 0.5540496105776559
                },
                {
                    "cluster": "cluster_8",
                    "value": 2.322555
                },
                {
                    "cluster": "cluster_9",
                    "value": 22.575585294117644
                }
            ]
        },
        {
            "variable": "PTRATIO",
            "var": 4.55,
            "values": [
                {
                    "cluster": "cluster_0",
                    "value": 20.41304347826087
                },
                {
                    "cluster": "cluster_1",
                    "value": 16.349999999999998
                },
                {
                    "cluster": "cluster_2",
                    "value": 15.929999999999996
                },
                {
                    "cluster": "cluster_3",
                    "value": 20.199999999999996
                },
                {
                    "cluster": "cluster_4",
                    "value": 18.314457831325303
                },
                {
                    "cluster": "cluster_5",
                    "value": 20.200000000000024
                },
                {
                    "cluster": "cluster_6",
                    "value": 20.2
                },
                {
                    "cluster": "cluster_7",
                    "value": 18.5175925925926
                },
                {
                    "cluster": "cluster_8",
                    "value": 14.699999999999998
                },
                {
                    "cluster": "cluster_9",
                    "value": 20.199999999999996
                }
            ]
        },
        {
            "variable": "MEDV",
            "var": 92.78,
            "values": [
                {
                    "cluster": "cluster_0",
                    "value": 16.456521739130437
                },
                {
                    "cluster": "cluster_1",
                    "value": 30.78541666666666
                },
                {
                    "cluster": "cluster_2",
                    "value": 39.955
                },
                {
                    "cluster": "cluster_3",
                    "value": 13.396428571428569
                },
                {
                    "cluster": "cluster_4",
                    "value": 23.50361445783132
                },
                {
                    "cluster": "cluster_5",
                    "value": 19.776811594202897
                },
                {
                    "cluster": "cluster_6",
                    "value": 8.066666666666668
                },
                {
                    "cluster": "cluster_7",
                    "value": 20.875925925925916
                },
                {
                    "cluster": "cluster_8",
                    "value": 16.425
                },
                {
                    "cluster": "cluster_9",
                    "value": 10.200000000000003
                }
            ]
        },
        {
            "variable": "DIS",
            "var": 3.68,
            "values": [
                {
                    "cluster": "cluster_0",
                    "value": 1.921260869565218
                },
                {
                    "cluster": "cluster_1",
                    "value": 7.1056041666666685
                },
                {
                    "cluster": "cluster_2",
                    "value": 3.1110549999999995
                },
                {
                    "cluster": "cluster_3",
                    "value": 2.0414321428571425
                },
                {
                    "cluster": "cluster_4",
                    "value": 5.651744578313252
                },
                {
                    "cluster": "cluster_5",
                    "value": 2.2149289855072456
                },
                {
                    "cluster": "cluster_6",
                    "value": 1.5481666666666667
                },
                {
                    "cluster": "cluster_7",
                    "value": 3.3704101851851864
                },
                {
                    "cluster": "cluster_8",
                    "value": 1.5388916666666665
                },
                {
                    "cluster": "cluster_9",
                    "value": 1.5414176470588234
                }
            ]
        },
        {
            "variable": "ZN",
            "var": 471.18,
            "values": [
                {
                    "cluster": "cluster_0",
                    "value": 0.0
                },
                {
                    "cluster": "cluster_1",
                    "value": 69.72916666666667
                },
                {
                    "cluster": "cluster_2",
                    "value": 7.825
                },
                {
                    "cluster": "cluster_3",
                    "value": 0.0
                },
                {
                    "cluster": "cluster_4",
                    "value": 11.114457831325302
                },
                {
                    "cluster": "cluster_5",
                    "value": 0.0
                },
                {
                    "cluster": "cluster_6",
                    "value": 0.0
                },
                {
                    "cluster": "cluster_7",
                    "value": 1.2083333333333333
                },
                {
                    "cluster": "cluster_8",
                    "value": 0.0
                },
                {
                    "cluster": "cluster_9",
                    "value": 0.0
                }
            ]
        },
        {
            "variable": "INDUS",
            "var": 48.77,
            "values": [
                {
                    "cluster": "cluster_0",
                    "value": 24.142608695652168
                },
                {
                    "cluster": "cluster_1",
                    "value": 3.172874657064472
                },
                {
                    "cluster": "cluster_2",
                    "value": 5.794499999999998
                },
                {
                    "cluster": "cluster_3",
                    "value": 17.84942827748384
                },
                {
                    "cluster": "cluster_4",
                    "value": 6.545156428181867
                },
                {
                    "cluster": "cluster_5",
                    "value": 17.79495616389336
                },
                {
                    "cluster": "cluster_6",
                    "value": 18.1
                },
                {
                    "cluster": "cluster_7",
                    "value": 9.635925544886458
                },
                {
                    "cluster": "cluster_8",
                    "value": 18.163998628257882
                },
                {
                    "cluster": "cluster_9",
                    "value": 17.687293633502783
                }
            ]
        },
        {
            "variable": "RAD",
            "var": 102.63,
            "values": [
                {
                    "cluster": "cluster_0",
                    "value": 3.4782608695652173
                },
                {
                    "cluster": "cluster_1",
                    "value": 3.5833333333333335
                },
                {
                    "cluster": "cluster_2",
                    "value": 5.05
                },
                {
                    "cluster": "cluster_3",
                    "value": 24.0
                },
                {
                    "cluster": "cluster_4",
                    "value": 4.698795180722891
                },
                {
                    "cluster": "cluster_5",
                    "value": 24.0
                },
                {
                    "cluster": "cluster_6",
                    "value": 24.0
                },
                {
                    "cluster": "cluster_7",
                    "value": 4.638888888888889
                },
                {
                    "cluster": "cluster_8",
                    "value": 5.0
                },
                {
                    "cluster": "cluster_9",
                    "value": 24.0
                }
            ]
        },
        {
            "variable": "LSTAT",
            "var": 54.62,
            "values": [
                {
                    "cluster": "cluster_0",
                    "value": 18.984347826086957
                },
                {
                    "cluster": "cluster_1",
                    "value": 5.697196502057614
                },
                {
                    "cluster": "cluster_2",
                    "value": 5.969771604938271
                },
                {
                    "cluster": "cluster_3",
                    "value": 21.058928571428567
                },
                {
                    "cluster": "cluster_4",
                    "value": 8.918399524022014
                },
                {
                    "cluster": "cluster_5",
                    "value": 15.053279656468064
                },
                {
                    "cluster": "cluster_6",
                    "value": 20.27
                },
                {
                    "cluster": "cluster_7",
                    "value": 13.36918267032465
                },
                {
                    "cluster": "cluster_8",
                    "value": 20.904999999999998
                },
                {
                    "cluster": "cluster_9",
                    "value": 28.26117647058824
                }
            ]
        },
        {
            "variable": "NOX",
            "var": 0.02,
            "values": [
                {
                    "cluster": "cluster_0",
                    "value": 0.6095217391304348
                },
                {
                    "cluster": "cluster_1",
                    "value": 0.4168999999999999
                },
                {
                    "cluster": "cluster_2",
                    "value": 0.53104
                },
                {
                    "cluster": "cluster_3",
                    "value": 0.6703571428571429
                },
                {
                    "cluster": "cluster_4",
                    "value": 0.45734939759036164
                },
                {
                    "cluster": "cluster_5",
                    "value": 0.673478260869565
                },
                {
                    "cluster": "cluster_6",
                    "value": 0.681
                },
                {
                    "cluster": "cluster_7",
                    "value": 0.5316759259259253
                },
                {
                    "cluster": "cluster_8",
                    "value": 0.8710000000000003
                },
                {
                    "cluster": "cluster_9",
                    "value": 0.6812941176470588
                }
            ]
        },
        {
            "variable": "RM",
            "var": 0.45,
            "values": [
                {
                    "cluster": "cluster_0",
                    "value": 5.870260869565217
                },
                {
                    "cluster": "cluster_1",
                    "value": 6.844395833333336
                },
                {
                    "cluster": "cluster_2",
                    "value": 7.5912500000000005
                },
                {
                    "cluster": "cluster_3",
                    "value": 6.16407142857143
                },
                {
                    "cluster": "cluster_4",
                    "value": 6.273722891566267
                },
                {
                    "cluster": "cluster_5",
                    "value": 6.213550724637679
                },
                {
                    "cluster": "cluster_6",
                    "value": 6.2026666666666666
                },
                {
                    "cluster": "cluster_7",
                    "value": 6.0623611111111115
                },
                {
                    "cluster": "cluster_8",
                    "value": 5.590083333333333
                },
                {
                    "cluster": "cluster_9",
                    "value": 5.089117647058824
                }
            ]
        },
        {
            "variable": "AGE",
            "var": 583.18,
            "values": [
                {
                    "cluster": "cluster_0",
                    "value": 91.58421900161031
                },
                {
                    "cluster": "cluster_1",
                    "value": 30.910802469135806
                },
                {
                    "cluster": "cluster_2",
                    "value": 72.50388888888888
                },
                {
                    "cluster": "cluster_3",
                    "value": 88.90066137566136
                },
                {
                    "cluster": "cluster_4",
                    "value": 37.993975903614455
                },
                {
                    "cluster": "cluster_5",
                    "value": 88.25850778314543
                },
                {
                    "cluster": "cluster_6",
                    "value": 97.3
                },
                {
                    "cluster": "cluster_7",
                    "value": 78.91937585733885
                },
                {
                    "cluster": "cluster_8",
                    "value": 95.48487654320986
                },
                {
                    "cluster": "cluster_9",
                    "value": 95.70588235294116
                }
            ]
        },
        {
            "variable": "cluster_size",
            "var": 1155.21,
            "values": [
                {
                    "cluster": "cluster_7",
                    "value": 108
                },
                {
                    "cluster": "cluster_4",
                    "value": 83
                },
                {
                    "cluster": "cluster_5",
                    "value": 69
                },
                {
                    "cluster": "cluster_1",
                    "value": 48
                },
                {
                    "cluster": "cluster_2",
                    "value": 40
                },
                {
                    "cluster": "cluster_3",
                    "value": 28
                },
                {
                    "cluster": "cluster_0",
                    "value": 23
                },
                {
                    "cluster": "cluster_9",
                    "value": 17
                },
                {
                    "cluster": "cluster_8",
                    "value": 12
                },
                {
                    "cluster": "cluster_6",
                    "value": 3
                }
            ]
        }
    ],
    "summary": {
        "clusters": []
    }
}