{
    "metrics": {
        "inertia": 989.1281288242686,
        "silhouette": 0.2171412962945416,
        "nbClusters": 21
    },
    "processed_feature_names": [
        "B",
        "TAX",
        "CRIM",
        "PTRATIO",
        "MEDV",
        "DIS",
        "ZN",
        "INDUS",
        "RAD",
        "LSTAT",
        "NOX",
        "RM",
        "AGE",
        "dummy:CHAS:0",
        "dummy:CHAS:N/A",
        "dummy:CHAS:__Others__"
    ],
    "variables_importance": {
        "variables": [
            "B",
            "TAX",
            "CRIM",
            "PTRATIO",
            "MEDV",
            "DIS",
            "ZN",
            "INDUS",
            "RAD",
            "LSTAT",
            "NOX",
            "RM",
            "AGE",
            "dummy:CHAS:0",
            "dummy:CHAS:__Others__"
        ],
        "importances": [
            0.07561060499041455,
            0.05111054431381679,
            0.07412196555615366,
            0.06601087511878477,
            0.09148682159656031,
            0.11957870041344738,
            0.061780994378891715,
            0.07572647988974221,
            0.04392119833166894,
            0.07530416847388563,
            0.09251470404213373,
            0.07698792887682612,
            0.08948585010044934,
            0.0030739828919981553,
            0.003285181025226499
        ]
    },
    "reduce_vars": [],
    "train_nb_records": 431,
    "train_nb_features": 16,
    "train_nb_outliers": 0,
    "cluster_description": [
        {
            "variable": "dummy:CHAS:0",
            "var": 0.03,
            "values": [
                {
                    "cluster": "cluster_0",
                    "value": 0.8275862068965517
                },
                {
                    "cluster": "cluster_1",
                    "value": 1.0
                },
                {
                    "cluster": "cluster_10",
                    "value": 1.0
                },
                {
                    "cluster": "cluster_11",
                    "value": 1.0
                },
                {
                    "cluster": "cluster_12",
                    "value": 1.0
                },
                {
                    "cluster": "cluster_13",
                    "value": 0.8888888888888888
                },
                {
                    "cluster": "cluster_14",
                    "value": 0.5454545454545454
                },
                {
                    "cluster": "cluster_15",
                    "value": 0.8979591836734694
                },
                {
                    "cluster": "cluster_16",
                    "value": 0.8947368421052632
                },
                {
                    "cluster": "cluster_17",
                    "value": 0.4
                },
                {
                    "cluster": "cluster_18",
                    "value": 0.8571428571428571
                },
                {
                    "cluster": "cluster_19",
                    "value": 1.0
                },
                {
                    "cluster": "cluster_2",
                    "value": 1.0
                },
                {
                    "cluster": "cluster_20",
                    "value": 1.0
                },
                {
                    "cluster": "cluster_3",
                    "value": 1.0
                },
                {
                    "cluster": "cluster_4",
                    "value": 1.0
                },
                {
                    "cluster": "cluster_5",
                    "value": 0.875
                },
                {
                    "cluster": "cluster_6",
                    "value": 0.8181818181818182
                },
                {
                    "cluster": "cluster_7",
                    "value": 1.0
                },
                {
                    "cluster": "cluster_8",
                    "value": 1.0
                },
                {
                    "cluster": "cluster_9",
                    "value": 0.9047619047619048
                }
            ]
        },
        {
            "variable": "dummy:CHAS:N/A",
            "var": 0.0,
            "values": [
                {
                    "cluster": "cluster_0",
                    "value": 0.0
                },
                {
                    "cluster": "cluster_1",
                    "value": 0.0
                },
                {
                    "cluster": "cluster_10",
                    "value": 0.0
                },
                {
                    "cluster": "cluster_11",
                    "value": 0.0
                },
                {
                    "cluster": "cluster_12",
                    "value": 0.0
                },
                {
                    "cluster": "cluster_13",
                    "value": 0.0
                },
                {
                    "cluster": "cluster_14",
                    "value": 0.0
                },
                {
                    "cluster": "cluster_15",
                    "value": 0.0
                },
                {
                    "cluster": "cluster_16",
                    "value": 0.0
                },
                {
                    "cluster": "cluster_17",
                    "value": 0.0
                },
                {
                    "cluster": "cluster_18",
                    "value": 0.0
                },
                {
                    "cluster": "cluster_19",
                    "value": 0.0
                },
                {
                    "cluster": "cluster_2",
                    "value": 0.0
                },
                {
                    "cluster": "cluster_20",
                    "value": 0.0
                },
                {
                    "cluster": "cluster_3",
                    "value": 0.0
                },
                {
                    "cluster": "cluster_4",
                    "value": 0.0
                },
                {
                    "cluster": "cluster_5",
                    "value": 0.0
                },
                {
                    "cluster": "cluster_6",
                    "value": 0.0
                },
                {
                    "cluster": "cluster_7",
                    "value": 0.0
                },
                {
                    "cluster": "cluster_8",
                    "value": 0.0
                },
                {
                    "cluster": "cluster_9",
                    "value": 0.0
                }
            ]
        },
        {
            "variable": "dummy:CHAS:__Others__",
            "var": 0.03,
            "values": [
                {
                    "cluster": "cluster_0",
                    "value": 0.1724137931034483
                },
                {
                    "cluster": "cluster_1",
                    "value": 0.0
                },
                {
                    "cluster": "cluster_10",
                    "value": 0.0
                },
                {
                    "cluster": "cluster_11",
                    "value": 0.0
                },
                {
                    "cluster": "cluster_12",
                    "value": 0.0
                },
                {
                    "cluster": "cluster_13",
                    "value": 0.1111111111111111
                },
                {
                    "cluster": "cluster_14",
                    "value": 0.45454545454545453
                },
                {
                    "cluster": "cluster_15",
                    "value": 0.10204081632653061
                },
                {
                    "cluster": "cluster_16",
                    "value": 0.10526315789473684
                },
                {
                    "cluster": "cluster_17",
                    "value": 0.6
                },
                {
                    "cluster": "cluster_18",
                    "value": 0.14285714285714285
                },
                {
                    "cluster": "cluster_19",
                    "value": 0.0
                },
                {
                    "cluster": "cluster_2",
                    "value": 0.0
                },
                {
                    "cluster": "cluster_20",
                    "value": 0.0
                },
                {
                    "cluster": "cluster_3",
                    "value": 0.0
                },
                {
                    "cluster": "cluster_4",
                    "value": 0.0
                },
                {
                    "cluster": "cluster_5",
                    "value": 0.125
                },
                {
                    "cluster": "cluster_6",
                    "value": 0.18181818181818182
                },
                {
                    "cluster": "cluster_7",
                    "value": 0.0
                },
                {
                    "cluster": "cluster_8",
                    "value": 0.0
                },
                {
                    "cluster": "cluster_9",
                    "value": 0.09523809523809523
                }
            ]
        },
        {
            "variable": "B",
            "var": 8934.05,
            "values": [
                {
                    "cluster": "cluster_0",
                    "value": 390.0703448275861
                },
                {
                    "cluster": "cluster_1",
                    "value": 387.0594117647058
                },
                {
                    "cluster": "cluster_10",
                    "value": 390.15176470588233
                },
                {
                    "cluster": "cluster_11",
                    "value": 371.10538461538465
                },
                {
                    "cluster": "cluster_12",
                    "value": 100.93833333333333
                },
                {
                    "cluster": "cluster_13",
                    "value": 321.6955555555556
                },
                {
                    "cluster": "cluster_14",
                    "value": 394.02818181818185
                },
                {
                    "cluster": "cluster_15",
                    "value": 367.74306122448974
                },
                {
                    "cluster": "cluster_16",
                    "value": 388.00342105263144
                },
                {
                    "cluster": "cluster_17",
                    "value": 371.38599999999997
                },
                {
                    "cluster": "cluster_18",
                    "value": 385.14500000000004
                },
                {
                    "cluster": "cluster_19",
                    "value": 387.6846153846152
                },
                {
                    "cluster": "cluster_2",
                    "value": 50.45416666666667
                },
                {
                    "cluster": "cluster_20",
                    "value": 340.2011111111112
                },
                {
                    "cluster": "cluster_3",
                    "value": 391.23249999999985
                },
                {
                    "cluster": "cluster_4",
                    "value": 378.24652173913046
                },
                {
                    "cluster": "cluster_5",
                    "value": 389.7749999999999
                },
                {
                    "cluster": "cluster_6",
                    "value": 309.6027272727273
                },
                {
                    "cluster": "cluster_7",
                    "value": 266.1066666666667
                },
                {
                    "cluster": "cluster_8",
                    "value": 390.58333333333326
                },
                {
                    "cluster": "cluster_9",
                    "value": 388.7352380952381
                }
            ]
        },
        {
            "variable": "TAX",
            "var": 29138.27,
            "values": [
                {
                    "cluster": "cluster_0",
                    "value": 269.55172413793105
                },
                {
                    "cluster": "cluster_1",
                    "value": 666.0
                },
                {
                    "cluster": "cluster_10",
                    "value": 359.3235294117647
                },
                {
                    "cluster": "cluster_11",
                    "value": 666.0
                },
                {
                    "cluster": "cluster_12",
                    "value": 666.0
                },
                {
                    "cluster": "cluster_13",
                    "value": 403.0
                },
                {
                    "cluster": "cluster_14",
                    "value": 282.6363636363636
                },
                {
                    "cluster": "cluster_15",
                    "value": 666.0
                },
                {
                    "cluster": "cluster_16",
                    "value": 284.6578947368421
                },
                {
                    "cluster": "cluster_17",
                    "value": 666.0
                },
                {
                    "cluster": "cluster_18",
                    "value": 303.7142857142857
                },
                {
                    "cluster": "cluster_19",
                    "value": 295.88461538461536
                },
                {
                    "cluster": "cluster_2",
                    "value": 666.0
                },
                {
                    "cluster": "cluster_20",
                    "value": 316.6111111111111
                },
                {
                    "cluster": "cluster_3",
                    "value": 304.78125
                },
                {
                    "cluster": "cluster_4",
                    "value": 431.60869565217394
                },
                {
                    "cluster": "cluster_5",
                    "value": 308.1666666666667
                },
                {
                    "cluster": "cluster_6",
                    "value": 403.0
                },
                {
                    "cluster": "cluster_7",
                    "value": 666.0
                },
                {
                    "cluster": "cluster_8",
                    "value": 320.7916666666667
                },
                {
                    "cluster": "cluster_9",
                    "value": 256.7142857142857
                }
            ]
        },
        {
            "variable": "CRIM",
            "var": 304.12,
            "values": [
                {
                    "cluster": "cluster_0",
                    "value": 0.44112406697885614
                },
                {
                    "cluster": "cluster_1",
                    "value": 6.517902352941176
                },
                {
                    "cluster": "cluster_10",
                    "value": 0.3159286462115711
                },
                {
                    "cluster": "cluster_11",
                    "value": 20.994811538461537
                },
                {
                    "cluster": "cluster_12",
                    "value": 28.389599999999998
                },
                {
                    "cluster": "cluster_13",
                    "value": 2.0079766666666665
                },
                {
                    "cluster": "cluster_14",
                    "value": 0.24113272727272725
                },
                {
                    "cluster": "cluster_15",
                    "value": 8.407492896195514
                },
                {
                    "cluster": "cluster_16",
                    "value": 0.29100447368421056
                },
                {
                    "cluster": "cluster_17",
                    "value": 6.509680794238685
                },
                {
                    "cluster": "cluster_18",
                    "value": 1.1305417122281012
                },
                {
                    "cluster": "cluster_19",
                    "value": 0.38259415163026284
                },
                {
                    "cluster": "cluster_2",
                    "value": 9.391330330932785
                },
                {
                    "cluster": "cluster_20",
                    "value": 0.7927372222222222
                },
                {
                    "cluster": "cluster_3",
                    "value": 0.21068949909979426
                },
                {
                    "cluster": "cluster_4",
                    "value": 0.4012517391304347
                },
                {
                    "cluster": "cluster_5",
                    "value": 0.5068471630658437
                },
                {
                    "cluster": "cluster_6",
                    "value": 2.404149090909091
                },
                {
                    "cluster": "cluster_7",
                    "value": 76.81036666666667
                },
                {
                    "cluster": "cluster_8",
                    "value": 0.1846139154663923
                },
                {
                    "cluster": "cluster_9",
                    "value": 0.2087909523809523
                }
            ]
        },
        {
            "variable": "PTRATIO",
            "var": 5.01,
            "values": [
                {
                    "cluster": "cluster_0",
                    "value": 17.296551724137924
                },
                {
                    "cluster": "cluster_1",
                    "value": 20.199999999999996
                },
                {
                    "cluster": "cluster_10",
                    "value": 19.279411764705884
                },
                {
                    "cluster": "cluster_11",
                    "value": 20.199999999999996
                },
                {
                    "cluster": "cluster_12",
                    "value": 20.2
                },
                {
                    "cluster": "cluster_13",
                    "value": 14.700000000000001
                },
                {
                    "cluster": "cluster_14",
                    "value": 17.054545454545455
                },
                {
                    "cluster": "cluster_15",
                    "value": 20.200000000000017
                },
                {
                    "cluster": "cluster_16",
                    "value": 19.065789473684223
                },
                {
                    "cluster": "cluster_17",
                    "value": 20.2
                },
                {
                    "cluster": "cluster_18",
                    "value": 13.485714285714286
                },
                {
                    "cluster": "cluster_19",
                    "value": 17.234615384615385
                },
                {
                    "cluster": "cluster_2",
                    "value": 20.199999999999992
                },
                {
                    "cluster": "cluster_20",
                    "value": 20.705555555555552
                },
                {
                    "cluster": "cluster_3",
                    "value": 18.718750000000007
                },
                {
                    "cluster": "cluster_4",
                    "value": 20.41304347826087
                },
                {
                    "cluster": "cluster_5",
                    "value": 15.47916666666667
                },
                {
                    "cluster": "cluster_6",
                    "value": 14.7
                },
                {
                    "cluster": "cluster_7",
                    "value": 20.2
                },
                {
                    "cluster": "cluster_8",
                    "value": 17.133333333333336
                },
                {
                    "cluster": "cluster_9",
                    "value": 17.328571428571426
                }
            ]
        },
        {
            "variable": "MEDV",
            "var": 120.8,
            "values": [
                {
                    "cluster": "cluster_0",
                    "value": 26.41724137931034
                },
                {
                    "cluster": "cluster_1",
                    "value": 22.27058823529412
                },
                {
                    "cluster": "cluster_10",
                    "value": 20.06764705882353
                },
                {
                    "cluster": "cluster_11",
                    "value": 9.707692307692309
                },
                {
                    "cluster": "cluster_12",
                    "value": 14.266666666666667
                },
                {
                    "cluster": "cluster_13",
                    "value": 23.477777777777778
                },
                {
                    "cluster": "cluster_14",
                    "value": 20.07272727272727
                },
                {
                    "cluster": "cluster_15",
                    "value": 15.508163265306122
                },
                {
                    "cluster": "cluster_16",
                    "value": 21.87105263157895
                },
                {
                    "cluster": "cluster_17",
                    "value": 50.0
                },
                {
                    "cluster": "cluster_18",
                    "value": 42.478571428571435
                },
                {
                    "cluster": "cluster_19",
                    "value": 25.092307692307692
                },
                {
                    "cluster": "cluster_2",
                    "value": 13.033333333333333
                },
                {
                    "cluster": "cluster_20",
                    "value": 15.82222222222222
                },
                {
                    "cluster": "cluster_3",
                    "value": 22.596875000000004
                },
                {
                    "cluster": "cluster_4",
                    "value": 16.456521739130437
                },
                {
                    "cluster": "cluster_5",
                    "value": 36.82083333333334
                },
                {
                    "cluster": "cluster_6",
                    "value": 15.799999999999999
                },
                {
                    "cluster": "cluster_7",
                    "value": 8.066666666666668
                },
                {
                    "cluster": "cluster_8",
                    "value": 25.358333333333334
                },
                {
                    "cluster": "cluster_9",
                    "value": 40.27142857142857
                }
            ]
        },
        {
            "variable": "DIS",
            "var": 3.74,
            "values": [
                {
                    "cluster": "cluster_0",
                    "value": 3.3757724137931038
                },
                {
                    "cluster": "cluster_1",
                    "value": 2.9807235294117653
                },
                {
                    "cluster": "cluster_10",
                    "value": 2.9293794117647054
                },
                {
                    "cluster": "cluster_11",
                    "value": 1.5134461538461537
                },
                {
                    "cluster": "cluster_12",
                    "value": 1.6370833333333332
                },
                {
                    "cluster": "cluster_13",
                    "value": 2.1337888888888887
                },
                {
                    "cluster": "cluster_14",
                    "value": 4.557690909090908
                },
                {
                    "cluster": "cluster_15",
                    "value": 2.025493877551021
                },
                {
                    "cluster": "cluster_16",
                    "value": 4.1392421052631585
                },
                {
                    "cluster": "cluster_17",
                    "value": 1.23806
                },
                {
                    "cluster": "cluster_18",
                    "value": 2.1283785714285712
                },
                {
                    "cluster": "cluster_19",
                    "value": 5.29383076923077
                },
                {
                    "cluster": "cluster_2",
                    "value": 2.1077166666666667
                },
                {
                    "cluster": "cluster_20",
                    "value": 3.808966666666666
                },
                {
                    "cluster": "cluster_3",
                    "value": 7.075784375000002
                },
                {
                    "cluster": "cluster_4",
                    "value": 1.921260869565218
                },
                {
                    "cluster": "cluster_5",
                    "value": 5.951312499999999
                },
                {
                    "cluster": "cluster_6",
                    "value": 1.5182545454545455
                },
                {
                    "cluster": "cluster_7",
                    "value": 1.5481666666666667
                },
                {
                    "cluster": "cluster_8",
                    "value": 8.035141666666664
                },
                {
                    "cluster": "cluster_9",
                    "value": 3.721509523809524
                }
            ]
        },
        {
            "variable": "ZN",
            "var": 433.05,
            "values": [
                {
                    "cluster": "cluster_0",
                    "value": 3.1379310344827585
                },
                {
                    "cluster": "cluster_1",
                    "value": 0.0
                },
                {
                    "cluster": "cluster_10",
                    "value": 0.8235294117647058
                },
                {
                    "cluster": "cluster_11",
                    "value": 0.0
                },
                {
                    "cluster": "cluster_12",
                    "value": 0.0
                },
                {
                    "cluster": "cluster_13",
                    "value": 0.0
                },
                {
                    "cluster": "cluster_14",
                    "value": 3.409090909090909
                },
                {
                    "cluster": "cluster_15",
                    "value": 0.0
                },
                {
                    "cluster": "cluster_16",
                    "value": 1.0526315789473684
                },
                {
                    "cluster": "cluster_17",
                    "value": 0.0
                },
                {
                    "cluster": "cluster_18",
                    "value": 12.857142857142858
                },
                {
                    "cluster": "cluster_19",
                    "value": 7.903846153846154
                },
                {
                    "cluster": "cluster_2",
                    "value": 0.0
                },
                {
                    "cluster": "cluster_20",
                    "value": 1.3888888888888888
                },
                {
                    "cluster": "cluster_3",
                    "value": 20.65625
                },
                {
                    "cluster": "cluster_4",
                    "value": 0.0
                },
                {
                    "cluster": "cluster_5",
                    "value": 61.229166666666664
                },
                {
                    "cluster": "cluster_6",
                    "value": 0.0
                },
                {
                    "cluster": "cluster_7",
                    "value": 0.0
                },
                {
                    "cluster": "cluster_8",
                    "value": 77.60416666666667
                },
                {
                    "cluster": "cluster_9",
                    "value": 5.380952380952381
                }
            ]
        },
        {
            "variable": "INDUS",
            "var": 42.54,
            "values": [
                {
                    "cluster": "cluster_0",
                    "value": 5.321999432382576
                },
                {
                    "cluster": "cluster_1",
                    "value": 18.099999999999998
                },
                {
                    "cluster": "cluster_10",
                    "value": 10.031176470588237
                },
                {
                    "cluster": "cluster_11",
                    "value": 17.560307059195946
                },
                {
                    "cluster": "cluster_12",
                    "value": 18.099999999999998
                },
                {
                    "cluster": "cluster_13",
                    "value": 19.58
                },
                {
                    "cluster": "cluster_14",
                    "value": 8.864908342686123
                },
                {
                    "cluster": "cluster_15",
                    "value": 17.670448475686584
                },
                {
                    "cluster": "cluster_16",
                    "value": 8.74878925709335
                },
                {
                    "cluster": "cluster_17",
                    "value": 18.1
                },
                {
                    "cluster": "cluster_18",
                    "value": 8.429999999999998
                },
                {
                    "cluster": "cluster_19",
                    "value": 7.651538461538463
                },
                {
                    "cluster": "cluster_2",
                    "value": 17.807666323731144
                },
                {
                    "cluster": "cluster_20",
                    "value": 8.292443987197075
                },
                {
                    "cluster": "cluster_3",
                    "value": 5.168061985596709
                },
                {
                    "cluster": "cluster_4",
                    "value": 24.142608695652168
                },
                {
                    "cluster": "cluster_5",
                    "value": 3.521416323731138
                },
                {
                    "cluster": "cluster_6",
                    "value": 18.03527123082678
                },
                {
                    "cluster": "cluster_7",
                    "value": 18.1
                },
                {
                    "cluster": "cluster_8",
                    "value": 3.148916323731139
                },
                {
                    "cluster": "cluster_9",
                    "value": 4.490952380952382
                }
            ]
        },
        {
            "variable": "RAD",
            "var": 88.74,
            "values": [
                {
                    "cluster": "cluster_0",
                    "value": 4.586206896551724
                },
                {
                    "cluster": "cluster_1",
                    "value": 24.0
                },
                {
                    "cluster": "cluster_10",
                    "value": 4.617647058823529
                },
                {
                    "cluster": "cluster_11",
                    "value": 24.0
                },
                {
                    "cluster": "cluster_12",
                    "value": 24.0
                },
                {
                    "cluster": "cluster_13",
                    "value": 5.0
                },
                {
                    "cluster": "cluster_14",
                    "value": 4.636363636363637
                },
                {
                    "cluster": "cluster_15",
                    "value": 24.0
                },
                {
                    "cluster": "cluster_16",
                    "value": 4.342105263157895
                },
                {
                    "cluster": "cluster_17",
                    "value": 24.0
                },
                {
                    "cluster": "cluster_18",
                    "value": 5.0
                },
                {
                    "cluster": "cluster_19",
                    "value": 4.615384615384615
                },
                {
                    "cluster": "cluster_2",
                    "value": 24.0
                },
                {
                    "cluster": "cluster_20",
                    "value": 4.388888888888889
                },
                {
                    "cluster": "cluster_3",
                    "value": 5.21875
                },
                {
                    "cluster": "cluster_4",
                    "value": 3.4782608695652173
                },
                {
                    "cluster": "cluster_5",
                    "value": 3.5
                },
                {
                    "cluster": "cluster_6",
                    "value": 5.0
                },
                {
                    "cluster": "cluster_7",
                    "value": 24.0
                },
                {
                    "cluster": "cluster_8",
                    "value": 3.75
                },
                {
                    "cluster": "cluster_9",
                    "value": 5.190476190476191
                }
            ]
        },
        {
            "variable": "LSTAT",
            "var": 52.74,
            "values": [
                {
                    "cluster": "cluster_0",
                    "value": 8.522413793103448
                },
                {
                    "cluster": "cluster_1",
                    "value": 11.93149600580973
                },
                {
                    "cluster": "cluster_10",
                    "value": 12.038554829339144
                },
                {
                    "cluster": "cluster_11",
                    "value": 28.915384615384614
                },
                {
                    "cluster": "cluster_12",
                    "value": 24.319999999999997
                },
                {
                    "cluster": "cluster_13",
                    "value": 9.706666666666669
                },
                {
                    "cluster": "cluster_14",
                    "value": 21.290909090909093
                },
                {
                    "cluster": "cluster_15",
                    "value": 17.448180901990426
                },
                {
                    "cluster": "cluster_16",
                    "value": 11.303849902534113
                },
                {
                    "cluster": "cluster_17",
                    "value": 5.672
                },
                {
                    "cluster": "cluster_18",
                    "value": 6.71
                },
                {
                    "cluster": "cluster_19",
                    "value": 7.605033238366573
                },
                {
                    "cluster": "cluster_2",
                    "value": 20.866249999999997
                },
                {
                    "cluster": "cluster_20",
                    "value": 18.227777777777778
                },
                {
                    "cluster": "cluster_3",
                    "value": 9.118777006172843
                },
                {
                    "cluster": "cluster_4",
                    "value": 18.984347826086957
                },
                {
                    "cluster": "cluster_5",
                    "value": 4.767309670781893
                },
                {
                    "cluster": "cluster_6",
                    "value": 22.13363636363636
                },
                {
                    "cluster": "cluster_7",
                    "value": 20.27
                },
                {
                    "cluster": "cluster_8",
                    "value": 6.452083333333334
                },
                {
                    "cluster": "cluster_9",
                    "value": 5.492422104644328
                }
            ]
        },
        {
            "variable": "NOX",
            "var": 0.01,
            "values": [
                {
                    "cluster": "cluster_0",
                    "value": 0.5025862068965516
                },
                {
                    "cluster": "cluster_1",
                    "value": 0.604764705882353
                },
                {
                    "cluster": "cluster_10",
                    "value": 0.544058823529412
                },
                {
                    "cluster": "cluster_11",
                    "value": 0.6831538461538462
                },
                {
                    "cluster": "cluster_12",
                    "value": 0.646
                },
                {
                    "cluster": "cluster_13",
                    "value": 0.6345555555555555
                },
                {
                    "cluster": "cluster_14",
                    "value": 0.5001818181818181
                },
                {
                    "cluster": "cluster_15",
                    "value": 0.7022040816326531
                },
                {
                    "cluster": "cluster_16",
                    "value": 0.4979210526315792
                },
                {
                    "cluster": "cluster_17",
                    "value": 0.6384000000000001
                },
                {
                    "cluster": "cluster_18",
                    "value": 0.6247142857142858
                },
                {
                    "cluster": "cluster_19",
                    "value": 0.45153076923076935
                },
                {
                    "cluster": "cluster_2",
                    "value": 0.6743333333333331
                },
                {
                    "cluster": "cluster_20",
                    "value": 0.5352777777777779
                },
                {
                    "cluster": "cluster_3",
                    "value": 0.4413468749999999
                },
                {
                    "cluster": "cluster_4",
                    "value": 0.6095217391304348
                },
                {
                    "cluster": "cluster_5",
                    "value": 0.42609166666666654
                },
                {
                    "cluster": "cluster_6",
                    "value": 0.8710000000000003
                },
                {
                    "cluster": "cluster_7",
                    "value": 0.681
                },
                {
                    "cluster": "cluster_8",
                    "value": 0.40691666666666676
                },
                {
                    "cluster": "cluster_9",
                    "value": 0.47912857142857124
                }
            ]
        },
        {
            "variable": "RM",
            "var": 0.49,
            "values": [
                {
                    "cluster": "cluster_0",
                    "value": 6.482103448275862
                },
                {
                    "cluster": "cluster_1",
                    "value": 6.1332941176470595
                },
                {
                    "cluster": "cluster_10",
                    "value": 6.156029411764706
                },
                {
                    "cluster": "cluster_11",
                    "value": 4.969769230769231
                },
                {
                    "cluster": "cluster_12",
                    "value": 4.945166666666666
                },
                {
                    "cluster": "cluster_13",
                    "value": 6.13988888888889
                },
                {
                    "cluster": "cluster_14",
                    "value": 5.7846363636363645
                },
                {
                    "cluster": "cluster_15",
                    "value": 6.243734693877551
                },
                {
                    "cluster": "cluster_16",
                    "value": 5.9805
                },
                {
                    "cluster": "cluster_17",
                    "value": 6.151999999999999
                },
                {
                    "cluster": "cluster_18",
                    "value": 7.680071428571428
                },
                {
                    "cluster": "cluster_19",
                    "value": 6.342307692307694
                },
                {
                    "cluster": "cluster_2",
                    "value": 6.358208333333334
                },
                {
                    "cluster": "cluster_20",
                    "value": 5.884499999999999
                },
                {
                    "cluster": "cluster_3",
                    "value": 6.316875
                },
                {
                    "cluster": "cluster_4",
                    "value": 5.870260869565217
                },
                {
                    "cluster": "cluster_5",
                    "value": 7.231541666666666
                },
                {
                    "cluster": "cluster_6",
                    "value": 5.506454545454545
                },
                {
                    "cluster": "cluster_7",
                    "value": 6.2026666666666666
                },
                {
                    "cluster": "cluster_8",
                    "value": 6.459125
                },
                {
                    "cluster": "cluster_9",
                    "value": 7.697714285714286
                }
            ]
        },
        {
            "variable": "AGE",
            "var": 611.38,
            "values": [
                {
                    "cluster": "cluster_0",
                    "value": 72.86206896551724
                },
                {
                    "cluster": "cluster_1",
                    "value": 73.01764705882354
                },
                {
                    "cluster": "cluster_10",
                    "value": 78.34575163398694
                },
                {
                    "cluster": "cluster_11",
                    "value": 94.93846153846154
                },
                {
                    "cluster": "cluster_12",
                    "value": 94.63333333333334
                },
                {
                    "cluster": "cluster_13",
                    "value": 93.91111111111111
                },
                {
                    "cluster": "cluster_14",
                    "value": 92.46363636363635
                },
                {
                    "cluster": "cluster_15",
                    "value": 93.65139833711262
                },
                {
                    "cluster": "cluster_16",
                    "value": 48.59307992202727
                },
                {
                    "cluster": "cluster_17",
                    "value": 90.48370370370371
                },
                {
                    "cluster": "cluster_18",
                    "value": 85.72989417989416
                },
                {
                    "cluster": "cluster_19",
                    "value": 22.292307692307688
                },
                {
                    "cluster": "cluster_2",
                    "value": 88.39243827160493
                },
                {
                    "cluster": "cluster_20",
                    "value": 90.87222222222225
                },
                {
                    "cluster": "cluster_3",
                    "value": 45.05000000000001
                },
                {
                    "cluster": "cluster_4",
                    "value": 91.58421900161031
                },
                {
                    "cluster": "cluster_5",
                    "value": 32.36743827160494
                },
                {
                    "cluster": "cluster_6",
                    "value": 95.07441077441077
                },
                {
                    "cluster": "cluster_7",
                    "value": 97.3
                },
                {
                    "cluster": "cluster_8",
                    "value": 28.600000000000005
                },
                {
                    "cluster": "cluster_9",
                    "value": 64.51128747795413
                }
            ]
        },
        {
            "variable": "cluster_size",
            "var": 138.26,
            "values": [
                {
                    "cluster": "cluster_15",
                    "value": 49
                },
                {
                    "cluster": "cluster_16",
                    "value": 38
                },
                {
                    "cluster": "cluster_10",
                    "value": 34
                },
                {
                    "cluster": "cluster_3",
                    "value": 32
                },
                {
                    "cluster": "cluster_0",
                    "value": 29
                },
                {
                    "cluster": "cluster_19",
                    "value": 26
                },
                {
                    "cluster": "cluster_8",
                    "value": 24
                },
                {
                    "cluster": "cluster_2",
                    "value": 24
                },
                {
                    "cluster": "cluster_5",
                    "value": 24
                },
                {
                    "cluster": "cluster_4",
                    "value": 23
                },
                {
                    "cluster": "cluster_9",
                    "value": 21
                },
                {
                    "cluster": "cluster_20",
                    "value": 18
                },
                {
                    "cluster": "cluster_1",
                    "value": 17
                },
                {
                    "cluster": "cluster_18",
                    "value": 14
                },
                {
                    "cluster": "cluster_11",
                    "value": 13
                },
                {
                    "cluster": "cluster_6",
                    "value": 11
                },
                {
                    "cluster": "cluster_14",
                    "value": 11
                },
                {
                    "cluster": "cluster_13",
                    "value": 9
                },
                {
                    "cluster": "cluster_12",
                    "value": 6
                },
                {
                    "cluster": "cluster_17",
                    "value": 5
                },
                {
                    "cluster": "cluster_7",
                    "value": 3
                }
            ]
        }
    ],
    "summary": {
        "clusters": []
    }
}