[
    {
        "variable": "TAX",
        "per_cluster": [
            {
                "min": 666.0,
                "max": 711.0,
                "median": 666.0,
                "percentile25": 666.0,
                "percentile75": 666.0,
                "percentile9": 666.0,
                "percentile91": 666.0,
                "std": 8.921350787051674,
                "distribution": [
                    0,
                    0,
                    0,
                    0,
                    0,
                    0,
                    0,
                    0,
                    0,
                    0,
                    0,
                    0,
                    0,
                    0,
                    0,
                    0,
                    0,
                    0,
                    0,
                    0,
                    0,
                    0,
                    0,
                    0,
                    0,
                    0,
                    0,
                    0,
                    0,
                    0,
                    0,
                    0,
                    0,
                    0,
                    0,
                    0,
                    0,
                    0,
                    0,
                    0,
                    0,
                    0,
                    0,
                    0,
                    0,
                    0,
                    0,
                    0,
                    0,
                    0,
                    0,
                    0,
                    0,
                    0,
                    117,
                    0,
                    0,
                    0,
                    0,
                    5
                ],
                "max_ratio": 0.9590163934426229,
                "total_no_nan": 122,
                "total": 122,
                "cluster_name": "cluster_0"
            },
            {
                "min": 188.0,
                "max": 437.0,
                "median": 307.0,
                "percentile25": 276.0,
                "percentile75": 403.0,
                "percentile9": 233.0,
                "percentile91": 432.0,
                "std": 72.66673715840075,
                "distribution": [
                    13,
                    0,
                    0,
                    0,
                    1,
                    2,
                    1,
                    0,
                    11,
                    8,
                    14,
                    1,
                    4,
                    41,
                    2,
                    0,
                    0,
                    0,
                    0,
                    0,
                    0,
                    0,
                    9,
                    8,
                    26,
                    0,
                    0,
                    0,
                    20,
                    0,
                    0,
                    0,
                    0,
                    0,
                    0,
                    0,
                    0,
                    0,
                    0,
                    0,
                    0,
                    0,
                    0,
                    0,
                    0,
                    0,
                    0,
                    0,
                    0,
                    0,
                    0,
                    0,
                    0,
                    0,
                    0,
                    0,
                    0,
                    0,
                    0,
                    0
                ],
                "max_ratio": 0.2546583850931677,
                "total_no_nan": 161,
                "total": 161,
                "cluster_name": "cluster_1"
            },
            {
                "min": 187.0,
                "max": 469.0,
                "median": 287.0,
                "percentile25": 247.0,
                "percentile75": 330.0,
                "percentile9": 223.0,
                "percentile91": 398.0,
                "std": 57.63085398059998,
                "distribution": [
                    3,
                    1,
                    0,
                    5,
                    16,
                    3,
                    11,
                    8,
                    2,
                    2,
                    12,
                    16,
                    10,
                    8,
                    5,
                    0,
                    17,
                    2,
                    7,
                    3,
                    2,
                    0,
                    0,
                    0,
                    9,
                    2,
                    1,
                    2,
                    0,
                    0,
                    0,
                    0,
                    1,
                    0,
                    0,
                    0,
                    0,
                    0,
                    0,
                    0,
                    0,
                    0,
                    0,
                    0,
                    0,
                    0,
                    0,
                    0,
                    0,
                    0,
                    0,
                    0,
                    0,
                    0,
                    0,
                    0,
                    0,
                    0,
                    0,
                    0
                ],
                "max_ratio": 0.11486486486486487,
                "total_no_nan": 148,
                "total": 148,
                "cluster_name": "cluster_2"
            }
        ],
        "type": "numerical",
        "scale": {
            "min": 187.0,
            "max": 711.0,
            "max_ratio": 0.9590163934426229
        },
        "global": {
            "min": 187.0,
            "max": 711.0,
            "median": 335.0,
            "percentile25": 279.0,
            "percentile75": 666.0,
            "percentile9": 230.9,
            "percentile91": 666.0,
            "std": 170.57891619312062,
            "distribution": [
                16,
                1,
                0,
                5,
                17,
                5,
                12,
                8,
                13,
                10,
                26,
                17,
                14,
                49,
                7,
                0,
                17,
                2,
                7,
                3,
                2,
                0,
                9,
                8,
                35,
                2,
                1,
                2,
                20,
                0,
                0,
                0,
                1,
                0,
                0,
                0,
                0,
                0,
                0,
                0,
                0,
                0,
                0,
                0,
                0,
                0,
                0,
                0,
                0,
                0,
                0,
                0,
                0,
                0,
                117,
                0,
                0,
                0,
                0,
                5
            ],
            "max_ratio": 0.271461716937355,
            "total_no_nan": 431,
            "total": 431
        }
    },
    {
        "variable": "CRIM",
        "per_cluster": [
            {
                "min": 0.10574,
                "max": 88.9762,
                "median": 8.17616,
                "percentile25": 4.773195,
                "percentile75": 14.016375000000002,
                "percentile9": 3.6118739711934156,
                "percentile91": 23.730216000000002,
                "std": 13.224954397511443,
                "distribution": [
                    5,
                    1,
                    20,
                    19,
                    10,
                    11,
                    13,
                    7,
                    2,
                    7,
                    6,
                    0,
                    4,
                    3,
                    1,
                    2,
                    2,
                    1,
                    0,
                    1,
                    0,
                    0,
                    0,
                    0,
                    0,
                    2,
                    0,
                    0,
                    1,
                    0,
                    1,
                    0,
                    0,
                    0,
                    0,
                    0,
                    0,
                    0,
                    0,
                    0,
                    0,
                    0,
                    0,
                    0,
                    0,
                    1,
                    0,
                    0,
                    0,
                    1,
                    0,
                    0,
                    0,
                    0,
                    0,
                    0,
                    0,
                    0,
                    0,
                    1
                ],
                "max_ratio": 0.16393442622950818,
                "total_no_nan": 122,
                "total": 122,
                "cluster_name": "cluster_0"
            },
            {
                "min": 0.02731,
                "max": 4.0974,
                "median": 0.3494,
                "percentile25": 0.1396,
                "percentile75": 0.95577,
                "percentile9": 0.067404,
                "percentile91": 2.3085,
                "std": 0.8901158379863401,
                "distribution": [
                    135,
                    20,
                    6,
                    0,
                    0,
                    0,
                    0,
                    0,
                    0,
                    0,
                    0,
                    0,
                    0,
                    0,
                    0,
                    0,
                    0,
                    0,
                    0,
                    0,
                    0,
                    0,
                    0,
                    0,
                    0,
                    0,
                    0,
                    0,
                    0,
                    0,
                    0,
                    0,
                    0,
                    0,
                    0,
                    0,
                    0,
                    0,
                    0,
                    0,
                    0,
                    0,
                    0,
                    0,
                    0,
                    0,
                    0,
                    0,
                    0,
                    0,
                    0,
                    0,
                    0,
                    0,
                    0,
                    0,
                    0,
                    0,
                    0,
                    0
                ],
                "max_ratio": 0.8385093167701864,
                "total_no_nan": 161,
                "total": 161,
                "cluster_name": "cluster_1"
            },
            {
                "min": 0.00632,
                "max": 3.6118739711934156,
                "median": 0.06941,
                "percentile25": 0.0357125,
                "percentile75": 0.140765,
                "percentile9": 0.0196434,
                "percentile91": 0.30247870000000004,
                "std": 0.7551289947380778,
                "distribution": [
                    141,
                    0,
                    7,
                    0,
                    0,
                    0,
                    0,
                    0,
                    0,
                    0,
                    0,
                    0,
                    0,
                    0,
                    0,
                    0,
                    0,
                    0,
                    0,
                    0,
                    0,
                    0,
                    0,
                    0,
                    0,
                    0,
                    0,
                    0,
                    0,
                    0,
                    0,
                    0,
                    0,
                    0,
                    0,
                    0,
                    0,
                    0,
                    0,
                    0,
                    0,
                    0,
                    0,
                    0,
                    0,
                    0,
                    0,
                    0,
                    0,
                    0,
                    0,
                    0,
                    0,
                    0,
                    0,
                    0,
                    0,
                    0,
                    0,
                    0
                ],
                "max_ratio": 0.9527027027027027,
                "total_no_nan": 148,
                "total": 148,
                "cluster_name": "cluster_2"
            }
        ],
        "type": "numerical",
        "scale": {
            "min": 0.00632,
            "max": 88.9762,
            "max_ratio": 0.9527027027027027
        },
        "global": {
            "min": 0.00632,
            "max": 88.9762,
            "median": 0.31533,
            "percentile25": 0.08577000000000001,
            "percentile75": 3.675945,
            "percentile9": 0.035822,
            "percentile91": 11.12379,
            "std": 8.745704356943072,
            "distribution": [
                281,
                21,
                33,
                19,
                10,
                11,
                13,
                7,
                2,
                7,
                6,
                0,
                4,
                3,
                1,
                2,
                2,
                1,
                0,
                1,
                0,
                0,
                0,
                0,
                0,
                2,
                0,
                0,
                1,
                0,
                1,
                0,
                0,
                0,
                0,
                0,
                0,
                0,
                0,
                0,
                0,
                0,
                0,
                0,
                0,
                1,
                0,
                0,
                0,
                1,
                0,
                0,
                0,
                0,
                0,
                0,
                0,
                0,
                0,
                1
            ],
            "max_ratio": 0.6519721577726219,
            "total_no_nan": 431,
            "total": 431
        }
    },
    {
        "variable": "PTRATIO",
        "per_cluster": [
            {
                "min": 20.1,
                "max": 20.2,
                "median": 20.2,
                "percentile25": 20.2,
                "percentile75": 20.2,
                "percentile9": 20.2,
                "percentile91": 20.2,
                "std": 0.01982522397122552,
                "distribution": [
                    0,
                    0,
                    0,
                    0,
                    0,
                    0,
                    0,
                    0,
                    0,
                    0,
                    0,
                    0,
                    0,
                    0,
                    0,
                    0,
                    0,
                    0,
                    0,
                    0,
                    0,
                    0,
                    0,
                    0,
                    0,
                    0,
                    0,
                    0,
                    0,
                    0,
                    0,
                    0,
                    0,
                    0,
                    0,
                    0,
                    0,
                    0,
                    0,
                    0,
                    0,
                    0,
                    0,
                    0,
                    0,
                    0,
                    0,
                    5,
                    117,
                    0,
                    0,
                    0,
                    0,
                    0,
                    0,
                    0,
                    0,
                    0,
                    0,
                    0
                ],
                "max_ratio": 0.9590163934426229,
                "total_no_nan": 122,
                "total": 122,
                "cluster_name": "cluster_0"
            },
            {
                "min": 13.0,
                "max": 21.2,
                "median": 18.2,
                "percentile25": 16.4,
                "percentile75": 19.6,
                "percentile9": 14.7,
                "percentile91": 21.0,
                "std": 2.4621299771815646,
                "distribution": [
                    0,
                    0,
                    11,
                    0,
                    0,
                    0,
                    0,
                    0,
                    0,
                    0,
                    0,
                    0,
                    0,
                    24,
                    0,
                    0,
                    2,
                    0,
                    0,
                    0,
                    0,
                    0,
                    0,
                    0,
                    4,
                    4,
                    0,
                    0,
                    0,
                    0,
                    15,
                    0,
                    0,
                    19,
                    1,
                    2,
                    0,
                    12,
                    9,
                    0,
                    0,
                    7,
                    10,
                    0,
                    1,
                    0,
                    0,
                    0,
                    0,
                    0,
                    0,
                    0,
                    9,
                    19,
                    12,
                    0,
                    0,
                    0,
                    0,
                    0
                ],
                "max_ratio": 0.14906832298136646,
                "total_no_nan": 161,
                "total": 161,
                "cluster_name": "cluster_1"
            },
            {
                "min": 12.6,
                "max": 22.0,
                "median": 17.9,
                "percentile25": 16.1,
                "percentile75": 19.025000000000002,
                "percentile9": 14.9,
                "percentile91": 19.7,
                "std": 1.8851428848043748,
                "distribution": [
                    3,
                    0,
                    0,
                    0,
                    0,
                    0,
                    1,
                    0,
                    0,
                    0,
                    0,
                    1,
                    0,
                    4,
                    7,
                    1,
                    8,
                    2,
                    1,
                    2,
                    0,
                    5,
                    5,
                    0,
                    2,
                    9,
                    3,
                    3,
                    2,
                    0,
                    3,
                    6,
                    0,
                    9,
                    4,
                    1,
                    4,
                    5,
                    12,
                    1,
                    7,
                    8,
                    5,
                    0,
                    5,
                    8,
                    0,
                    0,
                    7,
                    0,
                    0,
                    0,
                    0,
                    2,
                    1,
                    0,
                    0,
                    0,
                    0,
                    1
                ],
                "max_ratio": 0.08108108108108109,
                "total_no_nan": 148,
                "total": 148,
                "cluster_name": "cluster_2"
            }
        ],
        "type": "numerical",
        "scale": {
            "min": 12.6,
            "max": 22.0,
            "max_ratio": 0.9590163934426229
        },
        "global": {
            "min": 12.6,
            "max": 22.0,
            "median": 19.1,
            "percentile25": 17.4,
            "percentile75": 20.2,
            "percentile9": 14.7,
            "percentile91": 20.9,
            "std": 2.171218888336905,
            "distribution": [
                3,
                0,
                11,
                0,
                0,
                0,
                1,
                0,
                0,
                0,
                0,
                1,
                0,
                28,
                7,
                1,
                10,
                2,
                1,
                2,
                0,
                5,
                5,
                0,
                6,
                13,
                3,
                3,
                2,
                0,
                18,
                6,
                0,
                28,
                5,
                3,
                4,
                17,
                21,
                1,
                7,
                15,
                15,
                0,
                6,
                8,
                0,
                5,
                124,
                0,
                0,
                0,
                9,
                21,
                13,
                0,
                0,
                0,
                0,
                1
            ],
            "max_ratio": 0.2877030162412993,
            "total_no_nan": 431,
            "total": 431
        }
    },
    {
        "variable": "DIS",
        "per_cluster": [
            {
                "min": 1.1296,
                "max": 4.0983,
                "median": 1.9119,
                "percentile25": 1.60885,
                "percentile75": 2.4144000000000005,
                "percentile9": 1.3830090000000002,
                "percentile91": 2.8742500000000004,
                "std": 0.5909761774668909,
                "distribution": [
                    6,
                    14,
                    17,
                    17,
                    14,
                    16,
                    7,
                    11,
                    4,
                    7,
                    3,
                    1,
                    2,
                    1,
                    0,
                    1,
                    1,
                    0,
                    0,
                    0,
                    0,
                    0,
                    0,
                    0,
                    0,
                    0,
                    0,
                    0,
                    0,
                    0,
                    0,
                    0,
                    0,
                    0,
                    0,
                    0,
                    0,
                    0,
                    0,
                    0,
                    0,
                    0,
                    0,
                    0,
                    0,
                    0,
                    0,
                    0,
                    0,
                    0,
                    0,
                    0,
                    0,
                    0,
                    0,
                    0,
                    0,
                    0,
                    0,
                    0
                ],
                "max_ratio": 0.13934426229508196,
                "total_no_nan": 122,
                "total": 122,
                "cluster_name": "cluster_0"
            },
            {
                "min": 1.3216,
                "max": 6.0821,
                "median": 2.7301,
                "percentile25": 2.1329,
                "percentile75": 3.6519,
                "percentile9": 1.75252,
                "percentile91": 4.24658,
                "std": 0.996350850754239,
                "distribution": [
                    0,
                    6,
                    7,
                    10,
                    11,
                    11,
                    15,
                    12,
                    13,
                    12,
                    5,
                    9,
                    6,
                    9,
                    6,
                    8,
                    6,
                    4,
                    3,
                    3,
                    1,
                    0,
                    0,
                    0,
                    1,
                    1,
                    1,
                    1,
                    0,
                    0,
                    0,
                    0,
                    0,
                    0,
                    0,
                    0,
                    0,
                    0,
                    0,
                    0,
                    0,
                    0,
                    0,
                    0,
                    0,
                    0,
                    0,
                    0,
                    0,
                    0,
                    0,
                    0,
                    0,
                    0,
                    0,
                    0,
                    0,
                    0,
                    0,
                    0
                ],
                "max_ratio": 0.09316770186335403,
                "total_no_nan": 161,
                "total": 161,
                "cluster_name": "cluster_1"
            },
            {
                "min": 2.829,
                "max": 12.1265,
                "median": 5.6846499999999995,
                "percentile25": 4.6627,
                "percentile75": 7.0847750000000005,
                "percentile9": 3.75703,
                "percentile91": 8.486885000000003,
                "std": 1.7616151825775843,
                "distribution": [
                    0,
                    0,
                    0,
                    0,
                    0,
                    0,
                    0,
                    0,
                    0,
                    1,
                    1,
                    1,
                    7,
                    3,
                    3,
                    5,
                    4,
                    4,
                    8,
                    5,
                    4,
                    5,
                    7,
                    14,
                    2,
                    5,
                    2,
                    4,
                    6,
                    12,
                    1,
                    5,
                    2,
                    9,
                    1,
                    1,
                    6,
                    5,
                    0,
                    1,
                    1,
                    3,
                    2,
                    1,
                    3,
                    0,
                    0,
                    0,
                    0,
                    0,
                    0,
                    1,
                    2,
                    0,
                    0,
                    0,
                    0,
                    0,
                    0,
                    1
                ],
                "max_ratio": 0.0945945945945946,
                "total_no_nan": 148,
                "total": 148,
                "cluster_name": "cluster_2"
            }
        ],
        "type": "numerical",
        "scale": {
            "min": 1.1296,
            "max": 12.1265,
            "max_ratio": 0.13934426229508196
        },
        "global": {
            "min": 1.1296,
            "max": 12.1265,
            "median": 3.0923,
            "percentile25": 2.0941,
            "percentile75": 4.91495,
            "percentile9": 1.60266,
            "percentile91": 6.963049999999999,
            "std": 2.0771392618064928,
            "distribution": [
                6,
                20,
                24,
                27,
                25,
                27,
                22,
                23,
                17,
                20,
                9,
                11,
                15,
                13,
                9,
                14,
                11,
                8,
                11,
                8,
                5,
                5,
                7,
                14,
                3,
                6,
                3,
                5,
                6,
                12,
                1,
                5,
                2,
                9,
                1,
                1,
                6,
                5,
                0,
                1,
                1,
                3,
                2,
                1,
                3,
                0,
                0,
                0,
                0,
                0,
                0,
                1,
                2,
                0,
                0,
                0,
                0,
                0,
                0,
                1
            ],
            "max_ratio": 0.06264501160092807,
            "total_no_nan": 431,
            "total": 431
        }
    },
    {
        "variable": "INDUS",
        "per_cluster": [
            {
                "min": 11.083991769547332,
                "max": 27.74,
                "median": 18.1,
                "percentile25": 18.1,
                "percentile75": 18.1,
                "percentile9": 18.1,
                "percentile91": 18.1,
                "std": 2.4113103175453423,
                "distribution": [
                    0,
                    0,
                    0,
                    0,
                    0,
                    0,
                    0,
                    0,
                    0,
                    0,
                    0,
                    0,
                    0,
                    0,
                    0,
                    0,
                    0,
                    0,
                    0,
                    0,
                    0,
                    0,
                    0,
                    5,
                    0,
                    0,
                    0,
                    0,
                    0,
                    0,
                    0,
                    0,
                    0,
                    0,
                    0,
                    0,
                    0,
                    0,
                    112,
                    0,
                    0,
                    0,
                    0,
                    0,
                    0,
                    0,
                    0,
                    0,
                    0,
                    0,
                    0,
                    0,
                    0,
                    0,
                    0,
                    0,
                    0,
                    0,
                    0,
                    5
                ],
                "max_ratio": 0.9180327868852459,
                "total_no_nan": 122,
                "total": 122,
                "cluster_name": "cluster_0"
            },
            {
                "min": 2.18,
                "max": 25.65,
                "median": 9.9,
                "percentile25": 6.91,
                "percentile75": 15.04,
                "percentile9": 3.97,
                "percentile91": 21.89,
                "std": 6.3102923480698605,
                "distribution": [
                    0,
                    0,
                    0,
                    1,
                    6,
                    1,
                    2,
                    14,
                    0,
                    0,
                    0,
                    0,
                    16,
                    0,
                    2,
                    1,
                    17,
                    9,
                    0,
                    0,
                    19,
                    8,
                    7,
                    7,
                    0,
                    4,
                    0,
                    2,
                    0,
                    3,
                    0,
                    0,
                    2,
                    0,
                    0,
                    0,
                    0,
                    0,
                    0,
                    0,
                    0,
                    0,
                    22,
                    0,
                    0,
                    0,
                    0,
                    12,
                    0,
                    0,
                    0,
                    0,
                    0,
                    0,
                    0,
                    6,
                    0,
                    0,
                    0,
                    0
                ],
                "max_ratio": 0.13664596273291926,
                "total_no_nan": 161,
                "total": 161,
                "cluster_name": "cluster_1"
            },
            {
                "min": 0.46,
                "max": 15.04,
                "median": 4.93,
                "percentile25": 2.9650000000000003,
                "percentile75": 6.41,
                "percentile9": 1.69,
                "percentile91": 10.59,
                "std": 3.026844215793114,
                "distribution": [
                    2,
                    5,
                    8,
                    9,
                    5,
                    9,
                    17,
                    5,
                    6,
                    10,
                    15,
                    9,
                    9,
                    4,
                    9,
                    5,
                    4,
                    0,
                    0,
                    0,
                    0,
                    0,
                    7,
                    4,
                    0,
                    0,
                    0,
                    2,
                    0,
                    3,
                    0,
                    0,
                    1,
                    0,
                    0,
                    0,
                    0,
                    0,
                    0,
                    0,
                    0,
                    0,
                    0,
                    0,
                    0,
                    0,
                    0,
                    0,
                    0,
                    0,
                    0,
                    0,
                    0,
                    0,
                    0,
                    0,
                    0,
                    0,
                    0,
                    0
                ],
                "max_ratio": 0.11486486486486487,
                "total_no_nan": 148,
                "total": 148,
                "cluster_name": "cluster_2"
            }
        ],
        "type": "numerical",
        "scale": {
            "min": 0.46,
            "max": 27.74,
            "max_ratio": 0.9180327868852459
        },
        "global": {
            "min": 0.46,
            "max": 27.74,
            "median": 9.9,
            "percentile25": 5.19,
            "percentile75": 18.1,
            "percentile9": 2.89,
            "percentile91": 19.58,
            "std": 6.768302051736575,
            "distribution": [
                2,
                5,
                8,
                10,
                11,
                10,
                19,
                19,
                6,
                10,
                15,
                9,
                25,
                4,
                11,
                6,
                21,
                9,
                0,
                0,
                19,
                8,
                14,
                16,
                0,
                4,
                0,
                4,
                0,
                6,
                0,
                0,
                3,
                0,
                0,
                0,
                0,
                0,
                112,
                0,
                0,
                0,
                22,
                0,
                0,
                0,
                0,
                12,
                0,
                0,
                0,
                0,
                0,
                0,
                0,
                6,
                0,
                0,
                0,
                5
            ],
            "max_ratio": 0.25986078886310904,
            "total_no_nan": 431,
            "total": 431
        }
    },
    {
        "variable": "RAD",
        "per_cluster": [
            {
                "min": 4.0,
                "max": 24.0,
                "median": 24.0,
                "percentile25": 24.0,
                "percentile75": 24.0,
                "percentile9": 24.0,
                "percentile91": 24.0,
                "std": 3.965044794245189,
                "distribution": [
                    0,
                    0,
                    0,
                    0,
                    0,
                    0,
                    0,
                    5,
                    0,
                    0,
                    0,
                    0,
                    0,
                    0,
                    0,
                    0,
                    0,
                    0,
                    0,
                    0,
                    0,
                    0,
                    0,
                    0,
                    0,
                    0,
                    0,
                    0,
                    0,
                    0,
                    0,
                    0,
                    0,
                    0,
                    0,
                    0,
                    0,
                    0,
                    0,
                    0,
                    0,
                    0,
                    0,
                    0,
                    0,
                    0,
                    0,
                    0,
                    0,
                    0,
                    0,
                    0,
                    0,
                    0,
                    0,
                    0,
                    0,
                    0,
                    0,
                    117
                ],
                "max_ratio": 0.9590163934426229,
                "total_no_nan": 122,
                "total": 122,
                "cluster_name": "cluster_0"
            },
            {
                "min": 1.0,
                "max": 8.0,
                "median": 5.0,
                "percentile25": 4.0,
                "percentile75": 5.0,
                "percentile9": 2.4,
                "percentile91": 7.6,
                "std": 1.5405229339652537,
                "distribution": [
                    4,
                    0,
                    11,
                    0,
                    0,
                    8,
                    0,
                    47,
                    0,
                    0,
                    59,
                    0,
                    0,
                    16,
                    0,
                    1,
                    0,
                    0,
                    15,
                    0,
                    0,
                    0,
                    0,
                    0,
                    0,
                    0,
                    0,
                    0,
                    0,
                    0,
                    0,
                    0,
                    0,
                    0,
                    0,
                    0,
                    0,
                    0,
                    0,
                    0,
                    0,
                    0,
                    0,
                    0,
                    0,
                    0,
                    0,
                    0,
                    0,
                    0,
                    0,
                    0,
                    0,
                    0,
                    0,
                    0,
                    0,
                    0,
                    0,
                    0
                ],
                "max_ratio": 0.36645962732919257,
                "total_no_nan": 161,
                "total": 161,
                "cluster_name": "cluster_1"
            },
            {
                "min": 1.0,
                "max": 8.0,
                "median": 4.0,
                "percentile25": 3.0,
                "percentile75": 5.0,
                "percentile9": 2.0,
                "percentile91": 7.0,
                "std": 1.7777719125278622,
                "distribution": [
                    12,
                    0,
                    12,
                    0,
                    0,
                    21,
                    0,
                    40,
                    0,
                    0,
                    36,
                    0,
                    0,
                    7,
                    0,
                    12,
                    0,
                    0,
                    8,
                    0,
                    0,
                    0,
                    0,
                    0,
                    0,
                    0,
                    0,
                    0,
                    0,
                    0,
                    0,
                    0,
                    0,
                    0,
                    0,
                    0,
                    0,
                    0,
                    0,
                    0,
                    0,
                    0,
                    0,
                    0,
                    0,
                    0,
                    0,
                    0,
                    0,
                    0,
                    0,
                    0,
                    0,
                    0,
                    0,
                    0,
                    0,
                    0,
                    0,
                    0
                ],
                "max_ratio": 0.2702702702702703,
                "total_no_nan": 148,
                "total": 148,
                "cluster_name": "cluster_2"
            }
        ],
        "type": "numerical",
        "scale": {
            "min": 1.0,
            "max": 24.0,
            "max_ratio": 0.9590163934426229
        },
        "global": {
            "min": 1.0,
            "max": 24.0,
            "median": 5.0,
            "percentile25": 4.0,
            "percentile75": 24.0,
            "percentile9": 2.7,
            "percentile91": 24.0,
            "std": 8.79822400523466,
            "distribution": [
                16,
                0,
                23,
                0,
                0,
                29,
                0,
                92,
                0,
                0,
                95,
                0,
                0,
                23,
                0,
                13,
                0,
                0,
                23,
                0,
                0,
                0,
                0,
                0,
                0,
                0,
                0,
                0,
                0,
                0,
                0,
                0,
                0,
                0,
                0,
                0,
                0,
                0,
                0,
                0,
                0,
                0,
                0,
                0,
                0,
                0,
                0,
                0,
                0,
                0,
                0,
                0,
                0,
                0,
                0,
                0,
                0,
                0,
                0,
                117
            ],
            "max_ratio": 0.271461716937355,
            "total_no_nan": 431,
            "total": 431
        }
    },
    {
        "variable": "NOX",
        "per_cluster": [
            {
                "min": 0.532,
                "max": 0.77,
                "median": 0.693,
                "percentile25": 0.614,
                "percentile75": 0.713,
                "percentile9": 0.5838899999999999,
                "percentile91": 0.74,
                "std": 0.06062685621657884,
                "distribution": [
                    0,
                    0,
                    0,
                    0,
                    0,
                    0,
                    0,
                    0,
                    0,
                    0,
                    0,
                    0,
                    0,
                    0,
                    0,
                    0,
                    0,
                    4,
                    0,
                    0,
                    0,
                    0,
                    0,
                    7,
                    7,
                    5,
                    0,
                    11,
                    0,
                    5,
                    0,
                    0,
                    2,
                    1,
                    10,
                    7,
                    0,
                    13,
                    8,
                    0,
                    23,
                    0,
                    0,
                    11,
                    0,
                    0,
                    0,
                    8,
                    0,
                    0,
                    0,
                    0,
                    0,
                    0,
                    0,
                    0,
                    0,
                    0,
                    0,
                    0
                ],
                "max_ratio": 0.1885245901639344,
                "total_no_nan": 122,
                "total": 122,
                "cluster_name": "cluster_0"
            },
            {
                "min": 0.437,
                "max": 0.871,
                "median": 0.544,
                "percentile25": 0.507,
                "percentile75": 0.605,
                "percentile9": 0.4884,
                "percentile91": 0.647,
                "std": 0.09851022259575855,
                "distribution": [
                    0,
                    0,
                    0,
                    0,
                    0,
                    2,
                    1,
                    2,
                    0,
                    3,
                    1,
                    0,
                    16,
                    2,
                    19,
                    0,
                    11,
                    0,
                    15,
                    23,
                    0,
                    0,
                    6,
                    7,
                    8,
                    0,
                    12,
                    0,
                    0,
                    12,
                    0,
                    9,
                    0,
                    0,
                    0,
                    0,
                    0,
                    0,
                    0,
                    0,
                    0,
                    0,
                    0,
                    0,
                    0,
                    0,
                    0,
                    0,
                    0,
                    0,
                    0,
                    0,
                    0,
                    0,
                    0,
                    0,
                    0,
                    0,
                    0,
                    12
                ],
                "max_ratio": 0.14285714285714285,
                "total_no_nan": 161,
                "total": 161,
                "cluster_name": "cluster_1"
            },
            {
                "min": 0.392,
                "max": 0.538,
                "median": 0.437,
                "percentile25": 0.4161,
                "percentile75": 0.464,
                "percentile9": 0.40323000000000003,
                "percentile91": 0.51,
                "std": 0.03615644725172893,
                "distribution": [
                    5,
                    14,
                    17,
                    4,
                    22,
                    18,
                    14,
                    13,
                    2,
                    7,
                    1,
                    2,
                    12,
                    0,
                    4,
                    8,
                    2,
                    0,
                    3,
                    0,
                    0,
                    0,
                    0,
                    0,
                    0,
                    0,
                    0,
                    0,
                    0,
                    0,
                    0,
                    0,
                    0,
                    0,
                    0,
                    0,
                    0,
                    0,
                    0,
                    0,
                    0,
                    0,
                    0,
                    0,
                    0,
                    0,
                    0,
                    0,
                    0,
                    0,
                    0,
                    0,
                    0,
                    0,
                    0,
                    0,
                    0,
                    0,
                    0,
                    0
                ],
                "max_ratio": 0.14864864864864866,
                "total_no_nan": 148,
                "total": 148,
                "cluster_name": "cluster_2"
            }
        ],
        "type": "numerical",
        "scale": {
            "min": 0.392,
            "max": 0.871,
            "max_ratio": 0.1885245901639344
        },
        "global": {
            "min": 0.392,
            "max": 0.871,
            "median": 0.538,
            "percentile25": 0.453,
            "percentile75": 0.631,
            "percentile9": 0.42023,
            "percentile91": 0.713,
            "std": 0.11471426784204838,
            "distribution": [
                5,
                14,
                17,
                4,
                22,
                20,
                15,
                15,
                2,
                10,
                2,
                2,
                28,
                2,
                23,
                8,
                13,
                4,
                18,
                23,
                0,
                0,
                6,
                14,
                15,
                5,
                12,
                11,
                0,
                17,
                0,
                9,
                2,
                1,
                10,
                7,
                0,
                13,
                8,
                0,
                23,
                0,
                0,
                11,
                0,
                0,
                0,
                8,
                0,
                0,
                0,
                0,
                0,
                0,
                0,
                0,
                0,
                0,
                0,
                12
            ],
            "max_ratio": 0.06496519721577726,
            "total_no_nan": 431,
            "total": 431
        }
    },
    {
        "variable": "AGE",
        "per_cluster": [
            {
                "min": 40.3,
                "max": 100.0,
                "median": 93.75,
                "percentile25": 84.875,
                "percentile75": 98.775,
                "percentile9": 74.38199999999999,
                "percentile91": 100.0,
                "std": 11.479956119293734,
                "distribution": [
                    0,
                    0,
                    0,
                    0,
                    0,
                    0,
                    0,
                    0,
                    0,
                    0,
                    0,
                    0,
                    0,
                    0,
                    0,
                    0,
                    0,
                    0,
                    0,
                    0,
                    0,
                    1,
                    0,
                    0,
                    0,
                    0,
                    0,
                    0,
                    0,
                    1,
                    1,
                    0,
                    1,
                    0,
                    0,
                    0,
                    0,
                    1,
                    0,
                    4,
                    0,
                    2,
                    0,
                    2,
                    2,
                    3,
                    1,
                    2,
                    2,
                    6,
                    3,
                    2,
                    8,
                    5,
                    8,
                    6,
                    8,
                    11,
                    10,
                    32
                ],
                "max_ratio": 0.26229508196721313,
                "total_no_nan": 122,
                "total": 122,
                "cluster_name": "cluster_0"
            },
            {
                "min": 28.8,
                "max": 100.0,
                "median": 85.4,
                "percentile25": 71.7,
                "percentile75": 94.1,
                "percentile9": 63.76,
                "percentile91": 98.32000000000001,
                "std": 14.251586032347,
                "distribution": [
                    0,
                    0,
                    0,
                    0,
                    0,
                    0,
                    0,
                    0,
                    0,
                    0,
                    0,
                    0,
                    0,
                    0,
                    1,
                    0,
                    0,
                    0,
                    0,
                    0,
                    1,
                    0,
                    0,
                    1,
                    0,
                    0,
                    0,
                    0,
                    0,
                    2,
                    3,
                    1,
                    0,
                    2,
                    0,
                    3,
                    1,
                    2,
                    3,
                    13,
                    3,
                    5,
                    6,
                    4,
                    2,
                    6,
                    3,
                    4,
                    7,
                    4,
                    6,
                    5,
                    6,
                    6,
                    8,
                    8,
                    10,
                    9,
                    13,
                    13
                ],
                "max_ratio": 0.08074534161490683,
                "total_no_nan": 161,
                "total": 161,
                "cluster_name": "cluster_1"
            },
            {
                "min": 6.2,
                "max": 93.4,
                "median": 36.0,
                "percentile25": 23.05,
                "percentile75": 48.625,
                "percentile9": 15.915000000000001,
                "percentile91": 63.077000000000005,
                "std": 17.766595784406256,
                "distribution": [
                    4,
                    4,
                    2,
                    0,
                    1,
                    1,
                    4,
                    9,
                    3,
                    6,
                    4,
                    2,
                    1,
                    3,
                    6,
                    3,
                    9,
                    7,
                    5,
                    6,
                    6,
                    3,
                    3,
                    4,
                    3,
                    6,
                    5,
                    6,
                    0,
                    2,
                    3,
                    1,
                    2,
                    3,
                    3,
                    2,
                    3,
                    3,
                    1,
                    3,
                    2,
                    1,
                    0,
                    0,
                    1,
                    0,
                    0,
                    0,
                    0,
                    0,
                    1,
                    0,
                    0,
                    0,
                    0,
                    1,
                    0,
                    0,
                    0,
                    0
                ],
                "max_ratio": 0.060810810810810814,
                "total_no_nan": 148,
                "total": 148,
                "cluster_name": "cluster_2"
            }
        ],
        "type": "numerical",
        "scale": {
            "min": 6.2,
            "max": 100.0,
            "max_ratio": 0.26229508196721313
        },
        "global": {
            "min": 6.2,
            "max": 100.0,
            "median": 76.7,
            "percentile25": 46.5,
            "percentile75": 93.55,
            "percentile9": 24.38,
            "percentile91": 98.9,
            "std": 27.379412063255625,
            "distribution": [
                4,
                4,
                2,
                0,
                1,
                1,
                4,
                9,
                3,
                6,
                4,
                2,
                1,
                3,
                7,
                3,
                9,
                7,
                5,
                6,
                7,
                4,
                3,
                5,
                3,
                6,
                5,
                6,
                0,
                5,
                7,
                2,
                3,
                5,
                3,
                5,
                4,
                6,
                4,
                20,
                5,
                8,
                6,
                6,
                5,
                9,
                4,
                6,
                9,
                10,
                10,
                7,
                14,
                11,
                16,
                15,
                18,
                20,
                23,
                45
            ],
            "max_ratio": 0.10440835266821345,
            "total_no_nan": 431,
            "total": 431
        }
    },
    {
        "variable": "CHAS",
        "per_cluster": [
            {
                "distribution": [
                    {
                        "label": "0",
                        "total_no_nan": 114,
                        "ratio": 0.9344262295081968
                    },
                    {
                        "label": "1",
                        "total_no_nan": 8,
                        "ratio": 0.06557377049180328
                    },
                    {
                        "label": null,
                        "total_no_nan": 0,
                        "ratio": 0.0
                    }
                ],
                "max_ratio": 0.9344262295081968,
                "total": 122,
                "total_no_nan": 122,
                "cluster_name": "cluster_0"
            },
            {
                "distribution": [
                    {
                        "label": "0",
                        "total_no_nan": 143,
                        "ratio": 0.8881987577639752
                    },
                    {
                        "label": "1",
                        "total_no_nan": 18,
                        "ratio": 0.11180124223602485
                    },
                    {
                        "label": null,
                        "total_no_nan": 0,
                        "ratio": 0.0
                    }
                ],
                "max_ratio": 0.8881987577639752,
                "total": 161,
                "total_no_nan": 161,
                "cluster_name": "cluster_1"
            },
            {
                "distribution": [
                    {
                        "label": "0",
                        "total_no_nan": 142,
                        "ratio": 0.9594594594594594
                    },
                    {
                        "label": "1",
                        "total_no_nan": 6,
                        "ratio": 0.04054054054054054
                    },
                    {
                        "label": null,
                        "total_no_nan": 0,
                        "ratio": 0.0
                    }
                ],
                "max_ratio": 0.9594594594594594,
                "total": 148,
                "total_no_nan": 148,
                "cluster_name": "cluster_2"
            }
        ],
        "type": "categorical",
        "global": {
            "distribution": [
                {
                    "label": "0",
                    "total_no_nan": 399,
                    "ratio": 0.925754060324826
                },
                {
                    "label": "1",
                    "total_no_nan": 32,
                    "ratio": 0.07424593967517401
                },
                {
                    "label": null,
                    "total_no_nan": 0,
                    "ratio": 0.0
                }
            ],
            "max_ratio": 0.925754060324826,
            "total": 431,
            "total_no_nan": 431
        },
        "scale": {
            "max_ratio": 0.9594594594594594,
            "categories": [
                "0",
                "1",
                null
            ]
        }
    }
]