{
    "metrics": {
        "inertia": 1371.242338407725,
        "silhouette": 0.3597846350877631,
        "nbClusters": 3
    },
    "processed_feature_names": [
        "TAX",
        "CRIM",
        "PTRATIO",
        "DIS",
        "INDUS",
        "RAD",
        "NOX",
        "AGE",
        "dummy:CHAS:0",
        "dummy:CHAS:N/A",
        "dummy:CHAS:__Others__"
    ],
    "variables_importance": {
        "variables": [
            "TAX",
            "CRIM",
            "PTRATIO",
            "DIS",
            "INDUS",
            "RAD",
            "NOX",
            "AGE",
            "dummy:CHAS:0",
            "dummy:CHAS:__Others__"
        ],
        "importances": [
            0.2195191111163346,
            0.10356313414142543,
            0.03558372798976582,
            0.12236836759602703,
            0.06448957922768515,
            0.13448274649505632,
            0.11814671583708578,
            0.19939716725517262,
            0.0013883365818061538,
            0.0010611137596412369
        ]
    },
    "reduce_vars": [],
    "train_nb_records": 431,
    "train_nb_features": 11,
    "train_nb_outliers": 0,
    "cluster_description": [
        {
            "variable": "dummy:CHAS:0",
            "var": 0.0,
            "values": [
                {
                    "cluster": "cluster_0",
                    "value": 0.9344262295081968
                },
                {
                    "cluster": "cluster_1",
                    "value": 0.8881987577639752
                },
                {
                    "cluster": "cluster_2",
                    "value": 0.9594594594594594
                }
            ]
        },
        {
            "variable": "dummy:CHAS:N/A",
            "var": 0.0,
            "values": [
                {
                    "cluster": "cluster_0",
                    "value": 0.0
                },
                {
                    "cluster": "cluster_1",
                    "value": 0.0
                },
                {
                    "cluster": "cluster_2",
                    "value": 0.0
                }
            ]
        },
        {
            "variable": "dummy:CHAS:__Others__",
            "var": 0.0,
            "values": [
                {
                    "cluster": "cluster_0",
                    "value": 0.06557377049180328
                },
                {
                    "cluster": "cluster_1",
                    "value": 0.11180124223602485
                },
                {
                    "cluster": "cluster_2",
                    "value": 0.04054054054054054
                }
            ]
        },
        {
            "variable": "TAX",
            "var": 42761.48,
            "values": [
                {
                    "cluster": "cluster_0",
                    "value": 667.844262295082
                },
                {
                    "cluster": "cluster_1",
                    "value": 327.6770186335404
                },
                {
                    "cluster": "cluster_2",
                    "value": 294.0472972972973
                }
            ]
        },
        {
            "variable": "CRIM",
            "var": 43.57,
            "values": [
                {
                    "cluster": "cluster_0",
                    "value": 11.927637900222628
                },
                {
                    "cluster": "cluster_1",
                    "value": 0.7340321483526312
                },
                {
                    "cluster": "cluster_2",
                    "value": 0.26904822836725617
                }
            ]
        },
        {
            "variable": "PTRATIO",
            "var": 2.03,
            "values": [
                {
                    "cluster": "cluster_0",
                    "value": 20.195901639344264
                },
                {
                    "cluster": "cluster_1",
                    "value": 17.932919254658394
                },
                {
                    "cluster": "cluster_2",
                    "value": 17.5689189189189
                }
            ]
        },
        {
            "variable": "DIS",
            "var": 4.25,
            "values": [
                {
                    "cluster": "cluster_0",
                    "value": 2.0509483606557373
                },
                {
                    "cluster": "cluster_1",
                    "value": 2.9060397515527954
                },
                {
                    "cluster": "cluster_2",
                    "value": 5.97308581081081
                }
            ]
        },
        {
            "variable": "INDUS",
            "var": 42.14,
            "values": [
                {
                    "cluster": "cluster_0",
                    "value": 18.20754064629288
                },
                {
                    "cluster": "cluster_1",
                    "value": 11.356260511719459
                },
                {
                    "cluster": "cluster_2",
                    "value": 5.2310538316093895
                }
            ]
        },
        {
            "variable": "RAD",
            "var": 116.71,
            "values": [
                {
                    "cluster": "cluster_0",
                    "value": 23.18032786885246
                },
                {
                    "cluster": "cluster_1",
                    "value": 4.695652173913044
                },
                {
                    "cluster": "cluster_2",
                    "value": 4.25
                }
            ]
        },
        {
            "variable": "NOX",
            "var": 0.01,
            "values": [
                {
                    "cluster": "cluster_0",
                    "value": 0.671393442622951
                },
                {
                    "cluster": "cluster_1",
                    "value": 0.5720559006211178
                },
                {
                    "cluster": "cluster_2",
                    "value": 0.44566756756756754
                }
            ]
        },
        {
            "variable": "AGE",
            "var": 797.98,
            "values": [
                {
                    "cluster": "cluster_0",
                    "value": 89.91193078324225
                },
                {
                    "cluster": "cluster_1",
                    "value": 82.40549804462842
                },
                {
                    "cluster": "cluster_2",
                    "value": 37.664439439439434
                }
            ]
        },
        {
            "variable": "cluster_size",
            "var": 394.33,
            "values": [
                {
                    "cluster": "cluster_1",
                    "value": 161
                },
                {
                    "cluster": "cluster_2",
                    "value": 148
                },
                {
                    "cluster": "cluster_0",
                    "value": 122
                }
            ]
        }
    ],
    "summary": {
        "clusters": []
    }
}