{
    "modelId": "m3",
    "state": "DONE",
    "startTime": 1667381221410,
    "endTime": 1667381224966,
    "preprocessingTime": 131,
    "trainingTime": 504,
    "progress": {
        "stack": [],
        "top_level_todo": [],
        "top_level_done": [
            {
                "name": "Loading source dataset",
                "time": 16
            },
            {
                "name": "Collecting statistics",
                "time": 16
            },
            {
                "name": "Preprocessing data",
                "time": 97
            },
            {
                "name": "Fitting model",
                "time": 58
            },
            {
                "name": "Saving model",
                "time": 2
            },
            {
                "name": "Scoring model",
                "time": 444
            }
        ]
    }
}