{
  "starred": false,
  "clusterMetas": {
    "cluster_1": {
      "name": "cluster_1",
      "color": "#FDC766"
    },
    "cluster_2": {
      "name": "cluster_2",
      "color": "#7BC9A6"
    },
    "cluster_0": {
      "name": "cluster_0",
      "color": "#F06548"
    }
  },
  "customMeta": {
    "kv": {}
  },
  "tags": [],
  "activeClassifierThreshold": 0.0,
  "description": "KMeans (k\u003d3)\nDrop outliers\n\nTrained in 0 seconds on 431 records\n",
  "name": "KMeans (k\u003d3) (s8)",
  "labels": [
    {
      "key": "trainDataset:dataset-name",
      "value": "train"
    },
    {
      "key": "testDataset:dataset-name",
      "value": "train"
    },
    {
      "key": "evaluationDataset:dataset-name",
      "value": "train"
    },
    {
      "key": "model:algorithm",
      "value": "KMEANS"
    },
    {
      "key": "model:name",
      "value": "KMeans (k\u003d3) (s8)"
    },
    {
      "key": "model:date",
      "value": "2022-11-02T09:27:04.966+0000"
    },
    {
      "key": "evaluation:date",
      "value": "2022-11-02T09:27:04.966+0000"
    }
  ]
}