{
  "backendType": "PY_MEMORY",
  "taskType": "CLUSTERING",
  "diagnosticsSettings": {
    "enabled": true,
    "settings": [
      {
        "type": "ML_DIAGNOSTICS_DATASET_SANITY_CHECKS",
        "enabled": true
      },
      {
        "type": "ML_DIAGNOSTICS_MODELING_PARAMETERS",
        "enabled": true
      },
      {
        "type": "ML_DIAGNOSTICS_RUNTIME",
        "enabled": true
      },
      {
        "type": "ML_DIAGNOSTICS_TRAINING_OVERFIT",
        "enabled": true
      },
      {
        "type": "ML_DIAGNOSTICS_LEAKAGE_DETECTION",
        "enabled": true
      },
      {
        "type": "ML_DIAGNOSTICS_MODEL_CHECK",
        "enabled": true
      },
      {
        "type": "ML_DIAGNOSTICS_ML_ASSERTIONS",
        "enabled": true
      },
      {
        "type": "ML_DIAGNOSTICS_ABNORMAL_PREDICTIONS_DETECTION",
        "enabled": true
      }
    ]
  },
  "executionParams": {
    "envSelection": {
      "envMode": "USE_BUILTIN_MODE"
    },
    "containerSelection": {
      "containerMode": "INHERIT"
    },
    "sparkParams": {
      "sparkConf": {
        "inheritConf": "default",
        "conf": []
      },
      "sparkUseGlobalMetastore": false,
      "sparkPreparedDFStorageLevel": "MEMORY_AND_DISK",
      "sparkRepartitionNonHDFS": 1,
      "pipelineAllowStart": true,
      "pipelineAllowMerge": true,
      "sparkExecutionEngine": "SPARK_SUBMIT"
    },
    "sparkCheckpoint": "NONE"
  }
}