{
  "pages": [
    {
      "id": "tEd3XYG",
      "grid": {
        "tiles": []
      },
      "showTitle": false
    }
  ],
  "owner": "97vigneshvn@student.ie.edu",
  "listed": true,
  "name": "IMT 1 VIGNESH\u0027s default dashboard",
  "showGrid": true,
  "versionTag": {
    "versionNumber": 0,
    "lastModifiedBy": {
      "login": "97vigneshvn@student.ie.edu"
    },
    "lastModifiedOn": 1667378451120
  },
  "creationTag": {
    "versionNumber": 0,
    "lastModifiedBy": {
      "login": "97vigneshvn@student.ie.edu"
    },
    "lastModifiedOn": 1667378451120
  },
  "tags": [],
  "customFields": {},
  "checklists": {
    "checklists": []
  }
}