{
  "type": "split",
  "neverRecomputeExistingPartitions": false,
  "optionalDependencies": false,
  "customMeta": {
    "kv": {}
  },
  "redispatchPartitioning": false,
  "maxRunningActivities": 0,
  "variables": {},
  "dkuProperties": [],
  "inputs": {
    "main": {
      "items": [
        {
          "ref": "healthcare__1__prepared",
          "deps": []
        }
      ]
    }
  },
  "outputs": {
    "main": {
      "items": [
        {
          "ref": "train",
          "appendMode": false
        },
        {
          "ref": "test",
          "appendMode": false
        }
      ]
    }
  },
  "labels": [],
  "versionTag": {
    "versionNumber": 1,
    "lastModifiedBy": {
      "login": "97vigneshvn@student.ie.edu"
    },
    "lastModifiedOn": 1671010112555
  },
  "creationTag": {
    "versionNumber": 0,
    "lastModifiedBy": {
      "login": "97vigneshvn@student.ie.edu"
    },
    "lastModifiedOn": 1671010056866
  },
  "tags": [],
  "customFields": {},
  "checklists": {
    "checklists": []
  }
}