{
    "metrics": {
        "inertia": 2530.6066326635446,
        "silhouette": 0.40314923659207336,
        "nbClusters": 2
    },
    "processed_feature_names": [
        "TAX",
        "CRIM",
        "PTRATIO",
        "DIS",
        "ZN",
        "INDUS",
        "RAD",
        "NOX",
        "RM",
        "AGE"
    ],
    "variables_importance": {
        "variables": [
            "TAX",
            "CRIM",
            "PTRATIO",
            "DIS",
            "ZN",
            "INDUS",
            "RAD",
            "NOX",
            "RM",
            "AGE"
        ],
        "importances": [
            0.291350315049333,
            0.11515356202718754,
            0.059283446293084824,
            0.03692930474089707,
            0.003085312695277663,
            0.19637625300035094,
            0.13038043485042047,
            0.14862376714075848,
            0.005824827578222005,
            0.012992776624467883
        ]
    },
    "reduce_vars": [],
    "train_nb_records": 431,
    "train_nb_features": 10,
    "train_nb_outliers": 0,
    "cluster_description": [
        {
            "variable": "TAX",
            "var": 52703.4,
            "values": [
                {
                    "cluster": "cluster_0",
                    "value": 302.43859649122805
                },
                {
                    "cluster": "cluster_1",
                    "value": 627.1027397260274
                }
            ]
        },
        {
            "variable": "CRIM",
            "var": 47.82,
            "values": [
                {
                    "cluster": "cluster_0",
                    "value": 0.4299863287127285
                },
                {
                    "cluster": "cluster_1",
                    "value": 10.209753656350415
                }
            ]
        },
        {
            "variable": "PTRATIO",
            "var": 2.17,
            "values": [
                {
                    "cluster": "cluster_0",
                    "value": 17.742456140350853
                },
                {
                    "cluster": "cluster_1",
                    "value": 19.826712328767098
                }
            ]
        },
        {
            "variable": "DIS",
            "var": 3.39,
            "values": [
                {
                    "cluster": "cluster_0",
                    "value": 4.599679649122806
                },
                {
                    "cluster": "cluster_1",
                    "value": 1.9944938356164392
                }
            ]
        },
        {
            "variable": "ZN",
            "var": 136.73,
            "values": [
                {
                    "cluster": "cluster_0",
                    "value": 16.53684210526316
                },
                {
                    "cluster": "cluster_1",
                    "value": 0.0
                }
            ]
        },
        {
            "variable": "INDUS",
            "var": 61.18,
            "values": [
                {
                    "cluster": "cluster_0",
                    "value": 7.445283950617292
                },
                {
                    "cluster": "cluster_1",
                    "value": 18.506629742375505
                }
            ]
        },
        {
            "variable": "RAD",
            "var": 122.13,
            "values": [
                {
                    "cluster": "cluster_0",
                    "value": 4.480701754385965
                },
                {
                    "cluster": "cluster_1",
                    "value": 20.10958904109589
                }
            ]
        },
        {
            "variable": "NOX",
            "var": 0.02,
            "values": [
                {
                    "cluster": "cluster_0",
                    "value": 0.4916484210526322
                },
                {
                    "cluster": "cluster_1",
                    "value": 0.68390410958904
                }
            ]
        },
        {
            "variable": "RM",
            "var": 0.12,
            "values": [
                {
                    "cluster": "cluster_0",
                    "value": 6.4664842105263185
                },
                {
                    "cluster": "cluster_1",
                    "value": 5.9810684931506835
                }
            ]
        },
        {
            "variable": "AGE",
            "var": 533.12,
            "values": [
                {
                    "cluster": "cluster_0",
                    "value": 58.10556205328128
                },
                {
                    "cluster": "cluster_1",
                    "value": 90.75885337392182
                }
            ]
        },
        {
            "variable": "cluster_size",
            "var": 9660.5,
            "values": [
                {
                    "cluster": "cluster_0",
                    "value": 285
                },
                {
                    "cluster": "cluster_1",
                    "value": 146
                }
            ]
        }
    ],
    "summary": {
        "clusters": []
    }
}