{
    "modelId": "m2",
    "state": "DONE",
    "startTime": 1667380980752,
    "endTime": 1667380983914,
    "preprocessingTime": 127,
    "trainingTime": 420,
    "progress": {
        "stack": [],
        "top_level_todo": [],
        "top_level_done": [
            {
                "name": "Loading source dataset",
                "time": 19
            },
            {
                "name": "Collecting statistics",
                "time": 13
            },
            {
                "name": "Preprocessing data",
                "time": 91
            },
            {
                "name": "Fitting model",
                "time": 26
            },
            {
                "name": "Saving model",
                "time": 1
            },
            {
                "name": "Scoring model",
                "time": 393
            }
        ]
    }
}