{"global": {"size": 431, "facts": [{"type": "numerical", "feature_label": "CRIM", "cluster_label": "cluster_7", "mean": 76.81036666666667, "std": 10.903343970696945, "diff": 8.344976598806511, "global_mean": 3.742854147355657, "global_std": 8.755867875023286}, {"type": "numerical", "feature_label": "ZN", "cluster_label": "cluster_8", "mean": 71.41304347826087, "std": 17.611960692106088, "diff": 2.5998499374977224, "global_mean": 10.935034802784223, "global_std": 23.262115171802925}, {"type": "numerical", "feature_label": "CRIM", "cluster_label": "cluster_0", "mean": 22.9980285, "std": 10.883127245445621, "diff": 2.199116595577127, "global_mean": 3.742854147355657, "global_std": 8.755867875023286}, {"type": "numerical", "feature_label": "RM", "cluster_label": "cluster_0", "mean": 4.89025, "std": 0.6670925821487559, "diff": -1.9236515217628207, "global_mean": 6.302051044083534, "global_std": 0.7339172548205453}, {"type": "numerical", "feature_label": "INDUS", "cluster_label": "cluster_6", "mean": 24.142608695652168, "std": 2.515682118579199, "diff": 1.9111578554261375, "global_mean": 11.19228275710616, "global_std": 6.7761676000638}, {"type": "numerical", "feature_label": "PTRATIO", "cluster_label": "cluster_3", "mean": 14.622727272727268, "std": 0.3624412178045376, "diff": -1.7599901178871131, "global_mean": 18.44849187935028, "global_std": 2.173742095333968}, {"type": "numerical", "feature_label": "RM", "cluster_label": "cluster_2", "mean": 7.569682926829269, "std": 0.5558225183916351, "diff": 1.7272136258135689, "global_mean": 6.302051044083534, "global_std": 0.7339172548205453}, {"type": "numerical", "feature_label": "NOX", "cluster_label": "cluster_3", "mean": 0.7520000000000003, "std": 0.13370863846438644, "diff": 1.6998662369090958, "global_mean": 0.5567744779582383, "global_std": 0.11484757906407088}, {"type": "numerical", "feature_label": "DIS", "cluster_label": "cluster_8", "mean": 7.11685, "std": 1.7907526989447144, "diff": 1.6348077038234015, "global_mean": 3.7171805104408326, "global_std": 2.079553137416836}, {"type": "numerical", "feature_label": "RAD", "cluster_label": "cluster_0", "mean": 24.0, "std": 0.0, "diff": 1.6149334258185704, "global_mean": 9.77494199535963, "global_std": 8.808448557209122}]}, "clusters": [{"cluster": "cluster_0", "size": 20, "facts": [{"type": "numerical", "feature_label": "CRIM", "cluster_label": "cluster_0", "mean": 22.9980285, "std": 10.883127245445621, "diff": 2.199116595577127, "global_mean": 3.742854147355657, "global_std": 8.755867875023286}, {"type": "numerical", "feature_label": "RM", "cluster_label": "cluster_0", "mean": 4.89025, "std": 0.6670925821487559, "diff": -1.9236515217628207, "global_mean": 6.302051044083534, "global_std": 0.7339172548205453}, {"type": "numerical", "feature_label": "RAD", "cluster_label": "cluster_0", "mean": 24.0, "std": 0.0, "diff": 1.6149334258185704, "global_mean": 9.77494199535963, "global_std": 8.808448557209122}]}, {"cluster": "cluster_1", "size": 80, "facts": [{"type": "numerical", "feature_label": "AGE", "cluster_label": "cluster_1", "mean": 35.84624999999999, "std": 17.341214123540517, "diff": -1.215579149987213, "global_mean": 69.16676978602732, "global_std": 27.411230100794203}, {"type": "numerical", "feature_label": "DIS", "cluster_label": "cluster_1", "mean": 5.77357, "std": 1.451701982301368, "diff": 0.9888612378107148, "global_mean": 3.7171805104408326, "global_std": 2.079553137416836}, {"type": "numerical", "feature_label": "NOX", "cluster_label": "cluster_1", "mean": 0.4543987500000002, "std": 0.03298889530747574, "diff": -0.8914051893172691, "global_mean": 0.5567744779582383, "global_std": 0.11484757906407088}]}, {"cluster": "cluster_2", "size": 41, "facts": [{"type": "numerical", "feature_label": "RM", "cluster_label": "cluster_2", "mean": 7.569682926829269, "std": 0.5558225183916351, "diff": 1.7272136258135689, "global_mean": 6.302051044083534, "global_std": 0.7339172548205453}, {"type": "numerical", "feature_label": "PTRATIO", "cluster_label": "cluster_2", "mean": 16.04146341463414, "std": 2.0508505076865178, "diff": -1.1073201691603292, "global_mean": 18.44849187935028, "global_std": 2.173742095333968}, {"type": "numerical", "feature_label": "INDUS", "cluster_label": "cluster_2", "mean": 5.476341463414633, "std": 4.276909957023622, "diff": -0.8435359971966617, "global_mean": 11.19228275710616, "global_std": 6.7761676000638}]}, {"cluster": "cluster_3", "size": 22, "facts": [{"type": "numerical", "feature_label": "PTRATIO", "cluster_label": "cluster_3", "mean": 14.622727272727268, "std": 0.3624412178045376, "diff": -1.7599901178871131, "global_mean": 18.44849187935028, "global_std": 2.173742095333968}, {"type": "numerical", "feature_label": "NOX", "cluster_label": "cluster_3", "mean": 0.7520000000000003, "std": 0.13370863846438644, "diff": 1.6998662369090958, "global_mean": 0.5567744779582383, "global_std": 0.11484757906407088}, {"type": "numerical", "feature_label": "INDUS", "cluster_label": "cluster_3", "mean": 18.09809016086793, "std": 4.0221006282247105, "diff": 1.019131729223573, "global_mean": 11.19228275710616, "global_std": 6.7761676000638}]}, {"cluster": "cluster_4", "size": 94, "facts": [{"type": "numerical", "feature_label": "RAD", "cluster_label": "cluster_4", "mean": 24.0, "std": 0.0, "diff": 1.6149334258185704, "global_mean": 9.77494199535963, "global_std": 8.808448557209122}, {"type": "numerical", "feature_label": "TAX", "cluster_label": "cluster_4", "mean": 666.0, "std": 0.0, "diff": 1.4848729393217464, "global_mean": 412.41763341067286, "global_std": 170.77714858562737}, {"type": "numerical", "feature_label": "NOX", "cluster_label": "cluster_4", "mean": 0.673404255319149, "std": 0.06549486053035843, "diff": 1.01551794396855, "global_mean": 0.5567744779582383, "global_std": 0.11484757906407088}]}, {"cluster": "cluster_5", "size": 102, "facts": [{"type": "numerical", "feature_label": "RAD", "cluster_label": "cluster_5", "mean": 4.509803921568627, "std": 1.487539652781844, "diff": -0.597737279112772, "global_mean": 9.77494199535963, "global_std": 8.808448557209122}, {"type": "numerical", "feature_label": "TAX", "cluster_label": "cluster_5", "mean": 313.72549019607845, "std": 60.58528999368343, "diff": -0.5779001700869267, "global_mean": 412.41763341067286, "global_std": 170.77714858562737}, {"type": "numerical", "feature_label": "ZN", "cluster_label": "cluster_5", "mean": 1.0833333333333333, "std": 4.622418109054776, "diff": -0.4235084125708649, "global_mean": 10.935034802784223, "global_std": 23.262115171802925}]}, {"cluster": "cluster_6", "size": 23, "facts": [{"type": "numerical", "feature_label": "INDUS", "cluster_label": "cluster_6", "mean": 24.142608695652168, "std": 2.515682118579199, "diff": 1.9111578554261375, "global_mean": 11.19228275710616, "global_std": 6.7761676000638}, {"type": "numerical", "feature_label": "PTRATIO", "cluster_label": "cluster_6", "mean": 20.41304347826087, "std": 0.9111951930524521, "diff": 0.9037648040802945, "global_mean": 18.44849187935028, "global_std": 2.173742095333968}, {"type": "numerical", "feature_label": "DIS", "cluster_label": "cluster_6", "mean": 1.921260869565218, "std": 0.23121706593810856, "diff": -0.8636084399874758, "global_mean": 3.7171805104408326, "global_std": 2.079553137416836}]}, {"cluster": "cluster_7", "size": 3, "facts": [{"type": "numerical", "feature_label": "CRIM", "cluster_label": "cluster_7", "mean": 76.81036666666667, "std": 10.903343970696945, "diff": 8.344976598806511, "global_mean": 3.742854147355657, "global_std": 8.755867875023286}, {"type": "numerical", "feature_label": "RAD", "cluster_label": "cluster_7", "mean": 24.0, "std": 0.0, "diff": 1.6149334258185704, "global_mean": 9.77494199535963, "global_std": 8.808448557209122}, {"type": "numerical", "feature_label": "TAX", "cluster_label": "cluster_7", "mean": 666.0, "std": 0.0, "diff": 1.4848729393217464, "global_mean": 412.41763341067286, "global_std": 170.77714858562737}]}, {"cluster": "cluster_8", "size": 46, "facts": [{"type": "numerical", "feature_label": "ZN", "cluster_label": "cluster_8", "mean": 71.41304347826087, "std": 17.611960692106088, "diff": 2.5998499374977224, "global_mean": 10.935034802784223, "global_std": 23.262115171802925}, {"type": "numerical", "feature_label": "DIS", "cluster_label": "cluster_8", "mean": 7.11685, "std": 1.7907526989447144, "diff": 1.6348077038234015, "global_mean": 3.7171805104408326, "global_std": 2.079553137416836}, {"type": "numerical", "feature_label": "AGE", "cluster_label": "cluster_8", "mean": 31.006924315619973, "std": 11.723762219717758, "diff": -1.3921245172175516, "global_mean": 69.16676978602732, "global_std": 27.411230100794203}]}]}