{
    "metrics": {
        "inertia": 925.1782667785837,
        "silhouette": 0.3368959334391941,
        "nbClusters": 9
    },
    "processed_feature_names": [
        "TAX",
        "CRIM",
        "PTRATIO",
        "DIS",
        "ZN",
        "INDUS",
        "RAD",
        "NOX",
        "RM",
        "AGE"
    ],
    "variables_importance": {
        "variables": [
            "TAX",
            "CRIM",
            "PTRATIO",
            "DIS",
            "ZN",
            "INDUS",
            "RAD",
            "NOX",
            "RM",
            "AGE"
        ],
        "importances": [
            0.08770181988887303,
            0.09863189056503806,
            0.05045599542244946,
            0.0809486971837318,
            0.08967147724699293,
            0.13244826536299303,
            0.09731963850089034,
            0.08893586924765319,
            0.14451016391991886,
            0.12937618266145942
        ]
    },
    "reduce_vars": [],
    "train_nb_records": 431,
    "train_nb_features": 10,
    "train_nb_outliers": 0,
    "cluster_description": [
        {
            "variable": "TAX",
            "var": 29348.65,
            "values": [
                {
                    "cluster": "cluster_0",
                    "value": 666.0
                },
                {
                    "cluster": "cluster_1",
                    "value": 289.6875
                },
                {
                    "cluster": "cluster_2",
                    "value": 275.4390243902439
                },
                {
                    "cluster": "cluster_3",
                    "value": 396.6818181818182
                },
                {
                    "cluster": "cluster_4",
                    "value": 666.0
                },
                {
                    "cluster": "cluster_5",
                    "value": 313.72549019607845
                },
                {
                    "cluster": "cluster_6",
                    "value": 431.60869565217394
                },
                {
                    "cluster": "cluster_7",
                    "value": 666.0
                },
                {
                    "cluster": "cluster_8",
                    "value": 319.7391304347826
                }
            ]
        },
        {
            "variable": "CRIM",
            "var": 638.26,
            "values": [
                {
                    "cluster": "cluster_0",
                    "value": 22.9980285
                },
                {
                    "cluster": "cluster_1",
                    "value": 0.26012614891975316
                },
                {
                    "cluster": "cluster_2",
                    "value": 0.5014432675900834
                },
                {
                    "cluster": "cluster_3",
                    "value": 2.113755909090909
                },
                {
                    "cluster": "cluster_4",
                    "value": 8.127887274757025
                },
                {
                    "cluster": "cluster_5",
                    "value": 0.4474297246429436
                },
                {
                    "cluster": "cluster_6",
                    "value": 0.4012517391304347
                },
                {
                    "cluster": "cluster_7",
                    "value": 76.81036666666667
                },
                {
                    "cluster": "cluster_8",
                    "value": 0.34822925836464474
                }
            ]
        },
        {
            "variable": "PTRATIO",
            "var": 4.8,
            "values": [
                {
                    "cluster": "cluster_0",
                    "value": 20.199999999999996
                },
                {
                    "cluster": "cluster_1",
                    "value": 18.268750000000008
                },
                {
                    "cluster": "cluster_2",
                    "value": 16.04146341463414
                },
                {
                    "cluster": "cluster_3",
                    "value": 14.622727272727268
                },
                {
                    "cluster": "cluster_4",
                    "value": 20.20000000000003
                },
                {
                    "cluster": "cluster_5",
                    "value": 18.91568627450981
                },
                {
                    "cluster": "cluster_6",
                    "value": 20.41304347826087
                },
                {
                    "cluster": "cluster_7",
                    "value": 20.2
                },
                {
                    "cluster": "cluster_8",
                    "value": 16.263043478260865
                }
            ]
        },
        {
            "variable": "DIS",
            "var": 4.01,
            "values": [
                {
                    "cluster": "cluster_0",
                    "value": 1.573815
                },
                {
                    "cluster": "cluster_1",
                    "value": 5.77357
                },
                {
                    "cluster": "cluster_2",
                    "value": 3.1322780487804875
                },
                {
                    "cluster": "cluster_3",
                    "value": 1.807668181818182
                },
                {
                    "cluster": "cluster_4",
                    "value": 2.1778510638297868
                },
                {
                    "cluster": "cluster_5",
                    "value": 3.5257274509803938
                },
                {
                    "cluster": "cluster_6",
                    "value": 1.921260869565218
                },
                {
                    "cluster": "cluster_7",
                    "value": 1.5481666666666667
                },
                {
                    "cluster": "cluster_8",
                    "value": 7.11685
                }
            ]
        },
        {
            "variable": "ZN",
            "var": 542.97,
            "values": [
                {
                    "cluster": "cluster_0",
                    "value": 0.0
                },
                {
                    "cluster": "cluster_1",
                    "value": 12.33125
                },
                {
                    "cluster": "cluster_2",
                    "value": 7.585365853658536
                },
                {
                    "cluster": "cluster_3",
                    "value": 0.9090909090909091
                },
                {
                    "cluster": "cluster_4",
                    "value": 0.0
                },
                {
                    "cluster": "cluster_5",
                    "value": 1.0833333333333333
                },
                {
                    "cluster": "cluster_6",
                    "value": 0.0
                },
                {
                    "cluster": "cluster_7",
                    "value": 0.0
                },
                {
                    "cluster": "cluster_8",
                    "value": 71.41304347826087
                }
            ]
        },
        {
            "variable": "INDUS",
            "var": 54.45,
            "values": [
                {
                    "cluster": "cluster_0",
                    "value": 17.74919958847737
                },
                {
                    "cluster": "cluster_1",
                    "value": 6.5749747942386865
                },
                {
                    "cluster": "cluster_2",
                    "value": 5.476341463414633
                },
                {
                    "cluster": "cluster_3",
                    "value": 18.09809016086793
                },
                {
                    "cluster": "cluster_4",
                    "value": 17.801446458278583
                },
                {
                    "cluster": "cluster_5",
                    "value": 8.796666263213105
                },
                {
                    "cluster": "cluster_6",
                    "value": 24.142608695652168
                },
                {
                    "cluster": "cluster_7",
                    "value": 18.1
                },
                {
                    "cluster": "cluster_8",
                    "value": 3.044086598675971
                }
            ]
        },
        {
            "variable": "RAD",
            "var": 96.4,
            "values": [
                {
                    "cluster": "cluster_0",
                    "value": 24.0
                },
                {
                    "cluster": "cluster_1",
                    "value": 4.825
                },
                {
                    "cluster": "cluster_2",
                    "value": 5.073170731707317
                },
                {
                    "cluster": "cluster_3",
                    "value": 5.0
                },
                {
                    "cluster": "cluster_4",
                    "value": 24.0
                },
                {
                    "cluster": "cluster_5",
                    "value": 4.509803921568627
                },
                {
                    "cluster": "cluster_6",
                    "value": 3.4782608695652173
                },
                {
                    "cluster": "cluster_7",
                    "value": 24.0
                },
                {
                    "cluster": "cluster_8",
                    "value": 3.5
                }
            ]
        },
        {
            "variable": "NOX",
            "var": 0.01,
            "values": [
                {
                    "cluster": "cluster_0",
                    "value": 0.6761
                },
                {
                    "cluster": "cluster_1",
                    "value": 0.4543987500000002
                },
                {
                    "cluster": "cluster_2",
                    "value": 0.5304073170731706
                },
                {
                    "cluster": "cluster_3",
                    "value": 0.7520000000000003
                },
                {
                    "cluster": "cluster_4",
                    "value": 0.673404255319149
                },
                {
                    "cluster": "cluster_5",
                    "value": 0.522647058823529
                },
                {
                    "cluster": "cluster_6",
                    "value": 0.6095217391304348
                },
                {
                    "cluster": "cluster_7",
                    "value": 0.681
                },
                {
                    "cluster": "cluster_8",
                    "value": 0.41593913043478264
                }
            ]
        },
        {
            "variable": "RM",
            "var": 0.53,
            "values": [
                {
                    "cluster": "cluster_0",
                    "value": 4.89025
                },
                {
                    "cluster": "cluster_1",
                    "value": 6.319075000000002
                },
                {
                    "cluster": "cluster_2",
                    "value": 7.569682926829269
                },
                {
                    "cluster": "cluster_3",
                    "value": 5.833318181818182
                },
                {
                    "cluster": "cluster_4",
                    "value": 6.277010638297873
                },
                {
                    "cluster": "cluster_5",
                    "value": 6.053872549019609
                },
                {
                    "cluster": "cluster_6",
                    "value": 5.870260869565217
                },
                {
                    "cluster": "cluster_7",
                    "value": 6.2026666666666666
                },
                {
                    "cluster": "cluster_8",
                    "value": 6.804456521739134
                }
            ]
        },
        {
            "variable": "AGE",
            "var": 644.69,
            "values": [
                {
                    "cluster": "cluster_0",
                    "value": 95.225
                },
                {
                    "cluster": "cluster_1",
                    "value": 35.84624999999999
                },
                {
                    "cluster": "cluster_2",
                    "value": 73.7037940379404
                },
                {
                    "cluster": "cluster_3",
                    "value": 93.23720538720539
                },
                {
                    "cluster": "cluster_4",
                    "value": 88.3144208037825
                },
                {
                    "cluster": "cluster_5",
                    "value": 76.85679012345682
                },
                {
                    "cluster": "cluster_6",
                    "value": 91.58421900161031
                },
                {
                    "cluster": "cluster_7",
                    "value": 97.3
                },
                {
                    "cluster": "cluster_8",
                    "value": 31.006924315619973
                }
            ]
        },
        {
            "variable": "cluster_size",
            "var": 1277.36,
            "values": [
                {
                    "cluster": "cluster_5",
                    "value": 102
                },
                {
                    "cluster": "cluster_4",
                    "value": 94
                },
                {
                    "cluster": "cluster_1",
                    "value": 80
                },
                {
                    "cluster": "cluster_8",
                    "value": 46
                },
                {
                    "cluster": "cluster_2",
                    "value": 41
                },
                {
                    "cluster": "cluster_6",
                    "value": 23
                },
                {
                    "cluster": "cluster_3",
                    "value": 22
                },
                {
                    "cluster": "cluster_0",
                    "value": 20
                },
                {
                    "cluster": "cluster_7",
                    "value": 3
                }
            ]
        }
    ],
    "summary": {
        "clusters": []
    }
}