{"global": {"size": 431, "facts": [{"type": "numerical", "feature_label": "CRIM", "cluster_label": "cluster_5", "mean": 56.24572857142858, "std": 20.40771347993321, "diff": 5.996307296257973, "global_mean": 3.742854147355657, "global_std": 8.755867875023286}, {"type": "numerical", "feature_label": "DIS", "cluster_label": "cluster_0", "mean": 8.39637741935484, "std": 1.3322578608536906, "diff": 2.2500973044268435, "global_mean": 3.7171805104408326, "global_std": 2.079553137416836}, {"type": "numerical", "feature_label": "PTRATIO", "cluster_label": "cluster_4", "mean": 14.199999999999996, "std": 0.7862453931068962, "diff": -1.95445995570029, "global_mean": 18.44849187935028, "global_std": 2.173742095333968}, {"type": "numerical", "feature_label": "INDUS", "cluster_label": "cluster_6", "mean": 24.142608695652168, "std": 2.515682118579199, "diff": 1.9111578554261375, "global_mean": 11.19228275710616, "global_std": 6.7761676000638}, {"type": "numerical", "feature_label": "RAD", "cluster_label": "cluster_1", "mean": 24.0, "std": 0.0, "diff": 1.6149334258185704, "global_mean": 9.77494199535963, "global_std": 8.808448557209122}, {"type": "numerical", "feature_label": "RAD", "cluster_label": "cluster_5", "mean": 24.0, "std": 0.0, "diff": 1.6149334258185704, "global_mean": 9.77494199535963, "global_std": 8.808448557209122}, {"type": "numerical", "feature_label": "TAX", "cluster_label": "cluster_1", "mean": 666.0, "std": 0.0, "diff": 1.4848729393217464, "global_mean": 412.41763341067286, "global_std": 170.77714858562737}, {"type": "numerical", "feature_label": "TAX", "cluster_label": "cluster_5", "mean": 666.0, "std": 0.0, "diff": 1.4848729393217464, "global_mean": 412.41763341067286, "global_std": 170.77714858562737}, {"type": "numerical", "feature_label": "PTRATIO", "cluster_label": "cluster_7", "mean": 15.429629629629627, "std": 1.1054973489518118, "diff": -1.388785843638383, "global_mean": 18.44849187935028, "global_std": 2.173742095333968}, {"type": "numerical", "feature_label": "NOX", "cluster_label": "cluster_4", "mean": 0.7091176470588233, "std": 0.12275518003163426, "diff": 1.3264813271823184, "global_mean": 0.5567744779582383, "global_std": 0.11484757906407088}]}, "clusters": [{"cluster": "cluster_0", "size": 31, "facts": [{"type": "numerical", "feature_label": "DIS", "cluster_label": "cluster_0", "mean": 8.39637741935484, "std": 1.3322578608536906, "diff": 2.2500973044268435, "global_mean": 3.7171805104408326, "global_std": 2.079553137416836}, {"type": "numerical", "feature_label": "AGE", "cluster_label": "cluster_0", "mean": 35.95161290322581, "std": 18.73052537023885, "diff": -1.2117353639608879, "global_mean": 69.16676978602732, "global_std": 27.411230100794203}, {"type": "numerical", "feature_label": "NOX", "cluster_label": "cluster_0", "mean": 0.423874193548387, "std": 0.01799066364797652, "diff": -1.157188383881468, "global_mean": 0.5567744779582383, "global_std": 0.11484757906407088}]}, {"cluster": "cluster_1", "size": 110, "facts": [{"type": "numerical", "feature_label": "RAD", "cluster_label": "cluster_1", "mean": 24.0, "std": 0.0, "diff": 1.6149334258185704, "global_mean": 9.77494199535963, "global_std": 8.808448557209122}, {"type": "numerical", "feature_label": "TAX", "cluster_label": "cluster_1", "mean": 666.0, "std": 0.0, "diff": 1.4848729393217464, "global_mean": 412.41763341067286, "global_std": 170.77714858562737}, {"type": "numerical", "feature_label": "NOX", "cluster_label": "cluster_1", "mean": 0.6733090909090916, "std": 0.06255811909913069, "diff": 1.014689329113688, "global_mean": 0.5567744779582383, "global_std": 0.11484757906407088}]}, {"cluster": "cluster_2", "size": 112, "facts": [{"type": "numerical", "feature_label": "TAX", "cluster_label": "cluster_2", "mean": 309.3392857142857, "std": 60.418891140870876, "diff": -0.6035839604424817, "global_mean": 412.41763341067286, "global_std": 170.77714858562737}, {"type": "numerical", "feature_label": "RAD", "cluster_label": "cluster_2", "mean": 4.741071428571429, "std": 1.8145832456000344, "diff": -0.5714820872363858, "global_mean": 9.77494199535963, "global_std": 8.808448557209122}, {"type": "numerical", "feature_label": "INDUS", "cluster_label": "cluster_2", "mean": 8.117410346854793, "std": 2.9378633912759553, "diff": -0.4537775025255301, "global_mean": 11.19228275710616, "global_std": 6.7761676000638}]}, {"cluster": "cluster_3", "size": 60, "facts": [{"type": "numerical", "feature_label": "AGE", "cluster_label": "cluster_3", "mean": 36.15999999999999, "std": 15.14386601783381, "diff": -1.2041331113072158, "global_mean": 69.16676978602732, "global_std": 27.411230100794203}, {"type": "numerical", "feature_label": "TAX", "cluster_label": "cluster_3", "mean": 270.96666666666664, "std": 45.64006813326465, "diff": -0.8282780683217869, "global_mean": 412.41763341067286, "global_std": 170.77714858562737}, {"type": "numerical", "feature_label": "NOX", "cluster_label": "cluster_3", "mean": 0.47211666666666674, "std": 0.038443924236925456, "diff": -0.7371318749726791, "global_mean": 0.5567744779582383, "global_std": 0.11484757906407088}]}, {"cluster": "cluster_4", "size": 34, "facts": [{"type": "numerical", "feature_label": "PTRATIO", "cluster_label": "cluster_4", "mean": 14.199999999999996, "std": 0.7862453931068962, "diff": -1.95445995570029, "global_mean": 18.44849187935028, "global_std": 2.173742095333968}, {"type": "numerical", "feature_label": "NOX", "cluster_label": "cluster_4", "mean": 0.7091176470588233, "std": 0.12275518003163426, "diff": 1.3264813271823184, "global_mean": 0.5567744779582383, "global_std": 0.11484757906407088}, {"type": "numerical", "feature_label": "DIS", "cluster_label": "cluster_4", "mean": 1.906373529411765, "std": 0.33512004209149926, "diff": -0.8707673530662471, "global_mean": 3.7171805104408326, "global_std": 2.079553137416836}]}, {"cluster": "cluster_5", "size": 7, "facts": [{"type": "numerical", "feature_label": "CRIM", "cluster_label": "cluster_5", "mean": 56.24572857142858, "std": 20.40771347993321, "diff": 5.996307296257973, "global_mean": 3.742854147355657, "global_std": 8.755867875023286}, {"type": "numerical", "feature_label": "RAD", "cluster_label": "cluster_5", "mean": 24.0, "std": 0.0, "diff": 1.6149334258185704, "global_mean": 9.77494199535963, "global_std": 8.808448557209122}, {"type": "numerical", "feature_label": "TAX", "cluster_label": "cluster_5", "mean": 666.0, "std": 0.0, "diff": 1.4848729393217464, "global_mean": 412.41763341067286, "global_std": 170.77714858562737}]}, {"cluster": "cluster_6", "size": 23, "facts": [{"type": "numerical", "feature_label": "INDUS", "cluster_label": "cluster_6", "mean": 24.142608695652168, "std": 2.515682118579199, "diff": 1.9111578554261375, "global_mean": 11.19228275710616, "global_std": 6.7761676000638}, {"type": "numerical", "feature_label": "PTRATIO", "cluster_label": "cluster_6", "mean": 20.41304347826087, "std": 0.9111951930524521, "diff": 0.9037648040802945, "global_mean": 18.44849187935028, "global_std": 2.173742095333968}, {"type": "numerical", "feature_label": "DIS", "cluster_label": "cluster_6", "mean": 1.921260869565218, "std": 0.23121706593810856, "diff": -0.8636084399874758, "global_mean": 3.7171805104408326, "global_std": 2.079553137416836}]}, {"cluster": "cluster_7", "size": 54, "facts": [{"type": "numerical", "feature_label": "PTRATIO", "cluster_label": "cluster_7", "mean": 15.429629629629627, "std": 1.1054973489518118, "diff": -1.388785843638383, "global_mean": 18.44849187935028, "global_std": 2.173742095333968}, {"type": "numerical", "feature_label": "AGE", "cluster_label": "cluster_7", "mean": 36.74327846364883, "std": 17.09234910936743, "diff": -1.182854297423123, "global_mean": 69.16676978602732, "global_std": 27.411230100794203}, {"type": "numerical", "feature_label": "DIS", "cluster_label": "cluster_7", "mean": 6.103874074074074, "std": 1.1079592580182596, "diff": 1.1476953970014574, "global_mean": 3.7171805104408326, "global_std": 2.079553137416836}]}]}