{
    "metrics": {
        "inertia": 671.4384750010827,
        "silhouette": 0.3627690777205269,
        "nbClusters": 8
    },
    "processed_feature_names": [
        "TAX",
        "CRIM",
        "PTRATIO",
        "DIS",
        "INDUS",
        "RAD",
        "NOX",
        "AGE",
        "dummy:CHAS:0",
        "dummy:CHAS:N/A",
        "dummy:CHAS:__Others__"
    ],
    "variables_importance": {
        "variables": [
            "TAX",
            "CRIM",
            "PTRATIO",
            "DIS",
            "INDUS",
            "RAD",
            "NOX",
            "AGE",
            "dummy:CHAS:0",
            "dummy:CHAS:__Others__"
        ],
        "importances": [
            0.1044624345955874,
            0.1349455219799236,
            0.14244324446010986,
            0.1340433937011788,
            0.11188376075868228,
            0.10906543145429413,
            0.1136986606720613,
            0.14600155571996928,
            0.0016476790884331679,
            0.0018083175697600382
        ]
    },
    "reduce_vars": [],
    "train_nb_records": 431,
    "train_nb_features": 11,
    "train_nb_outliers": 0,
    "cluster_description": [
        {
            "variable": "dummy:CHAS:0",
            "var": 0.0,
            "values": [
                {
                    "cluster": "cluster_0",
                    "value": 1.0
                },
                {
                    "cluster": "cluster_1",
                    "value": 0.9272727272727272
                },
                {
                    "cluster": "cluster_2",
                    "value": 0.875
                },
                {
                    "cluster": "cluster_3",
                    "value": 0.95
                },
                {
                    "cluster": "cluster_4",
                    "value": 0.8529411764705882
                },
                {
                    "cluster": "cluster_5",
                    "value": 1.0
                },
                {
                    "cluster": "cluster_6",
                    "value": 1.0
                },
                {
                    "cluster": "cluster_7",
                    "value": 0.9629629629629629
                }
            ]
        },
        {
            "variable": "dummy:CHAS:N/A",
            "var": 0.0,
            "values": [
                {
                    "cluster": "cluster_0",
                    "value": 0.0
                },
                {
                    "cluster": "cluster_1",
                    "value": 0.0
                },
                {
                    "cluster": "cluster_2",
                    "value": 0.0
                },
                {
                    "cluster": "cluster_3",
                    "value": 0.0
                },
                {
                    "cluster": "cluster_4",
                    "value": 0.0
                },
                {
                    "cluster": "cluster_5",
                    "value": 0.0
                },
                {
                    "cluster": "cluster_6",
                    "value": 0.0
                },
                {
                    "cluster": "cluster_7",
                    "value": 0.0
                }
            ]
        },
        {
            "variable": "dummy:CHAS:__Others__",
            "var": 0.0,
            "values": [
                {
                    "cluster": "cluster_0",
                    "value": 0.0
                },
                {
                    "cluster": "cluster_1",
                    "value": 0.07272727272727272
                },
                {
                    "cluster": "cluster_2",
                    "value": 0.125
                },
                {
                    "cluster": "cluster_3",
                    "value": 0.05
                },
                {
                    "cluster": "cluster_4",
                    "value": 0.14705882352941177
                },
                {
                    "cluster": "cluster_5",
                    "value": 0.0
                },
                {
                    "cluster": "cluster_6",
                    "value": 0.0
                },
                {
                    "cluster": "cluster_7",
                    "value": 0.037037037037037035
                }
            ]
        },
        {
            "variable": "TAX",
            "var": 25797.75,
            "values": [
                {
                    "cluster": "cluster_0",
                    "value": 324.741935483871
                },
                {
                    "cluster": "cluster_1",
                    "value": 666.0
                },
                {
                    "cluster": "cluster_2",
                    "value": 309.3392857142857
                },
                {
                    "cluster": "cluster_3",
                    "value": 270.96666666666664
                },
                {
                    "cluster": "cluster_4",
                    "value": 362.11764705882354
                },
                {
                    "cluster": "cluster_5",
                    "value": 666.0
                },
                {
                    "cluster": "cluster_6",
                    "value": 431.60869565217394
                },
                {
                    "cluster": "cluster_7",
                    "value": 307.77777777777777
                }
            ]
        },
        {
            "variable": "CRIM",
            "var": 380.03,
            "values": [
                {
                    "cluster": "cluster_0",
                    "value": 0.1046516129032258
                },
                {
                    "cluster": "cluster_1",
                    "value": 9.642663398428729
                },
                {
                    "cluster": "cluster_2",
                    "value": 0.4138164456569666
                },
                {
                    "cluster": "cluster_3",
                    "value": 0.23944406618655692
                },
                {
                    "cluster": "cluster_4",
                    "value": 1.7813568815056886
                },
                {
                    "cluster": "cluster_5",
                    "value": 56.24572857142858
                },
                {
                    "cluster": "cluster_6",
                    "value": 0.4012517391304347
                },
                {
                    "cluster": "cluster_7",
                    "value": 0.4630343301326018
                }
            ]
        },
        {
            "variable": "PTRATIO",
            "var": 5.34,
            "values": [
                {
                    "cluster": "cluster_0",
                    "value": 18.851612903225806
                },
                {
                    "cluster": "cluster_1",
                    "value": 20.200000000000017
                },
                {
                    "cluster": "cluster_2",
                    "value": 18.709821428571438
                },
                {
                    "cluster": "cluster_3",
                    "value": 18.70833333333334
                },
                {
                    "cluster": "cluster_4",
                    "value": 14.199999999999996
                },
                {
                    "cluster": "cluster_5",
                    "value": 20.2
                },
                {
                    "cluster": "cluster_6",
                    "value": 20.41304347826087
                },
                {
                    "cluster": "cluster_7",
                    "value": 15.429629629629627
                }
            ]
        },
        {
            "variable": "DIS",
            "var": 6.01,
            "values": [
                {
                    "cluster": "cluster_0",
                    "value": 8.39637741935484
                },
                {
                    "cluster": "cluster_1",
                    "value": 2.0870563636363633
                },
                {
                    "cluster": "cluster_2",
                    "value": 3.444270535714289
                },
                {
                    "cluster": "cluster_3",
                    "value": 4.6100850000000015
                },
                {
                    "cluster": "cluster_4",
                    "value": 1.906373529411765
                },
                {
                    "cluster": "cluster_5",
                    "value": 1.608942857142857
                },
                {
                    "cluster": "cluster_6",
                    "value": 1.921260869565218
                },
                {
                    "cluster": "cluster_7",
                    "value": 6.103874074074074
                }
            ]
        },
        {
            "variable": "INDUS",
            "var": 54.78,
            "values": [
                {
                    "cluster": "cluster_0",
                    "value": 4.206580379662817
                },
                {
                    "cluster": "cluster_1",
                    "value": 17.78109053497939
                },
                {
                    "cluster": "cluster_2",
                    "value": 8.117410346854793
                },
                {
                    "cluster": "cluster_3",
                    "value": 7.019466392318244
                },
                {
                    "cluster": "cluster_4",
                    "value": 14.489058339385137
                },
                {
                    "cluster": "cluster_5",
                    "value": 18.099999999999998
                },
                {
                    "cluster": "cluster_6",
                    "value": 24.142608695652168
                },
                {
                    "cluster": "cluster_7",
                    "value": 4.307851699436063
                }
            ]
        },
        {
            "variable": "RAD",
            "var": 82.57,
            "values": [
                {
                    "cluster": "cluster_0",
                    "value": 4.903225806451613
                },
                {
                    "cluster": "cluster_1",
                    "value": 24.0
                },
                {
                    "cluster": "cluster_2",
                    "value": 4.741071428571429
                },
                {
                    "cluster": "cluster_3",
                    "value": 4.183333333333334
                },
                {
                    "cluster": "cluster_4",
                    "value": 5.0
                },
                {
                    "cluster": "cluster_5",
                    "value": 24.0
                },
                {
                    "cluster": "cluster_6",
                    "value": 3.4782608695652173
                },
                {
                    "cluster": "cluster_7",
                    "value": 4.092592592592593
                }
            ]
        },
        {
            "variable": "NOX",
            "var": 0.01,
            "values": [
                {
                    "cluster": "cluster_0",
                    "value": 0.423874193548387
                },
                {
                    "cluster": "cluster_1",
                    "value": 0.6733090909090916
                },
                {
                    "cluster": "cluster_2",
                    "value": 0.5183839285714279
                },
                {
                    "cluster": "cluster_3",
                    "value": 0.47211666666666674
                },
                {
                    "cluster": "cluster_4",
                    "value": 0.7091176470588233
                },
                {
                    "cluster": "cluster_5",
                    "value": 0.6858571428571428
                },
                {
                    "cluster": "cluster_6",
                    "value": 0.6095217391304348
                },
                {
                    "cluster": "cluster_7",
                    "value": 0.43425370370370375
                }
            ]
        },
        {
            "variable": "AGE",
            "var": 763.2,
            "values": [
                {
                    "cluster": "cluster_0",
                    "value": 35.95161290322581
                },
                {
                    "cluster": "cluster_1",
                    "value": 89.47232323232323
                },
                {
                    "cluster": "cluster_2",
                    "value": 78.90009920634921
                },
                {
                    "cluster": "cluster_3",
                    "value": 36.15999999999999
                },
                {
                    "cluster": "cluster_4",
                    "value": 91.21873638344228
                },
                {
                    "cluster": "cluster_5",
                    "value": 93.71428571428571
                },
                {
                    "cluster": "cluster_6",
                    "value": 91.58421900161031
                },
                {
                    "cluster": "cluster_7",
                    "value": 36.74327846364883
                }
            ]
        },
        {
            "variable": "cluster_size",
            "var": 1519.27,
            "values": [
                {
                    "cluster": "cluster_2",
                    "value": 112
                },
                {
                    "cluster": "cluster_1",
                    "value": 110
                },
                {
                    "cluster": "cluster_3",
                    "value": 60
                },
                {
                    "cluster": "cluster_7",
                    "value": 54
                },
                {
                    "cluster": "cluster_4",
                    "value": 34
                },
                {
                    "cluster": "cluster_0",
                    "value": 31
                },
                {
                    "cluster": "cluster_6",
                    "value": 23
                },
                {
                    "cluster": "cluster_5",
                    "value": 7
                }
            ]
        }
    ],
    "summary": {
        "clusters": []
    }
}