{"global": {"size": 431, "facts": [{"type": "numerical", "feature_label": "CRIM", "cluster_label": "cluster_1", "mean": 34.75508823529412, "std": 22.3168086635635, "diff": 3.541880088940468, "global_mean": 3.742854147355657, "global_std": 8.755867875023286}, {"type": "numerical", "feature_label": "B", "cluster_label": "cluster_5", "mean": 58.230357142857144, "std": 58.7193252611692, "diff": -3.253147003720308, "global_mean": 356.2846867749414, "global_std": 91.62030774853658}, {"type": "numerical", "feature_label": "ZN", "cluster_label": "cluster_6", "mean": 70.36170212765957, "std": 18.85173908701782, "diff": 2.554654505232144, "global_mean": 10.935034802784223, "global_std": 23.262115171802925}, {"type": "numerical", "feature_label": "LSTAT", "cluster_label": "cluster_1", "mean": 27.26705882352941, "std": 6.236503191598921, "diff": 1.9791137668854477, "global_mean": 12.884991836383959, "global_std": 7.2669228155482255}, {"type": "numerical", "feature_label": "MEDV", "cluster_label": "cluster_3", "mean": 39.955, "std": 7.033872260310034, "diff": 1.8107835237030256, "global_mean": 22.724361948955938, "global_std": 9.515570373540653}, {"type": "numerical", "feature_label": "RM", "cluster_label": "cluster_3", "mean": 7.5912500000000005, "std": 0.5487820897690467, "diff": 1.7565998720546459, "global_mean": 6.302051044083534, "global_std": 0.7339172548205453}, {"type": "numerical", "feature_label": "RAD", "cluster_label": "cluster_1", "mean": 24.0, "std": 0.0, "diff": 1.6149334258185704, "global_mean": 9.77494199535963, "global_std": 8.808448557209122}, {"type": "numerical", "feature_label": "RAD", "cluster_label": "cluster_4", "mean": 24.0, "std": 0.0, "diff": 1.6149334258185704, "global_mean": 9.77494199535963, "global_std": 8.808448557209122}, {"type": "numerical", "feature_label": "RAD", "cluster_label": "cluster_5", "mean": 24.0, "std": 0.0, "diff": 1.6149334258185704, "global_mean": 9.77494199535963, "global_std": 8.808448557209122}, {"type": "numerical", "feature_label": "DIS", "cluster_label": "cluster_6", "mean": 7.069721276595746, "std": 1.8059428610461497, "diff": 1.6121447948761471, "global_mean": 3.7171805104408326, "global_std": 2.079553137416836}]}, "clusters": [{"cluster": "cluster_0", "size": 81, "facts": [{"type": "numerical", "feature_label": "AGE", "cluster_label": "cluster_0", "mean": 37.8, "std": 17.66078282523173, "diff": -1.144303618286671, "global_mean": 69.16676978602732, "global_std": 27.411230100794203}, {"type": "numerical", "feature_label": "DIS", "cluster_label": "cluster_0", "mean": 5.7399604938271604, "std": 1.4677541257546356, "diff": 0.9726993491971885, "global_mean": 3.7171805104408326, "global_std": 2.079553137416836}, {"type": "numerical", "feature_label": "NOX", "cluster_label": "cluster_0", "mean": 0.4560000000000002, "std": 0.03432266379522429, "diff": -0.8774627970348275, "global_mean": 0.5567744779582383, "global_std": 0.11484757906407088}]}, {"cluster": "cluster_1", "size": 17, "facts": [{"type": "numerical", "feature_label": "CRIM", "cluster_label": "cluster_1", "mean": 34.75508823529412, "std": 22.3168086635635, "diff": 3.541880088940468, "global_mean": 3.742854147355657, "global_std": 8.755867875023286}, {"type": "numerical", "feature_label": "LSTAT", "cluster_label": "cluster_1", "mean": 27.26705882352941, "std": 6.236503191598921, "diff": 1.9791137668854477, "global_mean": 12.884991836383959, "global_std": 7.2669228155482255}, {"type": "numerical", "feature_label": "RAD", "cluster_label": "cluster_1", "mean": 24.0, "std": 0.0, "diff": 1.6149334258185704, "global_mean": 9.77494199535963, "global_std": 8.808448557209122}]}, {"cluster": "cluster_2", "size": 103, "facts": [{"type": "numerical", "feature_label": "RAD", "cluster_label": "cluster_2", "mean": 4.592233009708738, "std": 1.5494267959973385, "diff": -0.5883793215105052, "global_mean": 9.77494199535963, "global_std": 8.808448557209122}, {"type": "numerical", "feature_label": "TAX", "cluster_label": "cluster_2", "mean": 314.4854368932039, "std": 59.27930963280991, "diff": -0.5734502380941554, "global_mean": 412.41763341067286, "global_std": 170.77714858562737}, {"type": "numerical", "feature_label": "ZN", "cluster_label": "cluster_2", "mean": 1.266990291262136, "std": 4.963008029006524, "diff": -0.4156133025788285, "global_mean": 10.935034802784223, "global_std": 23.262115171802925}]}, {"cluster": "cluster_3", "size": 40, "facts": [{"type": "numerical", "feature_label": "MEDV", "cluster_label": "cluster_3", "mean": 39.955, "std": 7.033872260310034, "diff": 1.8107835237030256, "global_mean": 22.724361948955938, "global_std": 9.515570373540653}, {"type": "numerical", "feature_label": "RM", "cluster_label": "cluster_3", "mean": 7.5912500000000005, "std": 0.5487820897690467, "diff": 1.7565998720546459, "global_mean": 6.302051044083534, "global_std": 0.7339172548205453}, {"type": "numerical", "feature_label": "PTRATIO", "cluster_label": "cluster_3", "mean": 15.929999999999996, "std": 2.0668568977791946, "diff": -1.1585973721336744, "global_mean": 18.44849187935028, "global_std": 2.173742095333968}]}, {"cluster": "cluster_4", "size": 72, "facts": [{"type": "numerical", "feature_label": "RAD", "cluster_label": "cluster_4", "mean": 24.0, "std": 0.0, "diff": 1.6149334258185704, "global_mean": 9.77494199535963, "global_std": 8.808448557209122}, {"type": "numerical", "feature_label": "TAX", "cluster_label": "cluster_4", "mean": 666.0, "std": 0.0, "diff": 1.4848729393217464, "global_mean": 412.41763341067286, "global_std": 170.77714858562737}, {"type": "numerical", "feature_label": "NOX", "cluster_label": "cluster_4", "mean": 0.6732916666666665, "std": 0.06784456915170355, "diff": 1.0145376128775503, "global_mean": 0.5567744779582383, "global_std": 0.11484757906407088}]}, {"cluster": "cluster_5", "size": 28, "facts": [{"type": "numerical", "feature_label": "B", "cluster_label": "cluster_5", "mean": 58.230357142857144, "std": 58.7193252611692, "diff": -3.253147003720308, "global_mean": 356.2846867749414, "global_std": 91.62030774853658}, {"type": "numerical", "feature_label": "RAD", "cluster_label": "cluster_5", "mean": 24.0, "std": 0.0, "diff": 1.6149334258185704, "global_mean": 9.77494199535963, "global_std": 8.808448557209122}, {"type": "numerical", "feature_label": "TAX", "cluster_label": "cluster_5", "mean": 666.0, "std": 0.0, "diff": 1.4848729393217464, "global_mean": 412.41763341067286, "global_std": 170.77714858562737}]}, {"cluster": "cluster_6", "size": 47, "facts": [{"type": "numerical", "feature_label": "ZN", "cluster_label": "cluster_6", "mean": 70.36170212765957, "std": 18.85173908701782, "diff": 2.554654505232144, "global_mean": 10.935034802784223, "global_std": 23.262115171802925}, {"type": "numerical", "feature_label": "DIS", "cluster_label": "cluster_6", "mean": 7.069721276595746, "std": 1.8059428610461497, "diff": 1.6121447948761471, "global_mean": 3.7171805104408326, "global_std": 2.079553137416836}, {"type": "numerical", "feature_label": "AGE", "cluster_label": "cluster_6", "mean": 30.834436564223804, "std": 12.341447402091257, "diff": -1.39841711155797, "global_mean": 69.16676978602732, "global_std": 27.411230100794203}]}, {"cluster": "cluster_7", "size": 43, "facts": [{"type": "numerical", "feature_label": "INDUS", "cluster_label": "cluster_7", "mean": 21.62530194276965, "std": 3.724164112377484, "diff": 1.5396636862354556, "global_mean": 11.19228275710616, "global_std": 6.7761676000638}, {"type": "numerical", "feature_label": "NOX", "cluster_label": "cluster_7", "mean": 0.6816511627906978, "std": 0.11995016499342157, "diff": 1.0873253563559544, "global_mean": 0.5567744779582383, "global_std": 0.11484757906407088}, {"type": "numerical", "feature_label": "DIS", "cluster_label": "cluster_7", "mean": 1.8626488372093022, "std": 0.31220623477811904, "diff": -0.8917933568820362, "global_mean": 3.7171805104408326, "global_std": 2.079553137416836}]}]}