{
    "metrics": {
        "inertia": 1681.9497099363125,
        "silhouette": 0.2643370828307588,
        "nbClusters": 8
    },
    "processed_feature_names": [
        "B",
        "TAX",
        "CRIM",
        "PTRATIO",
        "MEDV",
        "DIS",
        "ZN",
        "INDUS",
        "RAD",
        "LSTAT",
        "NOX",
        "RM",
        "AGE",
        "dummy:CHAS:0",
        "dummy:CHAS:N/A",
        "dummy:CHAS:__Others__"
    ],
    "variables_importance": {
        "variables": [
            "B",
            "TAX",
            "CRIM",
            "PTRATIO",
            "MEDV",
            "DIS",
            "ZN",
            "INDUS",
            "RAD",
            "LSTAT",
            "NOX",
            "RM",
            "AGE",
            "dummy:CHAS:0",
            "dummy:CHAS:__Others__"
        ],
        "importances": [
            0.07556973399502408,
            0.08577260532899036,
            0.071749464419712,
            0.0217996172236662,
            0.086409049553632,
            0.07630485707604445,
            0.09188227361510978,
            0.12578972206208838,
            0.05883526847894368,
            0.06340850387746227,
            0.07113279667299331,
            0.0695983656071172,
            0.09824012973214487,
            0.00183815031384023,
            0.0016694620432310926
        ]
    },
    "reduce_vars": [],
    "train_nb_records": 431,
    "train_nb_features": 16,
    "train_nb_outliers": 0,
    "cluster_description": [
        {
            "variable": "dummy:CHAS:0",
            "var": 0.0,
            "values": [
                {
                    "cluster": "cluster_0",
                    "value": 0.9876543209876543
                },
                {
                    "cluster": "cluster_1",
                    "value": 1.0
                },
                {
                    "cluster": "cluster_2",
                    "value": 0.8640776699029126
                },
                {
                    "cluster": "cluster_3",
                    "value": 0.9
                },
                {
                    "cluster": "cluster_4",
                    "value": 0.8888888888888888
                },
                {
                    "cluster": "cluster_5",
                    "value": 1.0
                },
                {
                    "cluster": "cluster_6",
                    "value": 0.9574468085106383
                },
                {
                    "cluster": "cluster_7",
                    "value": 0.9302325581395349
                }
            ]
        },
        {
            "variable": "dummy:CHAS:N/A",
            "var": 0.0,
            "values": [
                {
                    "cluster": "cluster_0",
                    "value": 0.0
                },
                {
                    "cluster": "cluster_1",
                    "value": 0.0
                },
                {
                    "cluster": "cluster_2",
                    "value": 0.0
                },
                {
                    "cluster": "cluster_3",
                    "value": 0.0
                },
                {
                    "cluster": "cluster_4",
                    "value": 0.0
                },
                {
                    "cluster": "cluster_5",
                    "value": 0.0
                },
                {
                    "cluster": "cluster_6",
                    "value": 0.0
                },
                {
                    "cluster": "cluster_7",
                    "value": 0.0
                }
            ]
        },
        {
            "variable": "dummy:CHAS:__Others__",
            "var": 0.0,
            "values": [
                {
                    "cluster": "cluster_0",
                    "value": 0.012345679012345678
                },
                {
                    "cluster": "cluster_1",
                    "value": 0.0
                },
                {
                    "cluster": "cluster_2",
                    "value": 0.13592233009708737
                },
                {
                    "cluster": "cluster_3",
                    "value": 0.1
                },
                {
                    "cluster": "cluster_4",
                    "value": 0.1111111111111111
                },
                {
                    "cluster": "cluster_5",
                    "value": 0.0
                },
                {
                    "cluster": "cluster_6",
                    "value": 0.0425531914893617
                },
                {
                    "cluster": "cluster_7",
                    "value": 0.06976744186046512
                }
            ]
        },
        {
            "variable": "B",
            "var": 12782.33,
            "values": [
                {
                    "cluster": "cluster_0",
                    "value": 390.353827160494
                },
                {
                    "cluster": "cluster_1",
                    "value": 315.3911764705883
                },
                {
                    "cluster": "cluster_2",
                    "value": 380.58330097087395
                },
                {
                    "cluster": "cluster_3",
                    "value": 387.71700000000004
                },
                {
                    "cluster": "cluster_4",
                    "value": 373.6593055555556
                },
                {
                    "cluster": "cluster_5",
                    "value": 58.230357142857144
                },
                {
                    "cluster": "cluster_6",
                    "value": 390.109574468085
                },
                {
                    "cluster": "cluster_7",
                    "value": 348.85023255813945
                }
            ]
        },
        {
            "variable": "TAX",
            "var": 33321.61,
            "values": [
                {
                    "cluster": "cluster_0",
                    "value": 290.9753086419753
                },
                {
                    "cluster": "cluster_1",
                    "value": 666.0
                },
                {
                    "cluster": "cluster_2",
                    "value": 314.4854368932039
                },
                {
                    "cluster": "cluster_3",
                    "value": 273.125
                },
                {
                    "cluster": "cluster_4",
                    "value": 666.0
                },
                {
                    "cluster": "cluster_5",
                    "value": 666.0
                },
                {
                    "cluster": "cluster_6",
                    "value": 318.2340425531915
                },
                {
                    "cluster": "cluster_7",
                    "value": 418.30232558139534
                }
            ]
        },
        {
            "variable": "CRIM",
            "var": 141.96,
            "values": [
                {
                    "cluster": "cluster_0",
                    "value": 0.2518436038713611
                },
                {
                    "cluster": "cluster_1",
                    "value": 34.75508823529412
                },
                {
                    "cluster": "cluster_2",
                    "value": 0.423126776139678
                },
                {
                    "cluster": "cluster_3",
                    "value": 0.6141566985596708
                },
                {
                    "cluster": "cluster_4",
                    "value": 7.713711748399634
                },
                {
                    "cluster": "cluster_5",
                    "value": 11.0067617122281
                },
                {
                    "cluster": "cluster_6",
                    "value": 0.35028055073986514
                },
                {
                    "cluster": "cluster_7",
                    "value": 1.2499120930232552
                }
            ]
        },
        {
            "variable": "PTRATIO",
            "var": 2.99,
            "values": [
                {
                    "cluster": "cluster_0",
                    "value": 18.302469135802475
                },
                {
                    "cluster": "cluster_1",
                    "value": 20.199999999999996
                },
                {
                    "cluster": "cluster_2",
                    "value": 18.831067961165058
                },
                {
                    "cluster": "cluster_3",
                    "value": 15.929999999999996
                },
                {
                    "cluster": "cluster_4",
                    "value": 20.200000000000028
                },
                {
                    "cluster": "cluster_5",
                    "value": 20.199999999999996
                },
                {
                    "cluster": "cluster_6",
                    "value": 16.278723404255313
                },
                {
                    "cluster": "cluster_7",
                    "value": 17.75581395348838
                }
            ]
        },
        {
            "variable": "MEDV",
            "var": 92.77,
            "values": [
                {
                    "cluster": "cluster_0",
                    "value": 23.617283950617278
                },
                {
                    "cluster": "cluster_1",
                    "value": 9.95294117647059
                },
                {
                    "cluster": "cluster_2",
                    "value": 20.68932038834951
                },
                {
                    "cluster": "cluster_3",
                    "value": 39.955
                },
                {
                    "cluster": "cluster_4",
                    "value": 19.34166666666666
                },
                {
                    "cluster": "cluster_5",
                    "value": 13.410714285714286
                },
                {
                    "cluster": "cluster_6",
                    "value": 30.874468085106376
                },
                {
                    "cluster": "cluster_7",
                    "value": 17.758139534883725
                }
            ]
        },
        {
            "variable": "DIS",
            "var": 4.05,
            "values": [
                {
                    "cluster": "cluster_0",
                    "value": 5.7399604938271604
                },
                {
                    "cluster": "cluster_1",
                    "value": 1.4840823529411769
                },
                {
                    "cluster": "cluster_2",
                    "value": 3.4904485436893222
                },
                {
                    "cluster": "cluster_3",
                    "value": 3.1110549999999995
                },
                {
                    "cluster": "cluster_4",
                    "value": 2.1972388888888883
                },
                {
                    "cluster": "cluster_5",
                    "value": 2.050292857142857
                },
                {
                    "cluster": "cluster_6",
                    "value": 7.069721276595746
                },
                {
                    "cluster": "cluster_7",
                    "value": 1.8626488372093022
                }
            ]
        },
        {
            "variable": "ZN",
            "var": 587.43,
            "values": [
                {
                    "cluster": "cluster_0",
                    "value": 11.882716049382717
                },
                {
                    "cluster": "cluster_1",
                    "value": 0.0
                },
                {
                    "cluster": "cluster_2",
                    "value": 1.266990291262136
                },
                {
                    "cluster": "cluster_3",
                    "value": 7.825
                },
                {
                    "cluster": "cluster_4",
                    "value": 0.0
                },
                {
                    "cluster": "cluster_5",
                    "value": 0.0
                },
                {
                    "cluster": "cluster_6",
                    "value": 70.36170212765957
                },
                {
                    "cluster": "cluster_7",
                    "value": 0.0
                }
            ]
        },
        {
            "variable": "INDUS",
            "var": 49.75,
            "values": [
                {
                    "cluster": "cluster_0",
                    "value": 6.471950414062898
                },
                {
                    "cluster": "cluster_1",
                    "value": 17.687293633502783
                },
                {
                    "cluster": "cluster_2",
                    "value": 8.779708338327543
                },
                {
                    "cluster": "cluster_3",
                    "value": 5.794499999999998
                },
                {
                    "cluster": "cluster_4",
                    "value": 17.807666323731134
                },
                {
                    "cluster": "cluster_5",
                    "value": 17.84942827748384
                },
                {
                    "cluster": "cluster_6",
                    "value": 3.2137868838105246
                },
                {
                    "cluster": "cluster_7",
                    "value": 21.62530194276965
                }
            ]
        },
        {
            "variable": "RAD",
            "var": 102.76,
            "values": [
                {
                    "cluster": "cluster_0",
                    "value": 4.679012345679013
                },
                {
                    "cluster": "cluster_1",
                    "value": 24.0
                },
                {
                    "cluster": "cluster_2",
                    "value": 4.592233009708738
                },
                {
                    "cluster": "cluster_3",
                    "value": 5.05
                },
                {
                    "cluster": "cluster_4",
                    "value": 24.0
                },
                {
                    "cluster": "cluster_5",
                    "value": 24.0
                },
                {
                    "cluster": "cluster_6",
                    "value": 3.6382978723404253
                },
                {
                    "cluster": "cluster_7",
                    "value": 4.186046511627907
                }
            ]
        },
        {
            "variable": "LSTAT",
            "var": 57.82,
            "values": [
                {
                    "cluster": "cluster_0",
                    "value": 8.643421734491692
                },
                {
                    "cluster": "cluster_1",
                    "value": 27.26705882352941
                },
                {
                    "cluster": "cluster_2",
                    "value": 13.754632626153661
                },
                {
                    "cluster": "cluster_3",
                    "value": 5.969771604938271
                },
                {
                    "cluster": "cluster_4",
                    "value": 15.544948559670782
                },
                {
                    "cluster": "cluster_5",
                    "value": 20.95714285714286
                },
                {
                    "cluster": "cluster_6",
                    "value": 5.547872340425532
                },
                {
                    "cluster": "cluster_7",
                    "value": 17.848139534883718
                }
            ]
        },
        {
            "variable": "NOX",
            "var": 0.01,
            "values": [
                {
                    "cluster": "cluster_0",
                    "value": 0.4560000000000002
                },
                {
                    "cluster": "cluster_1",
                    "value": 0.6798235294117647
                },
                {
                    "cluster": "cluster_2",
                    "value": 0.5246019417475724
                },
                {
                    "cluster": "cluster_3",
                    "value": 0.53104
                },
                {
                    "cluster": "cluster_4",
                    "value": 0.6732916666666665
                },
                {
                    "cluster": "cluster_5",
                    "value": 0.6725357142857143
                },
                {
                    "cluster": "cluster_6",
                    "value": 0.4166425531914893
                },
                {
                    "cluster": "cluster_7",
                    "value": 0.6816511627906978
                }
            ]
        },
        {
            "variable": "RM",
            "var": 0.5,
            "values": [
                {
                    "cluster": "cluster_0",
                    "value": 6.299135802469138
                },
                {
                    "cluster": "cluster_1",
                    "value": 5.198882352941177
                },
                {
                    "cluster": "cluster_2",
                    "value": 6.052563106796118
                },
                {
                    "cluster": "cluster_3",
                    "value": 7.5912500000000005
                },
                {
                    "cluster": "cluster_4",
                    "value": 6.179541666666664
                },
                {
                    "cluster": "cluster_5",
                    "value": 6.183714285714287
                },
                {
                    "cluster": "cluster_6",
                    "value": 6.842382978723406
                },
                {
                    "cluster": "cluster_7",
                    "value": 5.833627906976743
                }
            ]
        },
        {
            "variable": "AGE",
            "var": 639.43,
            "values": [
                {
                    "cluster": "cluster_0",
                    "value": 37.8
                },
                {
                    "cluster": "cluster_1",
                    "value": 96.42941176470588
                },
                {
                    "cluster": "cluster_2",
                    "value": 76.74070478245238
                },
                {
                    "cluster": "cluster_3",
                    "value": 72.50388888888888
                },
                {
                    "cluster": "cluster_4",
                    "value": 88.36023662551437
                },
                {
                    "cluster": "cluster_5",
                    "value": 89.1685185185185
                },
                {
                    "cluster": "cluster_6",
                    "value": 30.834436564223804
                },
                {
                    "cluster": "cluster_7",
                    "value": 92.9640826873385
                }
            ]
        },
        {
            "variable": "cluster_size",
            "var": 837.84,
            "values": [
                {
                    "cluster": "cluster_2",
                    "value": 103
                },
                {
                    "cluster": "cluster_0",
                    "value": 81
                },
                {
                    "cluster": "cluster_4",
                    "value": 72
                },
                {
                    "cluster": "cluster_6",
                    "value": 47
                },
                {
                    "cluster": "cluster_7",
                    "value": 43
                },
                {
                    "cluster": "cluster_3",
                    "value": 40
                },
                {
                    "cluster": "cluster_5",
                    "value": 28
                },
                {
                    "cluster": "cluster_1",
                    "value": 17
                }
            ]
        }
    ],
    "summary": {
        "clusters": []
    }
}