{"global": {"size": 431, "facts": [{"type": "numerical", "feature_label": "CRIM", "cluster_label": "cluster_3", "mean": 56.24572857142858, "std": 20.40771347993321, "diff": 5.996307296257973, "global_mean": 3.742854147355657, "global_std": 8.755867875023286}, {"type": "numerical", "feature_label": "PTRATIO", "cluster_label": "cluster_0", "mean": 14.199999999999996, "std": 0.7862453931068962, "diff": -1.95445995570029, "global_mean": 18.44849187935028, "global_std": 2.173742095333968}, {"type": "numerical", "feature_label": "INDUS", "cluster_label": "cluster_2", "mean": 24.142608695652168, "std": 2.515682118579199, "diff": 1.9111578554261375, "global_mean": 11.19228275710616, "global_std": 6.7761676000638}, {"type": "numerical", "feature_label": "RAD", "cluster_label": "cluster_3", "mean": 24.0, "std": 0.0, "diff": 1.6149334258185704, "global_mean": 9.77494199535963, "global_std": 8.808448557209122}, {"type": "numerical", "feature_label": "RAD", "cluster_label": "cluster_4", "mean": 24.0, "std": 0.0, "diff": 1.6149334258185704, "global_mean": 9.77494199535963, "global_std": 8.808448557209122}, {"type": "numerical", "feature_label": "TAX", "cluster_label": "cluster_3", "mean": 666.0, "std": 0.0, "diff": 1.4848729393217464, "global_mean": 412.41763341067286, "global_std": 170.77714858562737}, {"type": "numerical", "feature_label": "TAX", "cluster_label": "cluster_4", "mean": 666.0, "std": 0.0, "diff": 1.4848729393217464, "global_mean": 412.41763341067286, "global_std": 170.77714858562737}, {"type": "numerical", "feature_label": "PTRATIO", "cluster_label": "cluster_6", "mean": 15.564999999999998, "std": 1.130145483360139, "diff": -1.3265105761809652, "global_mean": 18.44849187935028, "global_std": 2.173742095333968}, {"type": "numerical", "feature_label": "NOX", "cluster_label": "cluster_0", "mean": 0.7091176470588233, "std": 0.12275518003163426, "diff": 1.3264813271823184, "global_mean": 0.5567744779582383, "global_std": 0.11484757906407088}, {"type": "numerical", "feature_label": "AGE", "cluster_label": "cluster_1", "mean": 34.24931506849315, "std": 16.3830800530411, "diff": -1.2738375690962689, "global_mean": 69.16676978602732, "global_std": 27.411230100794203}]}, "clusters": [{"cluster": "cluster_0", "size": 34, "facts": [{"type": "numerical", "feature_label": "PTRATIO", "cluster_label": "cluster_0", "mean": 14.199999999999996, "std": 0.7862453931068962, "diff": -1.95445995570029, "global_mean": 18.44849187935028, "global_std": 2.173742095333968}, {"type": "numerical", "feature_label": "NOX", "cluster_label": "cluster_0", "mean": 0.7091176470588233, "std": 0.12275518003163426, "diff": 1.3264813271823184, "global_mean": 0.5567744779582383, "global_std": 0.11484757906407088}, {"type": "numerical", "feature_label": "DIS", "cluster_label": "cluster_0", "mean": 1.906373529411765, "std": 0.33512004209149926, "diff": -0.8707673530662471, "global_mean": 3.7171805104408326, "global_std": 2.079553137416836}]}, {"cluster": "cluster_1", "size": 73, "facts": [{"type": "numerical", "feature_label": "AGE", "cluster_label": "cluster_1", "mean": 34.24931506849315, "std": 16.3830800530411, "diff": -1.2738375690962689, "global_mean": 69.16676978602732, "global_std": 27.411230100794203}, {"type": "numerical", "feature_label": "DIS", "cluster_label": "cluster_1", "mean": 6.044180821917808, "std": 1.8681008313300387, "diff": 1.1189905511948168, "global_mean": 3.7171805104408326, "global_std": 2.079553137416836}, {"type": "numerical", "feature_label": "NOX", "cluster_label": "cluster_1", "mean": 0.4532342465753425, "std": 0.03622184814590529, "diff": -0.9015447450148953, "global_mean": 0.5567744779582383, "global_std": 0.11484757906407088}]}, {"cluster": "cluster_2", "size": 23, "facts": [{"type": "numerical", "feature_label": "INDUS", "cluster_label": "cluster_2", "mean": 24.142608695652168, "std": 2.515682118579199, "diff": 1.9111578554261375, "global_mean": 11.19228275710616, "global_std": 6.7761676000638}, {"type": "numerical", "feature_label": "PTRATIO", "cluster_label": "cluster_2", "mean": 20.41304347826087, "std": 0.9111951930524521, "diff": 0.9037648040802945, "global_mean": 18.44849187935028, "global_std": 2.173742095333968}, {"type": "numerical", "feature_label": "DIS", "cluster_label": "cluster_2", "mean": 1.921260869565218, "std": 0.23121706593810856, "diff": -0.8636084399874758, "global_mean": 3.7171805104408326, "global_std": 2.079553137416836}]}, {"cluster": "cluster_3", "size": 7, "facts": [{"type": "numerical", "feature_label": "CRIM", "cluster_label": "cluster_3", "mean": 56.24572857142858, "std": 20.40771347993321, "diff": 5.996307296257973, "global_mean": 3.742854147355657, "global_std": 8.755867875023286}, {"type": "numerical", "feature_label": "RAD", "cluster_label": "cluster_3", "mean": 24.0, "std": 0.0, "diff": 1.6149334258185704, "global_mean": 9.77494199535963, "global_std": 8.808448557209122}, {"type": "numerical", "feature_label": "TAX", "cluster_label": "cluster_3", "mean": 666.0, "std": 0.0, "diff": 1.4848729393217464, "global_mean": 412.41763341067286, "global_std": 170.77714858562737}]}, {"cluster": "cluster_4", "size": 110, "facts": [{"type": "numerical", "feature_label": "RAD", "cluster_label": "cluster_4", "mean": 24.0, "std": 0.0, "diff": 1.6149334258185704, "global_mean": 9.77494199535963, "global_std": 8.808448557209122}, {"type": "numerical", "feature_label": "TAX", "cluster_label": "cluster_4", "mean": 666.0, "std": 0.0, "diff": 1.4848729393217464, "global_mean": 412.41763341067286, "global_std": 170.77714858562737}, {"type": "numerical", "feature_label": "NOX", "cluster_label": "cluster_4", "mean": 0.6733090909090916, "std": 0.06255811909913069, "diff": 1.014689329113688, "global_mean": 0.5567744779582383, "global_std": 0.11484757906407088}]}, {"cluster": "cluster_5", "size": 124, "facts": [{"type": "numerical", "feature_label": "TAX", "cluster_label": "cluster_5", "mean": 305.44354838709677, "std": 60.57049946296265, "diff": -0.6263957789993165, "global_mean": 412.41763341067286, "global_std": 170.77714858562737}, {"type": "numerical", "feature_label": "RAD", "cluster_label": "cluster_5", "mean": 4.637096774193548, "std": 1.7912827643278784, "diff": -0.5832860563125049, "global_mean": 9.77494199535963, "global_std": 8.808448557209122}, {"type": "numerical", "feature_label": "INDUS", "cluster_label": "cluster_5", "mean": 8.037338377804334, "std": 3.004456379842795, "diff": -0.46559420685995445, "global_mean": 11.19228275710616, "global_std": 6.7761676000638}]}, {"cluster": "cluster_6", "size": 60, "facts": [{"type": "numerical", "feature_label": "PTRATIO", "cluster_label": "cluster_6", "mean": 15.564999999999998, "std": 1.130145483360139, "diff": -1.3265105761809652, "global_mean": 18.44849187935028, "global_std": 2.173742095333968}, {"type": "numerical", "feature_label": "DIS", "cluster_label": "cluster_6", "mean": 6.335826666666668, "std": 1.5308698065807436, "diff": 1.259235029444184, "global_mean": 3.7171805104408326, "global_std": 2.079553137416836}, {"type": "numerical", "feature_label": "AGE", "cluster_label": "cluster_6", "mean": 35.90061728395061, "std": 16.6273388709442, "diff": -1.2135957554532681, "global_mean": 69.16676978602732, "global_std": 27.411230100794203}]}]}