{
    "metrics": {
        "inertia": 735.1131074732841,
        "silhouette": 0.37275826754030905,
        "nbClusters": 7
    },
    "processed_feature_names": [
        "TAX",
        "CRIM",
        "PTRATIO",
        "DIS",
        "INDUS",
        "RAD",
        "NOX",
        "AGE",
        "dummy:CHAS:0",
        "dummy:CHAS:N/A",
        "dummy:CHAS:__Others__"
    ],
    "variables_importance": {
        "variables": [
            "TAX",
            "CRIM",
            "PTRATIO",
            "DIS",
            "INDUS",
            "RAD",
            "NOX",
            "AGE",
            "dummy:CHAS:0",
            "dummy:CHAS:__Others__"
        ],
        "importances": [
            0.09169740707038977,
            0.106233580368041,
            0.16804706466443758,
            0.10707747523312924,
            0.12354428848339148,
            0.13343995845705184,
            0.12699303742257725,
            0.14119180072562806,
            0.0006816053150222939,
            0.0010937822603313881
        ]
    },
    "reduce_vars": [],
    "train_nb_records": 431,
    "train_nb_features": 11,
    "train_nb_outliers": 0,
    "cluster_description": [
        {
            "variable": "dummy:CHAS:0",
            "var": 0.0,
            "values": [
                {
                    "cluster": "cluster_0",
                    "value": 0.8529411764705882
                },
                {
                    "cluster": "cluster_1",
                    "value": 0.9726027397260274
                },
                {
                    "cluster": "cluster_2",
                    "value": 1.0
                },
                {
                    "cluster": "cluster_3",
                    "value": 1.0
                },
                {
                    "cluster": "cluster_4",
                    "value": 0.9272727272727272
                },
                {
                    "cluster": "cluster_5",
                    "value": 0.8790322580645161
                },
                {
                    "cluster": "cluster_6",
                    "value": 0.9666666666666667
                }
            ]
        },
        {
            "variable": "dummy:CHAS:N/A",
            "var": 0.0,
            "values": [
                {
                    "cluster": "cluster_0",
                    "value": 0.0
                },
                {
                    "cluster": "cluster_1",
                    "value": 0.0
                },
                {
                    "cluster": "cluster_2",
                    "value": 0.0
                },
                {
                    "cluster": "cluster_3",
                    "value": 0.0
                },
                {
                    "cluster": "cluster_4",
                    "value": 0.0
                },
                {
                    "cluster": "cluster_5",
                    "value": 0.0
                },
                {
                    "cluster": "cluster_6",
                    "value": 0.0
                }
            ]
        },
        {
            "variable": "dummy:CHAS:__Others__",
            "var": 0.0,
            "values": [
                {
                    "cluster": "cluster_0",
                    "value": 0.14705882352941177
                },
                {
                    "cluster": "cluster_1",
                    "value": 0.0273972602739726
                },
                {
                    "cluster": "cluster_2",
                    "value": 0.0
                },
                {
                    "cluster": "cluster_3",
                    "value": 0.0
                },
                {
                    "cluster": "cluster_4",
                    "value": 0.07272727272727272
                },
                {
                    "cluster": "cluster_5",
                    "value": 0.12096774193548387
                },
                {
                    "cluster": "cluster_6",
                    "value": 0.03333333333333333
                }
            ]
        },
        {
            "variable": "TAX",
            "var": 27616.7,
            "values": [
                {
                    "cluster": "cluster_0",
                    "value": 362.11764705882354
                },
                {
                    "cluster": "cluster_1",
                    "value": 291.3424657534247
                },
                {
                    "cluster": "cluster_2",
                    "value": 431.60869565217394
                },
                {
                    "cluster": "cluster_3",
                    "value": 666.0
                },
                {
                    "cluster": "cluster_4",
                    "value": 666.0
                },
                {
                    "cluster": "cluster_5",
                    "value": 305.44354838709677
                },
                {
                    "cluster": "cluster_6",
                    "value": 307.46666666666664
                }
            ]
        },
        {
            "variable": "CRIM",
            "var": 429.75,
            "values": [
                {
                    "cluster": "cluster_0",
                    "value": 1.7813568815056886
                },
                {
                    "cluster": "cluster_1",
                    "value": 0.18429827357799203
                },
                {
                    "cluster": "cluster_2",
                    "value": 0.4012517391304347
                },
                {
                    "cluster": "cluster_3",
                    "value": 56.24572857142858
                },
                {
                    "cluster": "cluster_4",
                    "value": 9.642663398428729
                },
                {
                    "cluster": "cluster_5",
                    "value": 0.40563533801274404
                },
                {
                    "cluster": "cluster_6",
                    "value": 0.420159730452675
                }
            ]
        },
        {
            "variable": "PTRATIO",
            "var": 6.1,
            "values": [
                {
                    "cluster": "cluster_0",
                    "value": 14.199999999999996
                },
                {
                    "cluster": "cluster_1",
                    "value": 18.990410958904114
                },
                {
                    "cluster": "cluster_2",
                    "value": 20.41304347826087
                },
                {
                    "cluster": "cluster_3",
                    "value": 20.2
                },
                {
                    "cluster": "cluster_4",
                    "value": 20.200000000000017
                },
                {
                    "cluster": "cluster_5",
                    "value": 18.67258064516128
                },
                {
                    "cluster": "cluster_6",
                    "value": 15.564999999999998
                }
            ]
        },
        {
            "variable": "DIS",
            "var": 4.16,
            "values": [
                {
                    "cluster": "cluster_0",
                    "value": 1.906373529411765
                },
                {
                    "cluster": "cluster_1",
                    "value": 6.044180821917808
                },
                {
                    "cluster": "cluster_2",
                    "value": 1.921260869565218
                },
                {
                    "cluster": "cluster_3",
                    "value": 1.608942857142857
                },
                {
                    "cluster": "cluster_4",
                    "value": 2.0870563636363633
                },
                {
                    "cluster": "cluster_5",
                    "value": 3.474883064516132
                },
                {
                    "cluster": "cluster_6",
                    "value": 6.335826666666668
                }
            ]
        },
        {
            "variable": "INDUS",
            "var": 54.16,
            "values": [
                {
                    "cluster": "cluster_0",
                    "value": 14.489058339385137
                },
                {
                    "cluster": "cluster_1",
                    "value": 6.14427363436496
                },
                {
                    "cluster": "cluster_2",
                    "value": 24.142608695652168
                },
                {
                    "cluster": "cluster_3",
                    "value": 18.099999999999998
                },
                {
                    "cluster": "cluster_4",
                    "value": 17.78109053497939
                },
                {
                    "cluster": "cluster_5",
                    "value": 8.037338377804334
                },
                {
                    "cluster": "cluster_6",
                    "value": 4.13639986282579
                }
            ]
        },
        {
            "variable": "RAD",
            "var": 92.16,
            "values": [
                {
                    "cluster": "cluster_0",
                    "value": 5.0
                },
                {
                    "cluster": "cluster_1",
                    "value": 4.684931506849315
                },
                {
                    "cluster": "cluster_2",
                    "value": 3.4782608695652173
                },
                {
                    "cluster": "cluster_3",
                    "value": 24.0
                },
                {
                    "cluster": "cluster_4",
                    "value": 24.0
                },
                {
                    "cluster": "cluster_5",
                    "value": 4.637096774193548
                },
                {
                    "cluster": "cluster_6",
                    "value": 3.966666666666667
                }
            ]
        },
        {
            "variable": "NOX",
            "var": 0.01,
            "values": [
                {
                    "cluster": "cluster_0",
                    "value": 0.7091176470588233
                },
                {
                    "cluster": "cluster_1",
                    "value": 0.4532342465753425
                },
                {
                    "cluster": "cluster_2",
                    "value": 0.6095217391304348
                },
                {
                    "cluster": "cluster_3",
                    "value": 0.6858571428571428
                },
                {
                    "cluster": "cluster_4",
                    "value": 0.6733090909090916
                },
                {
                    "cluster": "cluster_5",
                    "value": 0.5155080645161284
                },
                {
                    "cluster": "cluster_6",
                    "value": 0.4327783333333335
                }
            ]
        },
        {
            "variable": "AGE",
            "var": 710.96,
            "values": [
                {
                    "cluster": "cluster_0",
                    "value": 91.21873638344228
                },
                {
                    "cluster": "cluster_1",
                    "value": 34.24931506849315
                },
                {
                    "cluster": "cluster_2",
                    "value": 91.58421900161031
                },
                {
                    "cluster": "cluster_3",
                    "value": 93.71428571428571
                },
                {
                    "cluster": "cluster_4",
                    "value": 89.47232323232323
                },
                {
                    "cluster": "cluster_5",
                    "value": 76.21621863799284
                },
                {
                    "cluster": "cluster_6",
                    "value": 35.90061728395061
                }
            ]
        },
        {
            "variable": "cluster_size",
            "var": 1933.62,
            "values": [
                {
                    "cluster": "cluster_5",
                    "value": 124
                },
                {
                    "cluster": "cluster_4",
                    "value": 110
                },
                {
                    "cluster": "cluster_1",
                    "value": 73
                },
                {
                    "cluster": "cluster_6",
                    "value": 60
                },
                {
                    "cluster": "cluster_0",
                    "value": 34
                },
                {
                    "cluster": "cluster_2",
                    "value": 23
                },
                {
                    "cluster": "cluster_3",
                    "value": 7
                }
            ]
        }
    ],
    "summary": {
        "clusters": []
    }
}