{"global": {"size": 431, "facts": [{"type": "numerical", "feature_label": "CRIM", "cluster_label": "cluster_9", "mean": 76.81036666666667, "std": 10.903343970696945, "diff": 8.344976598806511, "global_mean": 3.742854147355657, "global_std": 8.755867875023286}, {"type": "categorical", "feature_label": "CHAS", "cluster_label": "cluster_7", "category_value": "1", "global_ratio": 0.07424593967517401, "current_ratio": 0.6111111111111112, "current_impact": 0.4193735498839907, "diff": -7.230902777777779}, {"type": "numerical", "feature_label": "B", "cluster_label": "cluster_6", "mean": 48.40423076923078, "std": 45.606266163594405, "diff": -3.3603953487116325, "global_mean": 356.2846867749414, "global_std": 91.62030774853658}, {"type": "numerical", "feature_label": "ZN", "cluster_label": "cluster_16", "mean": 86.16666666666667, "std": 8.60163328898037, "diff": 3.234083887396197, "global_mean": 10.935034802784223, "global_std": 23.262115171802925}, {"type": "numerical", "feature_label": "MEDV", "cluster_label": "cluster_13", "mean": 50.0, "std": 0.0, "diff": 2.8664217677258432, "global_mean": 22.724361948955938, "global_std": 9.515570373540653}, {"type": "numerical", "feature_label": "NOX", "cluster_label": "cluster_17", "mean": 0.8710000000000003, "std": 3.493235195007277e-16, "diff": 2.7360221660960105, "global_mean": 0.5567744779582383, "global_std": 0.11484757906407088}, {"type": "numerical", "feature_label": "ZN", "cluster_label": "cluster_10", "mean": 73.875, "std": 11.164882680223643, "diff": 2.7056853915635406, "global_mean": 10.935034802784223, "global_std": 23.262115171802925}, {"type": "numerical", "feature_label": "PTRATIO", "cluster_label": "cluster_8", "mean": 13.485714285714286, "std": 0.7969722925954418, "diff": -2.2830572238945965, "global_mean": 18.44849187935028, "global_std": 2.173742095333968}, {"type": "numerical", "feature_label": "CRIM", "cluster_label": "cluster_11", "mean": 22.276197368421055, "std": 10.388127342527913, "diff": 2.1166768943525325, "global_mean": 3.742854147355657, "global_std": 8.755867875023286}, {"type": "numerical", "feature_label": "MEDV", "cluster_label": "cluster_8", "mean": 42.478571428571435, "std": 7.591308650882733, "diff": 2.0759879549149027, "global_mean": 22.724361948955938, "global_std": 9.515570373540653}]}, "clusters": [{"cluster": "cluster_0", "size": 23, "facts": [{"type": "numerical", "feature_label": "ZN", "cluster_label": "cluster_0", "mean": 36.52173913043478, "std": 14.00606870161318, "diff": 1.0999302573596306, "global_mean": 10.935034802784223, "global_std": 23.262115171802925}, {"type": "numerical", "feature_label": "PTRATIO", "cluster_label": "cluster_0", "mean": 16.160869565217393, "std": 1.160618616567273, "diff": -1.0523890203181723, "global_mean": 18.44849187935028, "global_std": 2.173742095333968}, {"type": "numerical", "feature_label": "AGE", "cluster_label": "cluster_0", "mean": 40.47117552334944, "std": 15.26098062258583, "diff": -1.0468554004019857, "global_mean": 69.16676978602732, "global_std": 27.411230100794203}]}, {"cluster": "cluster_1", "size": 49, "facts": [{"type": "numerical", "feature_label": "RAD", "cluster_label": "cluster_1", "mean": 24.0, "std": 0.0, "diff": 1.6149334258185704, "global_mean": 9.77494199535963, "global_std": 8.808448557209122}, {"type": "numerical", "feature_label": "TAX", "cluster_label": "cluster_1", "mean": 666.0, "std": 0.0, "diff": 1.4848729393217464, "global_mean": 412.41763341067286, "global_std": 170.77714858562737}, {"type": "numerical", "feature_label": "NOX", "cluster_label": "cluster_1", "mean": 0.7036734693877552, "std": 0.050267363399419035, "diff": 1.2790778232039637, "global_mean": 0.5567744779582383, "global_std": 0.11484757906407088}]}, {"cluster": "cluster_2", "size": 29, "facts": [{"type": "numerical", "feature_label": "PTRATIO", "cluster_label": "cluster_2", "mean": 20.90344827586206, "std": 0.34998240631360866, "diff": 1.129368751601882, "global_mean": 18.44849187935028, "global_std": 2.173742095333968}, {"type": "numerical", "feature_label": "RAD", "cluster_label": "cluster_2", "mean": 3.8275862068965516, "std": 1.3111871806344428, "diff": -0.6751876621446087, "global_mean": 9.77494199535963, "global_std": 8.808448557209122}, {"type": "numerical", "feature_label": "AGE", "cluster_label": "cluster_2", "mean": 86.36679438058749, "std": 10.414486449452912, "diff": 0.6274809459959927, "global_mean": 69.16676978602732, "global_std": 27.411230100794203}]}, {"cluster": "cluster_3", "size": 15, "facts": [{"type": "numerical", "feature_label": "DIS", "cluster_label": "cluster_3", "mean": 7.86652, "std": 1.0099721327131472, "diff": 1.9953034211539138, "global_mean": 3.7171805104408326, "global_std": 2.079553137416836}, {"type": "numerical", "feature_label": "AGE", "cluster_label": "cluster_3", "mean": 31.119999999999997, "std": 19.397098457538142, "diff": -1.3879993581508392, "global_mean": 69.16676978602732, "global_std": 27.411230100794203}, {"type": "numerical", "feature_label": "NOX", "cluster_label": "cluster_3", "mean": 0.4341400000000001, "std": 0.010797208633981023, "diff": -1.0678020290686598, "global_mean": 0.5567744779582383, "global_std": 0.11484757906407088}]}, {"cluster": "cluster_4", "size": 30, "facts": [{"type": "numerical", "feature_label": "RM", "cluster_label": "cluster_4", "mean": 7.375566666666668, "std": 0.6266968514985223, "diff": 1.462720239280416, "global_mean": 6.302051044083534, "global_std": 0.7339172548205453}, {"type": "numerical", "feature_label": "MEDV", "cluster_label": "cluster_4", "mean": 36.02, "std": 7.5022019756041365, "diff": 1.3972507720624303, "global_mean": 22.724361948955938, "global_std": 9.515570373540653}, {"type": "numerical", "feature_label": "INDUS", "cluster_label": "cluster_4", "mean": 4.577666666666669, "std": 1.8072033706776074, "diff": -0.9761588674957231, "global_mean": 11.19228275710616, "global_std": 6.7761676000638}]}, {"cluster": "cluster_5", "size": 60, "facts": [{"type": "numerical", "feature_label": "AGE", "cluster_label": "cluster_5", "mean": 37.79333333333333, "std": 16.98015658096604, "diff": -1.144546827607893, "global_mean": 69.16676978602732, "global_std": 27.411230100794203}, {"type": "numerical", "feature_label": "NOX", "cluster_label": "cluster_5", "mean": 0.46494833333333335, "std": 0.037283215161361315, "diff": -0.799547934516558, "global_mean": 0.5567744779582383, "global_std": 0.11484757906407088}, {"type": "numerical", "feature_label": "DIS", "cluster_label": "cluster_5", "mean": 5.284828333333334, "std": 1.1262619232186137, "diff": 0.7538387909816967, "global_mean": 3.7171805104408326, "global_std": 2.079553137416836}]}, {"cluster": "cluster_6", "size": 26, "facts": [{"type": "numerical", "feature_label": "B", "cluster_label": "cluster_6", "mean": 48.40423076923078, "std": 45.606266163594405, "diff": -3.3603953487116325, "global_mean": 356.2846867749414, "global_std": 91.62030774853658}, {"type": "numerical", "feature_label": "RAD", "cluster_label": "cluster_6", "mean": 24.0, "std": 0.0, "diff": 1.6149334258185704, "global_mean": 9.77494199535963, "global_std": 8.808448557209122}, {"type": "numerical", "feature_label": "TAX", "cluster_label": "cluster_6", "mean": 666.0, "std": 0.0, "diff": 1.4848729393217464, "global_mean": 412.41763341067286, "global_std": 170.77714858562737}]}, {"cluster": "cluster_7", "size": 18, "facts": [{"type": "categorical", "feature_label": "CHAS", "cluster_label": "cluster_7", "category_value": "1", "global_ratio": 0.07424593967517401, "current_ratio": 0.6111111111111112, "current_impact": 0.4193735498839907, "diff": -7.230902777777779}, {"type": "numerical", "feature_label": "TAX", "cluster_label": "cluster_7", "mean": 281.27777777777777, "std": 29.29325470550908, "diff": -0.7679004873836607, "global_mean": 412.41763341067286, "global_std": 170.77714858562737}, {"type": "numerical", "feature_label": "LSTAT", "cluster_label": "cluster_7", "mean": 18.349999999999998, "std": 5.820823673269455, "diff": 0.752038834363724, "global_mean": 12.884991836383959, "global_std": 7.2669228155482255}]}, {"cluster": "cluster_8", "size": 14, "facts": [{"type": "numerical", "feature_label": "PTRATIO", "cluster_label": "cluster_8", "mean": 13.485714285714286, "std": 0.7969722925954418, "diff": -2.2830572238945965, "global_mean": 18.44849187935028, "global_std": 2.173742095333968}, {"type": "numerical", "feature_label": "MEDV", "cluster_label": "cluster_8", "mean": 42.478571428571435, "std": 7.591308650882733, "diff": 2.0759879549149027, "global_mean": 22.724361948955938, "global_std": 9.515570373540653}, {"type": "numerical", "feature_label": "RM", "cluster_label": "cluster_8", "mean": 7.680071428571428, "std": 0.5723330746616418, "diff": 1.8776236359572207, "global_mean": 6.302051044083534, "global_std": 0.7339172548205453}]}, {"cluster": "cluster_9", "size": 3, "facts": [{"type": "numerical", "feature_label": "CRIM", "cluster_label": "cluster_9", "mean": 76.81036666666667, "std": 10.903343970696945, "diff": 8.344976598806511, "global_mean": 3.742854147355657, "global_std": 8.755867875023286}, {"type": "numerical", "feature_label": "RAD", "cluster_label": "cluster_9", "mean": 24.0, "std": 0.0, "diff": 1.6149334258185704, "global_mean": 9.77494199535963, "global_std": 8.808448557209122}, {"type": "numerical", "feature_label": "MEDV", "cluster_label": "cluster_9", "mean": 8.066666666666668, "std": 2.7736858750286295, "diff": -1.5403906131625067, "global_mean": 22.724361948955938, "global_std": 9.515570373540653}]}, {"cluster": "cluster_10", "size": 20, "facts": [{"type": "numerical", "feature_label": "ZN", "cluster_label": "cluster_10", "mean": 73.875, "std": 11.164882680223643, "diff": 2.7056853915635406, "global_mean": 10.935034802784223, "global_std": 23.262115171802925}, {"type": "numerical", "feature_label": "DIS", "cluster_label": "cluster_10", "mean": 7.962655, "std": 2.024934866652311, "diff": 2.041532102821272, "global_mean": 3.7171805104408326, "global_std": 2.079553137416836}, {"type": "numerical", "feature_label": "AGE", "cluster_label": "cluster_10", "mean": 29.905, "std": 9.85988550163049, "diff": -1.4323242569434984, "global_mean": 69.16676978602732, "global_std": 27.411230100794203}]}, {"cluster": "cluster_11", "size": 19, "facts": [{"type": "numerical", "feature_label": "CRIM", "cluster_label": "cluster_11", "mean": 22.276197368421055, "std": 10.388127342527913, "diff": 2.1166768943525325, "global_mean": 3.742854147355657, "global_std": 8.755867875023286}, {"type": "numerical", "feature_label": "LSTAT", "cluster_label": "cluster_11", "mean": 27.389999999999997, "std": 6.146460589459415, "diff": 1.9960316810550522, "global_mean": 12.884991836383959, "global_std": 7.2669228155482255}, {"type": "numerical", "feature_label": "RM", "cluster_label": "cluster_11", "mean": 5.035894736842107, "std": 0.654397338925658, "diff": -1.7252030783102688, "global_mean": 6.302051044083534, "global_std": 0.7339172548205453}]}, {"cluster": "cluster_12", "size": 46, "facts": [{"type": "numerical", "feature_label": "RAD", "cluster_label": "cluster_12", "mean": 4.804347826086956, "std": 1.2757492825332335, "diff": -0.5642984842324562, "global_mean": 9.77494199535963, "global_std": 8.808448557209122}, {"type": "numerical", "feature_label": "TAX", "cluster_label": "cluster_12", "mean": 332.7826086956522, "std": 67.97186118566624, "diff": -0.46630960508801217, "global_mean": 412.41763341067286, "global_std": 170.77714858562737}, {"type": "numerical", "feature_label": "ZN", "cluster_label": "cluster_12", "mean": 0.6086956521739131, "std": 4.128374772337119, "diff": -0.4439123043775201, "global_mean": 10.935034802784223, "global_std": 23.262115171802925}]}, {"cluster": "cluster_13", "size": 5, "facts": [{"type": "numerical", "feature_label": "MEDV", "cluster_label": "cluster_13", "mean": 50.0, "std": 0.0, "diff": 2.8664217677258432, "global_mean": 22.724361948955938, "global_std": 9.515570373540653}, {"type": "numerical", "feature_label": "RAD", "cluster_label": "cluster_13", "mean": 24.0, "std": 0.0, "diff": 1.6149334258185704, "global_mean": 9.77494199535963, "global_std": 8.808448557209122}, {"type": "numerical", "feature_label": "TAX", "cluster_label": "cluster_13", "mean": 666.0, "std": 0.0, "diff": 1.4848729393217464, "global_mean": 412.41763341067286, "global_std": 170.77714858562737}]}, {"cluster": "cluster_14", "size": 23, "facts": [{"type": "numerical", "feature_label": "INDUS", "cluster_label": "cluster_14", "mean": 24.142608695652168, "std": 2.515682118579199, "diff": 1.9111578554261375, "global_mean": 11.19228275710616, "global_std": 6.7761676000638}, {"type": "numerical", "feature_label": "PTRATIO", "cluster_label": "cluster_14", "mean": 20.41304347826087, "std": 0.9111951930524521, "diff": 0.9037648040802945, "global_mean": 18.44849187935028, "global_std": 2.173742095333968}, {"type": "numerical", "feature_label": "DIS", "cluster_label": "cluster_14", "mean": 1.921260869565218, "std": 0.23121706593810856, "diff": -0.8636084399874758, "global_mean": 3.7171805104408326, "global_std": 2.079553137416836}]}, {"cluster": "cluster_15", "size": 15, "facts": [{"type": "numerical", "feature_label": "RAD", "cluster_label": "cluster_15", "mean": 24.0, "std": 0.0, "diff": 1.6149334258185704, "global_mean": 9.77494199535963, "global_std": 8.808448557209122}, {"type": "numerical", "feature_label": "TAX", "cluster_label": "cluster_15", "mean": 666.0, "std": 0.0, "diff": 1.4848729393217464, "global_mean": 412.41763341067286, "global_std": 170.77714858562737}, {"type": "numerical", "feature_label": "INDUS", "cluster_label": "cluster_15", "mean": 18.099999999999998, "std": 3.677408027917051e-15, "diff": 1.0194135757251341, "global_mean": 11.19228275710616, "global_std": 6.7761676000638}]}, {"cluster": "cluster_16", "size": 15, "facts": [{"type": "numerical", "feature_label": "ZN", "cluster_label": "cluster_16", "mean": 86.16666666666667, "std": 8.60163328898037, "diff": 3.234083887396197, "global_mean": 10.935034802784223, "global_std": 23.262115171802925}, {"type": "numerical", "feature_label": "MEDV", "cluster_label": "cluster_16", "mean": 38.6, "std": 7.9384237370255955, "diff": 1.6683853334938754, "global_mean": 22.724361948955938, "global_std": 9.515570373540653}, {"type": "numerical", "feature_label": "PTRATIO", "cluster_label": "cluster_16", "mean": 14.946666666666665, "std": 1.7743677613113218, "diff": -1.6109662780145046, "global_mean": 18.44849187935028, "global_std": 2.173742095333968}]}, {"cluster": "cluster_17", "size": 11, "facts": [{"type": "numerical", "feature_label": "NOX", "cluster_label": "cluster_17", "mean": 0.8710000000000003, "std": 3.493235195007277e-16, "diff": 2.7360221660960105, "global_mean": 0.5567744779582383, "global_std": 0.11484757906407088}, {"type": "numerical", "feature_label": "PTRATIO", "cluster_label": "cluster_17", "mean": 14.7, "std": 0.0, "diff": -1.7244418679642723, "global_mean": 18.44849187935028, "global_std": 2.173742095333968}, {"type": "numerical", "feature_label": "LSTAT", "cluster_label": "cluster_17", "mean": 22.13363636363636, "std": 6.89017165639184, "diff": 1.272704384235939, "global_mean": 12.884991836383959, "global_std": 7.2669228155482255}]}, {"cluster": "cluster_18", "size": 10, "facts": [{"type": "numerical", "feature_label": "PTRATIO", "cluster_label": "cluster_18", "mean": 14.530000000000001, "std": 0.5375872022286242, "diff": -1.802648017794517, "global_mean": 18.44849187935028, "global_std": 2.173742095333968}, {"type": "numerical", "feature_label": "INDUS", "cluster_label": "cluster_18", "mean": 18.019, "std": 4.93631542752284, "diff": 1.0074599162555489, "global_mean": 11.19228275710616, "global_std": 6.7761676000638}, {"type": "numerical", "feature_label": "AGE", "cluster_label": "cluster_18", "mean": 90.8, "std": 11.482450377278653, "diff": 0.7892104854260403, "global_mean": 69.16676978602732, "global_std": 27.411230100794203}]}]}