{
    "metrics": {
        "inertia": 1044.6808591015201,
        "silhouette": 0.22788764806815226,
        "nbClusters": 19
    },
    "processed_feature_names": [
        "B",
        "TAX",
        "CRIM",
        "PTRATIO",
        "MEDV",
        "DIS",
        "ZN",
        "INDUS",
        "RAD",
        "LSTAT",
        "NOX",
        "RM",
        "AGE",
        "dummy:CHAS:0",
        "dummy:CHAS:N/A",
        "dummy:CHAS:__Others__"
    ],
    "variables_importance": {
        "variables": [
            "B",
            "TAX",
            "CRIM",
            "PTRATIO",
            "MEDV",
            "DIS",
            "ZN",
            "INDUS",
            "RAD",
            "LSTAT",
            "NOX",
            "RM",
            "AGE",
            "dummy:CHAS:0",
            "dummy:CHAS:__Others__"
        ],
        "importances": [
            0.07020484467863972,
            0.04564744907296733,
            0.0684686877902622,
            0.08313570689837041,
            0.07636931498049189,
            0.11790364211672288,
            0.06409282839799989,
            0.07230889940287238,
            0.05060918374573002,
            0.06611346784118731,
            0.09939279259466023,
            0.08554145805339256,
            0.07924297662905982,
            0.010136613182583708,
            0.010832134615059599
        ]
    },
    "reduce_vars": [],
    "train_nb_records": 431,
    "train_nb_features": 16,
    "train_nb_outliers": 0,
    "cluster_description": [
        {
            "variable": "dummy:CHAS:0",
            "var": 0.03,
            "values": [
                {
                    "cluster": "cluster_0",
                    "value": 0.8695652173913043
                },
                {
                    "cluster": "cluster_1",
                    "value": 0.9183673469387755
                },
                {
                    "cluster": "cluster_10",
                    "value": 1.0
                },
                {
                    "cluster": "cluster_11",
                    "value": 1.0
                },
                {
                    "cluster": "cluster_12",
                    "value": 1.0
                },
                {
                    "cluster": "cluster_13",
                    "value": 0.4
                },
                {
                    "cluster": "cluster_14",
                    "value": 1.0
                },
                {
                    "cluster": "cluster_15",
                    "value": 0.9333333333333333
                },
                {
                    "cluster": "cluster_16",
                    "value": 0.9333333333333333
                },
                {
                    "cluster": "cluster_17",
                    "value": 0.8181818181818182
                },
                {
                    "cluster": "cluster_18",
                    "value": 0.9
                },
                {
                    "cluster": "cluster_2",
                    "value": 1.0
                },
                {
                    "cluster": "cluster_3",
                    "value": 1.0
                },
                {
                    "cluster": "cluster_4",
                    "value": 0.8666666666666667
                },
                {
                    "cluster": "cluster_5",
                    "value": 1.0
                },
                {
                    "cluster": "cluster_6",
                    "value": 1.0
                },
                {
                    "cluster": "cluster_7",
                    "value": 0.3888888888888889
                },
                {
                    "cluster": "cluster_8",
                    "value": 0.8571428571428571
                },
                {
                    "cluster": "cluster_9",
                    "value": 1.0
                }
            ]
        },
        {
            "variable": "dummy:CHAS:N/A",
            "var": 0.0,
            "values": [
                {
                    "cluster": "cluster_0",
                    "value": 0.0
                },
                {
                    "cluster": "cluster_1",
                    "value": 0.0
                },
                {
                    "cluster": "cluster_10",
                    "value": 0.0
                },
                {
                    "cluster": "cluster_11",
                    "value": 0.0
                },
                {
                    "cluster": "cluster_12",
                    "value": 0.0
                },
                {
                    "cluster": "cluster_13",
                    "value": 0.0
                },
                {
                    "cluster": "cluster_14",
                    "value": 0.0
                },
                {
                    "cluster": "cluster_15",
                    "value": 0.0
                },
                {
                    "cluster": "cluster_16",
                    "value": 0.0
                },
                {
                    "cluster": "cluster_17",
                    "value": 0.0
                },
                {
                    "cluster": "cluster_18",
                    "value": 0.0
                },
                {
                    "cluster": "cluster_2",
                    "value": 0.0
                },
                {
                    "cluster": "cluster_3",
                    "value": 0.0
                },
                {
                    "cluster": "cluster_4",
                    "value": 0.0
                },
                {
                    "cluster": "cluster_5",
                    "value": 0.0
                },
                {
                    "cluster": "cluster_6",
                    "value": 0.0
                },
                {
                    "cluster": "cluster_7",
                    "value": 0.0
                },
                {
                    "cluster": "cluster_8",
                    "value": 0.0
                },
                {
                    "cluster": "cluster_9",
                    "value": 0.0
                }
            ]
        },
        {
            "variable": "dummy:CHAS:__Others__",
            "var": 0.03,
            "values": [
                {
                    "cluster": "cluster_0",
                    "value": 0.13043478260869565
                },
                {
                    "cluster": "cluster_1",
                    "value": 0.08163265306122448
                },
                {
                    "cluster": "cluster_10",
                    "value": 0.0
                },
                {
                    "cluster": "cluster_11",
                    "value": 0.0
                },
                {
                    "cluster": "cluster_12",
                    "value": 0.0
                },
                {
                    "cluster": "cluster_13",
                    "value": 0.6
                },
                {
                    "cluster": "cluster_14",
                    "value": 0.0
                },
                {
                    "cluster": "cluster_15",
                    "value": 0.06666666666666667
                },
                {
                    "cluster": "cluster_16",
                    "value": 0.06666666666666667
                },
                {
                    "cluster": "cluster_17",
                    "value": 0.18181818181818182
                },
                {
                    "cluster": "cluster_18",
                    "value": 0.1
                },
                {
                    "cluster": "cluster_2",
                    "value": 0.0
                },
                {
                    "cluster": "cluster_3",
                    "value": 0.0
                },
                {
                    "cluster": "cluster_4",
                    "value": 0.13333333333333333
                },
                {
                    "cluster": "cluster_5",
                    "value": 0.0
                },
                {
                    "cluster": "cluster_6",
                    "value": 0.0
                },
                {
                    "cluster": "cluster_7",
                    "value": 0.6111111111111112
                },
                {
                    "cluster": "cluster_8",
                    "value": 0.14285714285714285
                },
                {
                    "cluster": "cluster_9",
                    "value": 0.0
                }
            ]
        },
        {
            "variable": "B",
            "var": 6570.37,
            "values": [
                {
                    "cluster": "cluster_0",
                    "value": 390.731304347826
                },
                {
                    "cluster": "cluster_1",
                    "value": 370.418775510204
                },
                {
                    "cluster": "cluster_10",
                    "value": 390.5634999999999
                },
                {
                    "cluster": "cluster_11",
                    "value": 316.832105263158
                },
                {
                    "cluster": "cluster_12",
                    "value": 390.0810869565218
                },
                {
                    "cluster": "cluster_13",
                    "value": 371.38599999999997
                },
                {
                    "cluster": "cluster_14",
                    "value": 378.24652173913046
                },
                {
                    "cluster": "cluster_15",
                    "value": 387.432
                },
                {
                    "cluster": "cluster_16",
                    "value": 388.88400000000007
                },
                {
                    "cluster": "cluster_17",
                    "value": 309.6027272727273
                },
                {
                    "cluster": "cluster_18",
                    "value": 328.766
                },
                {
                    "cluster": "cluster_2",
                    "value": 360.3103448275863
                },
                {
                    "cluster": "cluster_3",
                    "value": 390.0233333333333
                },
                {
                    "cluster": "cluster_4",
                    "value": 388.1546666666666
                },
                {
                    "cluster": "cluster_5",
                    "value": 388.5976666666667
                },
                {
                    "cluster": "cluster_6",
                    "value": 48.40423076923078
                },
                {
                    "cluster": "cluster_7",
                    "value": 391.28944444444437
                },
                {
                    "cluster": "cluster_8",
                    "value": 385.14500000000004
                },
                {
                    "cluster": "cluster_9",
                    "value": 266.1066666666667
                }
            ]
        },
        {
            "variable": "TAX",
            "var": 28126.23,
            "values": [
                {
                    "cluster": "cluster_0",
                    "value": 309.4347826086956
                },
                {
                    "cluster": "cluster_1",
                    "value": 666.0
                },
                {
                    "cluster": "cluster_10",
                    "value": 321.85
                },
                {
                    "cluster": "cluster_11",
                    "value": 666.0
                },
                {
                    "cluster": "cluster_12",
                    "value": 332.7826086956522
                },
                {
                    "cluster": "cluster_13",
                    "value": 666.0
                },
                {
                    "cluster": "cluster_14",
                    "value": 431.60869565217394
                },
                {
                    "cluster": "cluster_15",
                    "value": 666.0
                },
                {
                    "cluster": "cluster_16",
                    "value": 283.93333333333334
                },
                {
                    "cluster": "cluster_17",
                    "value": 403.0
                },
                {
                    "cluster": "cluster_18",
                    "value": 389.1
                },
                {
                    "cluster": "cluster_2",
                    "value": 322.1034482758621
                },
                {
                    "cluster": "cluster_3",
                    "value": 302.8
                },
                {
                    "cluster": "cluster_4",
                    "value": 266.4
                },
                {
                    "cluster": "cluster_5",
                    "value": 287.8
                },
                {
                    "cluster": "cluster_6",
                    "value": 666.0
                },
                {
                    "cluster": "cluster_7",
                    "value": 281.27777777777777
                },
                {
                    "cluster": "cluster_8",
                    "value": 303.7142857142857
                },
                {
                    "cluster": "cluster_9",
                    "value": 666.0
                }
            ]
        },
        {
            "variable": "CRIM",
            "var": 313.59,
            "values": [
                {
                    "cluster": "cluster_0",
                    "value": 0.5357879092860977
                },
                {
                    "cluster": "cluster_1",
                    "value": 7.897169630889391
                },
                {
                    "cluster": "cluster_10",
                    "value": 0.21676219855967077
                },
                {
                    "cluster": "cluster_11",
                    "value": 22.276197368421055
                },
                {
                    "cluster": "cluster_12",
                    "value": 0.330590955895509
                },
                {
                    "cluster": "cluster_13",
                    "value": 6.509680794238685
                },
                {
                    "cluster": "cluster_14",
                    "value": 0.4012517391304347
                },
                {
                    "cluster": "cluster_15",
                    "value": 6.623978666666667
                },
                {
                    "cluster": "cluster_16",
                    "value": 0.26405626474622773
                },
                {
                    "cluster": "cluster_17",
                    "value": 2.404149090909091
                },
                {
                    "cluster": "cluster_18",
                    "value": 1.8833410000000002
                },
                {
                    "cluster": "cluster_2",
                    "value": 0.5982368965517239
                },
                {
                    "cluster": "cluster_3",
                    "value": 0.1389546666666667
                },
                {
                    "cluster": "cluster_4",
                    "value": 0.3571971323731139
                },
                {
                    "cluster": "cluster_5",
                    "value": 0.25590579903978045
                },
                {
                    "cluster": "cluster_6",
                    "value": 10.84095492086103
                },
                {
                    "cluster": "cluster_7",
                    "value": 0.3939885539551897
                },
                {
                    "cluster": "cluster_8",
                    "value": 1.1305417122281012
                },
                {
                    "cluster": "cluster_9",
                    "value": 76.81036666666667
                }
            ]
        },
        {
            "variable": "PTRATIO",
            "var": 5.61,
            "values": [
                {
                    "cluster": "cluster_0",
                    "value": 16.160869565217393
                },
                {
                    "cluster": "cluster_1",
                    "value": 20.200000000000017
                },
                {
                    "cluster": "cluster_10",
                    "value": 17.335
                },
                {
                    "cluster": "cluster_11",
                    "value": 20.199999999999996
                },
                {
                    "cluster": "cluster_12",
                    "value": 18.265217391304354
                },
                {
                    "cluster": "cluster_13",
                    "value": 20.2
                },
                {
                    "cluster": "cluster_14",
                    "value": 20.41304347826087
                },
                {
                    "cluster": "cluster_15",
                    "value": 20.199999999999996
                },
                {
                    "cluster": "cluster_16",
                    "value": 14.946666666666665
                },
                {
                    "cluster": "cluster_17",
                    "value": 14.7
                },
                {
                    "cluster": "cluster_18",
                    "value": 14.530000000000001
                },
                {
                    "cluster": "cluster_2",
                    "value": 20.90344827586206
                },
                {
                    "cluster": "cluster_3",
                    "value": 18.939999999999998
                },
                {
                    "cluster": "cluster_4",
                    "value": 17.563333333333325
                },
                {
                    "cluster": "cluster_5",
                    "value": 18.446666666666676
                },
                {
                    "cluster": "cluster_6",
                    "value": 20.199999999999992
                },
                {
                    "cluster": "cluster_7",
                    "value": 17.544444444444444
                },
                {
                    "cluster": "cluster_8",
                    "value": 13.485714285714286
                },
                {
                    "cluster": "cluster_9",
                    "value": 20.2
                }
            ]
        },
        {
            "variable": "MEDV",
            "var": 124.26,
            "values": [
                {
                    "cluster": "cluster_0",
                    "value": 31.665217391304356
                },
                {
                    "cluster": "cluster_1",
                    "value": 16.057142857142857
                },
                {
                    "cluster": "cluster_10",
                    "value": 23.830000000000005
                },
                {
                    "cluster": "cluster_11",
                    "value": 10.889473684210529
                },
                {
                    "cluster": "cluster_12",
                    "value": 21.29782608695652
                },
                {
                    "cluster": "cluster_13",
                    "value": 50.0
                },
                {
                    "cluster": "cluster_14",
                    "value": 16.456521739130437
                },
                {
                    "cluster": "cluster_15",
                    "value": 21.853333333333335
                },
                {
                    "cluster": "cluster_16",
                    "value": 38.6
                },
                {
                    "cluster": "cluster_17",
                    "value": 15.799999999999999
                },
                {
                    "cluster": "cluster_18",
                    "value": 23.410000000000004
                },
                {
                    "cluster": "cluster_2",
                    "value": 17.86896551724138
                },
                {
                    "cluster": "cluster_3",
                    "value": 26.793333333333337
                },
                {
                    "cluster": "cluster_4",
                    "value": 36.02
                },
                {
                    "cluster": "cluster_5",
                    "value": 22.34
                },
                {
                    "cluster": "cluster_6",
                    "value": 13.138461538461538
                },
                {
                    "cluster": "cluster_7",
                    "value": 20.616666666666667
                },
                {
                    "cluster": "cluster_8",
                    "value": 42.478571428571435
                },
                {
                    "cluster": "cluster_9",
                    "value": 8.066666666666668
                }
            ]
        },
        {
            "variable": "DIS",
            "var": 4.72,
            "values": [
                {
                    "cluster": "cluster_0",
                    "value": 5.306639130434783
                },
                {
                    "cluster": "cluster_1",
                    "value": 2.0611387755102046
                },
                {
                    "cluster": "cluster_10",
                    "value": 7.962655
                },
                {
                    "cluster": "cluster_11",
                    "value": 1.545378947368421
                },
                {
                    "cluster": "cluster_12",
                    "value": 3.1990369565217383
                },
                {
                    "cluster": "cluster_13",
                    "value": 1.23806
                },
                {
                    "cluster": "cluster_14",
                    "value": 1.921260869565218
                },
                {
                    "cluster": "cluster_15",
                    "value": 3.0429333333333335
                },
                {
                    "cluster": "cluster_16",
                    "value": 6.767566666666665
                },
                {
                    "cluster": "cluster_17",
                    "value": 1.5182545454545455
                },
                {
                    "cluster": "cluster_18",
                    "value": 2.11906
                },
                {
                    "cluster": "cluster_2",
                    "value": 3.3710448275862066
                },
                {
                    "cluster": "cluster_3",
                    "value": 7.86652
                },
                {
                    "cluster": "cluster_4",
                    "value": 3.39403
                },
                {
                    "cluster": "cluster_5",
                    "value": 5.284828333333334
                },
                {
                    "cluster": "cluster_6",
                    "value": 2.077
                },
                {
                    "cluster": "cluster_7",
                    "value": 4.708033333333333
                },
                {
                    "cluster": "cluster_8",
                    "value": 2.1283785714285712
                },
                {
                    "cluster": "cluster_9",
                    "value": 1.5481666666666667
                }
            ]
        },
        {
            "variable": "ZN",
            "var": 650.83,
            "values": [
                {
                    "cluster": "cluster_0",
                    "value": 36.52173913043478
                },
                {
                    "cluster": "cluster_1",
                    "value": 0.0
                },
                {
                    "cluster": "cluster_10",
                    "value": 73.875
                },
                {
                    "cluster": "cluster_11",
                    "value": 0.0
                },
                {
                    "cluster": "cluster_12",
                    "value": 0.6086956521739131
                },
                {
                    "cluster": "cluster_13",
                    "value": 0.0
                },
                {
                    "cluster": "cluster_14",
                    "value": 0.0
                },
                {
                    "cluster": "cluster_15",
                    "value": 0.0
                },
                {
                    "cluster": "cluster_16",
                    "value": 86.16666666666667
                },
                {
                    "cluster": "cluster_17",
                    "value": 0.0
                },
                {
                    "cluster": "cluster_18",
                    "value": 2.0
                },
                {
                    "cluster": "cluster_2",
                    "value": 0.0
                },
                {
                    "cluster": "cluster_3",
                    "value": 22.7
                },
                {
                    "cluster": "cluster_4",
                    "value": 2.433333333333333
                },
                {
                    "cluster": "cluster_5",
                    "value": 5.95
                },
                {
                    "cluster": "cluster_6",
                    "value": 0.0
                },
                {
                    "cluster": "cluster_7",
                    "value": 5.805555555555555
                },
                {
                    "cluster": "cluster_8",
                    "value": 12.857142857142858
                },
                {
                    "cluster": "cluster_9",
                    "value": 0.0
                }
            ]
        },
        {
            "variable": "INDUS",
            "var": 46.14,
            "values": [
                {
                    "cluster": "cluster_0",
                    "value": 4.439738772589015
                },
                {
                    "cluster": "cluster_1",
                    "value": 17.670448475686584
                },
                {
                    "cluster": "cluster_10",
                    "value": 3.464199588477366
                },
                {
                    "cluster": "cluster_11",
                    "value": 17.730736408923548
                },
                {
                    "cluster": "cluster_12",
                    "value": 9.247999642154227
                },
                {
                    "cluster": "cluster_13",
                    "value": 18.1
                },
                {
                    "cluster": "cluster_14",
                    "value": 24.142608695652168
                },
                {
                    "cluster": "cluster_15",
                    "value": 18.099999999999998
                },
                {
                    "cluster": "cluster_16",
                    "value": 1.9693333333333334
                },
                {
                    "cluster": "cluster_17",
                    "value": 18.03527123082678
                },
                {
                    "cluster": "cluster_18",
                    "value": 18.019
                },
                {
                    "cluster": "cluster_2",
                    "value": 8.894620405846462
                },
                {
                    "cluster": "cluster_3",
                    "value": 4.657333333333333
                },
                {
                    "cluster": "cluster_4",
                    "value": 4.577666666666669
                },
                {
                    "cluster": "cluster_5",
                    "value": 7.148399862825789
                },
                {
                    "cluster": "cluster_6",
                    "value": 17.83015352959798
                },
                {
                    "cluster": "cluster_7",
                    "value": 9.388443072702334
                },
                {
                    "cluster": "cluster_8",
                    "value": 8.429999999999998
                },
                {
                    "cluster": "cluster_9",
                    "value": 18.1
                }
            ]
        },
        {
            "variable": "RAD",
            "var": 87.02,
            "values": [
                {
                    "cluster": "cluster_0",
                    "value": 4.6521739130434785
                },
                {
                    "cluster": "cluster_1",
                    "value": 24.0
                },
                {
                    "cluster": "cluster_10",
                    "value": 3.6
                },
                {
                    "cluster": "cluster_11",
                    "value": 24.0
                },
                {
                    "cluster": "cluster_12",
                    "value": 4.804347826086956
                },
                {
                    "cluster": "cluster_13",
                    "value": 24.0
                },
                {
                    "cluster": "cluster_14",
                    "value": 3.4782608695652173
                },
                {
                    "cluster": "cluster_15",
                    "value": 24.0
                },
                {
                    "cluster": "cluster_16",
                    "value": 3.066666666666667
                },
                {
                    "cluster": "cluster_17",
                    "value": 5.0
                },
                {
                    "cluster": "cluster_18",
                    "value": 5.0
                },
                {
                    "cluster": "cluster_2",
                    "value": 3.8275862068965516
                },
                {
                    "cluster": "cluster_3",
                    "value": 5.666666666666667
                },
                {
                    "cluster": "cluster_4",
                    "value": 5.2
                },
                {
                    "cluster": "cluster_5",
                    "value": 4.366666666666666
                },
                {
                    "cluster": "cluster_6",
                    "value": 24.0
                },
                {
                    "cluster": "cluster_7",
                    "value": 5.0
                },
                {
                    "cluster": "cluster_8",
                    "value": 5.0
                },
                {
                    "cluster": "cluster_9",
                    "value": 24.0
                }
            ]
        },
        {
            "variable": "LSTAT",
            "var": 47.32,
            "values": [
                {
                    "cluster": "cluster_0",
                    "value": 5.964149221685454
                },
                {
                    "cluster": "cluster_1",
                    "value": 16.885527840765935
                },
                {
                    "cluster": "cluster_10",
                    "value": 6.6715
                },
                {
                    "cluster": "cluster_11",
                    "value": 27.389999999999997
                },
                {
                    "cluster": "cluster_12",
                    "value": 11.952745571658618
                },
                {
                    "cluster": "cluster_13",
                    "value": 5.672
                },
                {
                    "cluster": "cluster_14",
                    "value": 18.984347826086957
                },
                {
                    "cluster": "cluster_15",
                    "value": 12.19502880658436
                },
                {
                    "cluster": "cluster_16",
                    "value": 4.408666666666667
                },
                {
                    "cluster": "cluster_17",
                    "value": 22.13363636363636
                },
                {
                    "cluster": "cluster_18",
                    "value": 9.781000000000002
                },
                {
                    "cluster": "cluster_2",
                    "value": 14.82260110685398
                },
                {
                    "cluster": "cluster_3",
                    "value": 7.215390946502058
                },
                {
                    "cluster": "cluster_4",
                    "value": 6.32969547325103
                },
                {
                    "cluster": "cluster_5",
                    "value": 9.452604938271602
                },
                {
                    "cluster": "cluster_6",
                    "value": 21.14153846153846
                },
                {
                    "cluster": "cluster_7",
                    "value": 18.349999999999998
                },
                {
                    "cluster": "cluster_8",
                    "value": 6.71
                },
                {
                    "cluster": "cluster_9",
                    "value": 20.27
                }
            ]
        },
        {
            "variable": "NOX",
            "var": 0.01,
            "values": [
                {
                    "cluster": "cluster_0",
                    "value": 0.4470304347826087
                },
                {
                    "cluster": "cluster_1",
                    "value": 0.7036734693877552
                },
                {
                    "cluster": "cluster_10",
                    "value": 0.40750000000000003
                },
                {
                    "cluster": "cluster_11",
                    "value": 0.6785263157894738
                },
                {
                    "cluster": "cluster_12",
                    "value": 0.5276956521739132
                },
                {
                    "cluster": "cluster_13",
                    "value": 0.6384000000000001
                },
                {
                    "cluster": "cluster_14",
                    "value": 0.6095217391304348
                },
                {
                    "cluster": "cluster_15",
                    "value": 0.5865333333333334
                },
                {
                    "cluster": "cluster_16",
                    "value": 0.40808000000000005
                },
                {
                    "cluster": "cluster_17",
                    "value": 0.8710000000000003
                },
                {
                    "cluster": "cluster_18",
                    "value": 0.6358
                },
                {
                    "cluster": "cluster_2",
                    "value": 0.5387241379310345
                },
                {
                    "cluster": "cluster_3",
                    "value": 0.4341400000000001
                },
                {
                    "cluster": "cluster_4",
                    "value": 0.4872299999999997
                },
                {
                    "cluster": "cluster_5",
                    "value": 0.46494833333333335
                },
                {
                    "cluster": "cluster_6",
                    "value": 0.6715384615384614
                },
                {
                    "cluster": "cluster_7",
                    "value": 0.4958333333333333
                },
                {
                    "cluster": "cluster_8",
                    "value": 0.6247142857142858
                },
                {
                    "cluster": "cluster_9",
                    "value": 0.681
                }
            ]
        },
        {
            "variable": "RM",
            "var": 0.42,
            "values": [
                {
                    "cluster": "cluster_0",
                    "value": 6.897695652173913
                },
                {
                    "cluster": "cluster_1",
                    "value": 6.151040816326528
                },
                {
                    "cluster": "cluster_10",
                    "value": 6.314699999999998
                },
                {
                    "cluster": "cluster_11",
                    "value": 5.035894736842107
                },
                {
                    "cluster": "cluster_12",
                    "value": 6.013065217391303
                },
                {
                    "cluster": "cluster_13",
                    "value": 6.151999999999999
                },
                {
                    "cluster": "cluster_14",
                    "value": 5.870260869565217
                },
                {
                    "cluster": "cluster_15",
                    "value": 6.438266666666666
                },
                {
                    "cluster": "cluster_16",
                    "value": 7.384666666666665
                },
                {
                    "cluster": "cluster_17",
                    "value": 5.506454545454545
                },
                {
                    "cluster": "cluster_18",
                    "value": 6.081900000000001
                },
                {
                    "cluster": "cluster_2",
                    "value": 6.115034482758621
                },
                {
                    "cluster": "cluster_3",
                    "value": 6.695999999999999
                },
                {
                    "cluster": "cluster_4",
                    "value": 7.375566666666668
                },
                {
                    "cluster": "cluster_5",
                    "value": 6.135616666666667
                },
                {
                    "cluster": "cluster_6",
                    "value": 6.285653846153847
                },
                {
                    "cluster": "cluster_7",
                    "value": 5.906277777777778
                },
                {
                    "cluster": "cluster_8",
                    "value": 7.680071428571428
                },
                {
                    "cluster": "cluster_9",
                    "value": 6.2026666666666666
                }
            ]
        },
        {
            "variable": "AGE",
            "var": 649.71,
            "values": [
                {
                    "cluster": "cluster_0",
                    "value": 40.47117552334944
                },
                {
                    "cluster": "cluster_1",
                    "value": 93.44935752078611
                },
                {
                    "cluster": "cluster_10",
                    "value": 29.905
                },
                {
                    "cluster": "cluster_11",
                    "value": 95.58421052631579
                },
                {
                    "cluster": "cluster_12",
                    "value": 71.53816425120775
                },
                {
                    "cluster": "cluster_13",
                    "value": 90.48370370370371
                },
                {
                    "cluster": "cluster_14",
                    "value": 91.58421900161031
                },
                {
                    "cluster": "cluster_15",
                    "value": 70.55999999999999
                },
                {
                    "cluster": "cluster_16",
                    "value": 26.913333333333334
                },
                {
                    "cluster": "cluster_17",
                    "value": 95.07441077441077
                },
                {
                    "cluster": "cluster_18",
                    "value": 90.8
                },
                {
                    "cluster": "cluster_2",
                    "value": 86.36679438058749
                },
                {
                    "cluster": "cluster_3",
                    "value": 31.119999999999997
                },
                {
                    "cluster": "cluster_4",
                    "value": 69.95061728395062
                },
                {
                    "cluster": "cluster_5",
                    "value": 37.79333333333333
                },
                {
                    "cluster": "cluster_6",
                    "value": 88.46609686609685
                },
                {
                    "cluster": "cluster_7",
                    "value": 82.86111111111113
                },
                {
                    "cluster": "cluster_8",
                    "value": 85.72989417989416
                },
                {
                    "cluster": "cluster_9",
                    "value": 97.3
                }
            ]
        },
        {
            "variable": "cluster_size",
            "var": 223.67,
            "values": [
                {
                    "cluster": "cluster_5",
                    "value": 60
                },
                {
                    "cluster": "cluster_1",
                    "value": 49
                },
                {
                    "cluster": "cluster_12",
                    "value": 46
                },
                {
                    "cluster": "cluster_4",
                    "value": 30
                },
                {
                    "cluster": "cluster_2",
                    "value": 29
                },
                {
                    "cluster": "cluster_6",
                    "value": 26
                },
                {
                    "cluster": "cluster_0",
                    "value": 23
                },
                {
                    "cluster": "cluster_14",
                    "value": 23
                },
                {
                    "cluster": "cluster_10",
                    "value": 20
                },
                {
                    "cluster": "cluster_11",
                    "value": 19
                },
                {
                    "cluster": "cluster_7",
                    "value": 18
                },
                {
                    "cluster": "cluster_15",
                    "value": 15
                },
                {
                    "cluster": "cluster_16",
                    "value": 15
                },
                {
                    "cluster": "cluster_3",
                    "value": 15
                },
                {
                    "cluster": "cluster_8",
                    "value": 14
                },
                {
                    "cluster": "cluster_17",
                    "value": 11
                },
                {
                    "cluster": "cluster_18",
                    "value": 10
                },
                {
                    "cluster": "cluster_13",
                    "value": 5
                },
                {
                    "cluster": "cluster_9",
                    "value": 3
                }
            ]
        }
    ],
    "summary": {
        "clusters": []
    }
}