{
  "pages": [
    {
      "id": "M5CWUKW",
      "grid": {
        "tiles": []
      },
      "showTitle": false
    }
  ],
  "owner": "jprada@faculty.ie.edu",
  "listed": true,
  "name": "mock_quiz\u0027s default dashboard",
  "showGrid": true,
  "versionTag": {
    "versionNumber": 0,
    "lastModifiedBy": {
      "login": "jprada@faculty.ie.edu"
    },
    "lastModifiedOn": 1670403610745
  },
  "creationTag": {
    "versionNumber": 0,
    "lastModifiedBy": {
      "login": "jprada@faculty.ie.edu"
    },
    "lastModifiedOn": 1670403610745
  },
  "tags": [],
  "customFields": {},
  "checklists": {
    "checklists": []
  }
}