{"global": {"size": 431, "facts": [{"type": "numerical", "feature_label": "CRIM", "cluster_label": "cluster_9", "mean": 76.81036666666667, "std": 10.903343970696945, "diff": 8.344976598806511, "global_mean": 3.742854147355657, "global_std": 8.755867875023286}, {"type": "numerical", "feature_label": "B", "cluster_label": "cluster_7", "mean": 49.1888, "std": 46.36727521647137, "diff": -3.351832080915997, "global_mean": 356.2846867749414, "global_std": 91.62030774853658}, {"type": "numerical", "feature_label": "ZN", "cluster_label": "cluster_5", "mean": 78.69565217391305, "std": 11.378547529167236, "diff": 2.912917285065486, "global_mean": 10.935034802784223, "global_std": 23.262115171802925}, {"type": "numerical", "feature_label": "MEDV", "cluster_label": "cluster_11", "mean": 50.0, "std": 0.0, "diff": 2.8664217677258432, "global_mean": 22.724361948955938, "global_std": 9.515570373540653}, {"type": "numerical", "feature_label": "NOX", "cluster_label": "cluster_13", "mean": 0.8710000000000003, "std": 3.4787703908662606e-16, "diff": 2.7360221660960105, "global_mean": 0.5567744779582383, "global_std": 0.11484757906407088}, {"type": "numerical", "feature_label": "CRIM", "cluster_label": "cluster_2", "mean": 24.60602666666667, "std": 10.217522752777397, "diff": 2.3827646576103145, "global_mean": 3.742854147355657, "global_std": 8.755867875023286}, {"type": "numerical", "feature_label": "PTRATIO", "cluster_label": "cluster_12", "mean": 13.485714285714286, "std": 0.7969722925954418, "diff": -2.2830572238945965, "global_mean": 18.44849187935028, "global_std": 2.173742095333968}, {"type": "numerical", "feature_label": "LSTAT", "cluster_label": "cluster_2", "mean": 28.449333333333332, "std": 6.915450059382218, "diff": 2.141806359033852, "global_mean": 12.884991836383959, "global_std": 7.2669228155482255}, {"type": "numerical", "feature_label": "ZN", "cluster_label": "cluster_1", "mean": 60.395833333333336, "std": 23.23929354547495, "diff": 2.126238227489425, "global_mean": 10.935034802784223, "global_std": 23.262115171802925}, {"type": "numerical", "feature_label": "DIS", "cluster_label": "cluster_5", "mean": 8.066356521739129, "std": 1.8515080710368572, "diff": 2.0913993170190035, "global_mean": 3.7171805104408326, "global_std": 2.079553137416836}]}, "clusters": [{"cluster": "cluster_0", "size": 63, "facts": [{"type": "numerical", "feature_label": "RAD", "cluster_label": "cluster_0", "mean": 4.873015873015873, "std": 1.6509241155267718, "diff": -0.5565027814497322, "global_mean": 9.77494199535963, "global_std": 8.808448557209122}, {"type": "numerical", "feature_label": "TAX", "cluster_label": "cluster_0", "mean": 327.9047619047619, "std": 68.14754256467133, "diff": -0.4948722484585596, "global_mean": 412.41763341067286, "global_std": 170.77714858562737}, {"type": "numerical", "feature_label": "PTRATIO", "cluster_label": "cluster_0", "mean": 17.423809523809517, "std": 1.6504851960828006, "diff": -0.47139095191664493, "global_mean": 18.44849187935028, "global_std": 2.173742095333968}]}, {"cluster": "cluster_1", "size": 24, "facts": [{"type": "numerical", "feature_label": "ZN", "cluster_label": "cluster_1", "mean": 60.395833333333336, "std": 23.23929354547495, "diff": 2.126238227489425, "global_mean": 10.935034802784223, "global_std": 23.262115171802925}, {"type": "numerical", "feature_label": "MEDV", "cluster_label": "cluster_1", "mean": 36.904166666666676, "std": 7.02408769670585, "diff": 1.4901686563255974, "global_mean": 22.724361948955938, "global_std": 9.515570373540653}, {"type": "numerical", "feature_label": "PTRATIO", "cluster_label": "cluster_1", "mean": 15.366666666666667, "std": 1.7023428016979292, "diff": -1.4177510843162504, "global_mean": 18.44849187935028, "global_std": 2.173742095333968}]}, {"cluster": "cluster_2", "size": 15, "facts": [{"type": "numerical", "feature_label": "CRIM", "cluster_label": "cluster_2", "mean": 24.60602666666667, "std": 10.217522752777397, "diff": 2.3827646576103145, "global_mean": 3.742854147355657, "global_std": 8.755867875023286}, {"type": "numerical", "feature_label": "LSTAT", "cluster_label": "cluster_2", "mean": 28.449333333333332, "std": 6.915450059382218, "diff": 2.141806359033852, "global_mean": 12.884991836383959, "global_std": 7.2669228155482255}, {"type": "numerical", "feature_label": "RM", "cluster_label": "cluster_2", "mean": 4.7922666666666665, "std": 0.5189605636911794, "diff": -2.05715885203712, "global_mean": 6.302051044083534, "global_std": 0.7339172548205453}]}, {"cluster": "cluster_3", "size": 36, "facts": [{"type": "numerical", "feature_label": "DIS", "cluster_label": "cluster_3", "mean": 6.92140277777778, "std": 1.217654710026289, "diff": 1.5408225015674013, "global_mean": 3.7171805104408326, "global_std": 2.079553137416836}, {"type": "numerical", "feature_label": "NOX", "cluster_label": "cluster_3", "mean": 0.4358916666666665, "std": 0.020880330799240576, "diff": -1.052549929886933, "global_mean": 0.5567744779582383, "global_std": 0.11484757906407088}, {"type": "numerical", "feature_label": "AGE", "cluster_label": "cluster_3", "mean": 42.15555555555556, "std": 18.933212608602368, "diff": -0.9854068617551441, "global_mean": 69.16676978602732, "global_std": 27.411230100794203}]}, {"cluster": "cluster_4", "size": 30, "facts": [{"type": "numerical", "feature_label": "RAD", "cluster_label": "cluster_4", "mean": 24.0, "std": 0.0, "diff": 1.6149334258185704, "global_mean": 9.77494199535963, "global_std": 8.808448557209122}, {"type": "numerical", "feature_label": "TAX", "cluster_label": "cluster_4", "mean": 666.0, "std": 0.0, "diff": 1.4848729393217464, "global_mean": 412.41763341067286, "global_std": 170.77714858562737}, {"type": "numerical", "feature_label": "INDUS", "cluster_label": "cluster_4", "mean": 17.63226611796983, "std": 1.7800183401572471, "diff": 0.9503872603155561, "global_mean": 11.19228275710616, "global_std": 6.7761676000638}]}, {"cluster": "cluster_5", "size": 23, "facts": [{"type": "numerical", "feature_label": "ZN", "cluster_label": "cluster_5", "mean": 78.69565217391305, "std": 11.378547529167236, "diff": 2.912917285065486, "global_mean": 10.935034802784223, "global_std": 23.262115171802925}, {"type": "numerical", "feature_label": "DIS", "cluster_label": "cluster_5", "mean": 8.066356521739129, "std": 1.8515080710368572, "diff": 2.0913993170190035, "global_mean": 3.7171805104408326, "global_std": 2.079553137416836}, {"type": "numerical", "feature_label": "AGE", "cluster_label": "cluster_5", "mean": 27.86086956521739, "std": 10.209119770196324, "diff": -1.506896993273321, "global_mean": 69.16676978602732, "global_std": 27.411230100794203}]}, {"cluster": "cluster_6", "size": 26, "facts": [{"type": "numerical", "feature_label": "RM", "cluster_label": "cluster_6", "mean": 7.544846153846152, "std": 0.5390447619489641, "diff": 1.693372245439988, "global_mean": 6.302051044083534, "global_std": 0.7339172548205453}, {"type": "numerical", "feature_label": "MEDV", "cluster_label": "cluster_6", "mean": 38.33076923076924, "std": 6.744584152089391, "diff": 1.6400916255329325, "global_mean": 22.724361948955938, "global_std": 9.515570373540653}, {"type": "numerical", "feature_label": "INDUS", "cluster_label": "cluster_6", "mean": 4.331153846153847, "std": 1.819578691726361, "diff": -1.0125382540549488, "global_mean": 11.19228275710616, "global_std": 6.7761676000638}]}, {"cluster": "cluster_7", "size": 25, "facts": [{"type": "numerical", "feature_label": "B", "cluster_label": "cluster_7", "mean": 49.1888, "std": 46.36727521647137, "diff": -3.351832080915997, "global_mean": 356.2846867749414, "global_std": 91.62030774853658}, {"type": "numerical", "feature_label": "RAD", "cluster_label": "cluster_7", "mean": 24.0, "std": 0.0, "diff": 1.6149334258185704, "global_mean": 9.77494199535963, "global_std": 8.808448557209122}, {"type": "numerical", "feature_label": "TAX", "cluster_label": "cluster_7", "mean": 666.0, "std": 0.0, "diff": 1.4848729393217464, "global_mean": 412.41763341067286, "global_std": 170.77714858562737}]}, {"cluster": "cluster_8", "size": 23, "facts": [{"type": "numerical", "feature_label": "INDUS", "cluster_label": "cluster_8", "mean": 24.142608695652168, "std": 2.515682118579199, "diff": 1.9111578554261375, "global_mean": 11.19228275710616, "global_std": 6.7761676000638}, {"type": "numerical", "feature_label": "PTRATIO", "cluster_label": "cluster_8", "mean": 20.41304347826087, "std": 0.9111951930524521, "diff": 0.9037648040802945, "global_mean": 18.44849187935028, "global_std": 2.173742095333968}, {"type": "numerical", "feature_label": "DIS", "cluster_label": "cluster_8", "mean": 1.921260869565218, "std": 0.23121706593810856, "diff": -0.8636084399874758, "global_mean": 3.7171805104408326, "global_std": 2.079553137416836}]}, {"cluster": "cluster_9", "size": 3, "facts": [{"type": "numerical", "feature_label": "CRIM", "cluster_label": "cluster_9", "mean": 76.81036666666667, "std": 10.903343970696945, "diff": 8.344976598806511, "global_mean": 3.742854147355657, "global_std": 8.755867875023286}, {"type": "numerical", "feature_label": "RAD", "cluster_label": "cluster_9", "mean": 24.0, "std": 0.0, "diff": 1.6149334258185704, "global_mean": 9.77494199535963, "global_std": 8.808448557209122}, {"type": "numerical", "feature_label": "MEDV", "cluster_label": "cluster_9", "mean": 8.066666666666668, "std": 2.7736858750286295, "diff": -1.5403906131625067, "global_mean": 22.724361948955938, "global_std": 9.515570373540653}]}, {"cluster": "cluster_10", "size": 39, "facts": [{"type": "numerical", "feature_label": "RAD", "cluster_label": "cluster_10", "mean": 24.0, "std": 0.0, "diff": 1.6149334258185704, "global_mean": 9.77494199535963, "global_std": 8.808448557209122}, {"type": "numerical", "feature_label": "TAX", "cluster_label": "cluster_10", "mean": 666.0, "std": 0.0, "diff": 1.4848729393217464, "global_mean": 412.41763341067286, "global_std": 170.77714858562737}, {"type": "numerical", "feature_label": "NOX", "cluster_label": "cluster_10", "mean": 0.6889487179487178, "std": 0.05030535637377036, "diff": 1.1508665752261305, "global_mean": 0.5567744779582383, "global_std": 0.11484757906407088}]}, {"cluster": "cluster_11", "size": 5, "facts": [{"type": "numerical", "feature_label": "MEDV", "cluster_label": "cluster_11", "mean": 50.0, "std": 0.0, "diff": 2.8664217677258432, "global_mean": 22.724361948955938, "global_std": 9.515570373540653}, {"type": "numerical", "feature_label": "RAD", "cluster_label": "cluster_11", "mean": 24.0, "std": 0.0, "diff": 1.6149334258185704, "global_mean": 9.77494199535963, "global_std": 8.808448557209122}, {"type": "numerical", "feature_label": "TAX", "cluster_label": "cluster_11", "mean": 666.0, "std": 0.0, "diff": 1.4848729393217464, "global_mean": 412.41763341067286, "global_std": 170.77714858562737}]}, {"cluster": "cluster_12", "size": 14, "facts": [{"type": "numerical", "feature_label": "PTRATIO", "cluster_label": "cluster_12", "mean": 13.485714285714286, "std": 0.7969722925954418, "diff": -2.2830572238945965, "global_mean": 18.44849187935028, "global_std": 2.173742095333968}, {"type": "numerical", "feature_label": "MEDV", "cluster_label": "cluster_12", "mean": 42.478571428571435, "std": 7.591308650882733, "diff": 2.0759879549149027, "global_mean": 22.724361948955938, "global_std": 9.515570373540653}, {"type": "numerical", "feature_label": "RM", "cluster_label": "cluster_12", "mean": 7.680071428571428, "std": 0.5723330746616418, "diff": 1.8776236359572207, "global_mean": 6.302051044083534, "global_std": 0.7339172548205453}]}, {"cluster": "cluster_13", "size": 12, "facts": [{"type": "numerical", "feature_label": "NOX", "cluster_label": "cluster_13", "mean": 0.8710000000000003, "std": 3.4787703908662606e-16, "diff": 2.7360221660960105, "global_mean": 0.5567744779582383, "global_std": 0.11484757906407088}, {"type": "numerical", "feature_label": "PTRATIO", "cluster_label": "cluster_13", "mean": 14.699999999999998, "std": 1.8553442084620055e-15, "diff": -1.7244418679642732, "global_mean": 18.44849187935028, "global_std": 2.173742095333968}, {"type": "numerical", "feature_label": "LSTAT", "cluster_label": "cluster_13", "mean": 20.904999999999998, "std": 7.827718232491045, "diff": 1.103631945347833, "global_mean": 12.884991836383959, "global_std": 7.2669228155482255}]}, {"cluster": "cluster_14", "size": 42, "facts": [{"type": "numerical", "feature_label": "PTRATIO", "cluster_label": "cluster_14", "mean": 20.01666666666667, "std": 1.3374377882347925, "diff": 0.7214171316286997, "global_mean": 18.44849187935028, "global_std": 2.173742095333968}, {"type": "numerical", "feature_label": "RAD", "cluster_label": "cluster_14", "mean": 4.214285714285714, "std": 1.335001859607991, "diff": -0.6312866840237027, "global_mean": 9.77494199535963, "global_std": 8.808448557209122}, {"type": "numerical", "feature_label": "AGE", "cluster_label": "cluster_14", "mean": 85.14656084656083, "std": 10.99992852752831, "diff": 0.582965120564601, "global_mean": 69.16676978602732, "global_std": 27.411230100794203}]}, {"cluster": "cluster_15", "size": 51, "facts": [{"type": "numerical", "feature_label": "AGE", "cluster_label": "cluster_15", "mean": 34.331372549019605, "std": 15.255484131237246, "diff": -1.2708439974752685, "global_mean": 69.16676978602732, "global_std": 27.411230100794203}, {"type": "numerical", "feature_label": "TAX", "cluster_label": "cluster_15", "mean": 284.3529411764706, "std": 52.82303419131157, "diff": -0.7498936086872936, "global_mean": 412.41763341067286, "global_std": 170.77714858562737}, {"type": "numerical", "feature_label": "NOX", "cluster_label": "cluster_15", "mean": 0.47568431372549025, "std": 0.0391873774195162, "diff": -0.7060676846092654, "global_mean": 0.5567744779582383, "global_std": 0.11484757906407088}]}]}