{
    "metrics": {
        "inertia": 1158.3607313008574,
        "silhouette": 0.21245214622537928,
        "nbClusters": 16
    },
    "processed_feature_names": [
        "B",
        "TAX",
        "CRIM",
        "PTRATIO",
        "MEDV",
        "DIS",
        "ZN",
        "INDUS",
        "RAD",
        "LSTAT",
        "NOX",
        "RM",
        "AGE",
        "dummy:CHAS:0",
        "dummy:CHAS:N/A",
        "dummy:CHAS:__Others__"
    ],
    "variables_importance": {
        "variables": [
            "B",
            "TAX",
            "CRIM",
            "PTRATIO",
            "MEDV",
            "DIS",
            "ZN",
            "INDUS",
            "RAD",
            "LSTAT",
            "NOX",
            "RM",
            "AGE",
            "dummy:CHAS:0",
            "dummy:CHAS:__Others__"
        ],
        "importances": [
            0.062347200569947026,
            0.04745840394552529,
            0.06915435392694545,
            0.06778208356219723,
            0.11058025150342883,
            0.10898917578919341,
            0.06664589247841096,
            0.0720700524992247,
            0.049474231627722444,
            0.0656382644307097,
            0.07902557616407367,
            0.08551576678630202,
            0.10842212501880219,
            0.004447418340145274,
            0.0024492033573717538
        ]
    },
    "reduce_vars": [],
    "train_nb_records": 431,
    "train_nb_features": 16,
    "train_nb_outliers": 0,
    "cluster_description": [
        {
            "variable": "dummy:CHAS:0",
            "var": 0.02,
            "values": [
                {
                    "cluster": "cluster_0",
                    "value": 0.8095238095238095
                },
                {
                    "cluster": "cluster_1",
                    "value": 0.9166666666666666
                },
                {
                    "cluster": "cluster_10",
                    "value": 0.9487179487179487
                },
                {
                    "cluster": "cluster_11",
                    "value": 0.4
                },
                {
                    "cluster": "cluster_12",
                    "value": 0.8571428571428571
                },
                {
                    "cluster": "cluster_13",
                    "value": 0.8333333333333334
                },
                {
                    "cluster": "cluster_14",
                    "value": 0.9285714285714286
                },
                {
                    "cluster": "cluster_15",
                    "value": 1.0
                },
                {
                    "cluster": "cluster_2",
                    "value": 1.0
                },
                {
                    "cluster": "cluster_3",
                    "value": 0.9722222222222222
                },
                {
                    "cluster": "cluster_4",
                    "value": 0.9
                },
                {
                    "cluster": "cluster_5",
                    "value": 1.0
                },
                {
                    "cluster": "cluster_6",
                    "value": 0.9230769230769231
                },
                {
                    "cluster": "cluster_7",
                    "value": 1.0
                },
                {
                    "cluster": "cluster_8",
                    "value": 1.0
                },
                {
                    "cluster": "cluster_9",
                    "value": 1.0
                }
            ]
        },
        {
            "variable": "dummy:CHAS:N/A",
            "var": 0.0,
            "values": [
                {
                    "cluster": "cluster_0",
                    "value": 0.0
                },
                {
                    "cluster": "cluster_1",
                    "value": 0.0
                },
                {
                    "cluster": "cluster_10",
                    "value": 0.0
                },
                {
                    "cluster": "cluster_11",
                    "value": 0.0
                },
                {
                    "cluster": "cluster_12",
                    "value": 0.0
                },
                {
                    "cluster": "cluster_13",
                    "value": 0.0
                },
                {
                    "cluster": "cluster_14",
                    "value": 0.0
                },
                {
                    "cluster": "cluster_15",
                    "value": 0.0
                },
                {
                    "cluster": "cluster_2",
                    "value": 0.0
                },
                {
                    "cluster": "cluster_3",
                    "value": 0.0
                },
                {
                    "cluster": "cluster_4",
                    "value": 0.0
                },
                {
                    "cluster": "cluster_5",
                    "value": 0.0
                },
                {
                    "cluster": "cluster_6",
                    "value": 0.0
                },
                {
                    "cluster": "cluster_7",
                    "value": 0.0
                },
                {
                    "cluster": "cluster_8",
                    "value": 0.0
                },
                {
                    "cluster": "cluster_9",
                    "value": 0.0
                }
            ]
        },
        {
            "variable": "dummy:CHAS:__Others__",
            "var": 0.02,
            "values": [
                {
                    "cluster": "cluster_0",
                    "value": 0.19047619047619047
                },
                {
                    "cluster": "cluster_1",
                    "value": 0.08333333333333333
                },
                {
                    "cluster": "cluster_10",
                    "value": 0.05128205128205128
                },
                {
                    "cluster": "cluster_11",
                    "value": 0.6
                },
                {
                    "cluster": "cluster_12",
                    "value": 0.14285714285714285
                },
                {
                    "cluster": "cluster_13",
                    "value": 0.16666666666666666
                },
                {
                    "cluster": "cluster_14",
                    "value": 0.07142857142857142
                },
                {
                    "cluster": "cluster_15",
                    "value": 0.0
                },
                {
                    "cluster": "cluster_2",
                    "value": 0.0
                },
                {
                    "cluster": "cluster_3",
                    "value": 0.027777777777777776
                },
                {
                    "cluster": "cluster_4",
                    "value": 0.1
                },
                {
                    "cluster": "cluster_5",
                    "value": 0.0
                },
                {
                    "cluster": "cluster_6",
                    "value": 0.07692307692307693
                },
                {
                    "cluster": "cluster_7",
                    "value": 0.0
                },
                {
                    "cluster": "cluster_8",
                    "value": 0.0
                },
                {
                    "cluster": "cluster_9",
                    "value": 0.0
                }
            ]
        },
        {
            "variable": "B",
            "var": 7648.85,
            "values": [
                {
                    "cluster": "cluster_0",
                    "value": 380.91793650793664
                },
                {
                    "cluster": "cluster_1",
                    "value": 389.9187499999999
                },
                {
                    "cluster": "cluster_10",
                    "value": 366.4217948717948
                },
                {
                    "cluster": "cluster_11",
                    "value": 371.38599999999997
                },
                {
                    "cluster": "cluster_12",
                    "value": 385.14500000000004
                },
                {
                    "cluster": "cluster_13",
                    "value": 314.1616666666667
                },
                {
                    "cluster": "cluster_14",
                    "value": 370.55880952380943
                },
                {
                    "cluster": "cluster_15",
                    "value": 386.3841176470588
                },
                {
                    "cluster": "cluster_2",
                    "value": 288.4426666666667
                },
                {
                    "cluster": "cluster_3",
                    "value": 391.18888888888875
                },
                {
                    "cluster": "cluster_4",
                    "value": 379.7836666666666
                },
                {
                    "cluster": "cluster_5",
                    "value": 390.30869565217387
                },
                {
                    "cluster": "cluster_6",
                    "value": 389.101923076923
                },
                {
                    "cluster": "cluster_7",
                    "value": 49.1888
                },
                {
                    "cluster": "cluster_8",
                    "value": 378.24652173913046
                },
                {
                    "cluster": "cluster_9",
                    "value": 266.1066666666667
                }
            ]
        },
        {
            "variable": "TAX",
            "var": 30636.38,
            "values": [
                {
                    "cluster": "cluster_0",
                    "value": 327.9047619047619
                },
                {
                    "cluster": "cluster_1",
                    "value": 306.5833333333333
                },
                {
                    "cluster": "cluster_10",
                    "value": 666.0
                },
                {
                    "cluster": "cluster_11",
                    "value": 666.0
                },
                {
                    "cluster": "cluster_12",
                    "value": 303.7142857142857
                },
                {
                    "cluster": "cluster_13",
                    "value": 403.0
                },
                {
                    "cluster": "cluster_14",
                    "value": 315.0952380952381
                },
                {
                    "cluster": "cluster_15",
                    "value": 284.3529411764706
                },
                {
                    "cluster": "cluster_2",
                    "value": 666.0
                },
                {
                    "cluster": "cluster_3",
                    "value": 304.94444444444446
                },
                {
                    "cluster": "cluster_4",
                    "value": 666.0
                },
                {
                    "cluster": "cluster_5",
                    "value": 322.0
                },
                {
                    "cluster": "cluster_6",
                    "value": 256.88461538461536
                },
                {
                    "cluster": "cluster_7",
                    "value": 666.0
                },
                {
                    "cluster": "cluster_8",
                    "value": 431.60869565217394
                },
                {
                    "cluster": "cluster_9",
                    "value": 666.0
                }
            ]
        },
        {
            "variable": "CRIM",
            "var": 370.81,
            "values": [
                {
                    "cluster": "cluster_0",
                    "value": 0.559219014958521
                },
                {
                    "cluster": "cluster_1",
                    "value": 0.5130600797325103
                },
                {
                    "cluster": "cluster_10",
                    "value": 9.857423793394531
                },
                {
                    "cluster": "cluster_11",
                    "value": 6.509680794238685
                },
                {
                    "cluster": "cluster_12",
                    "value": 1.1305417122281012
                },
                {
                    "cluster": "cluster_13",
                    "value": 2.322555
                },
                {
                    "cluster": "cluster_14",
                    "value": 0.49889690476190457
                },
                {
                    "cluster": "cluster_15",
                    "value": 0.2693296857096748
                },
                {
                    "cluster": "cluster_2",
                    "value": 24.60602666666667
                },
                {
                    "cluster": "cluster_3",
                    "value": 0.3944394975994513
                },
                {
                    "cluster": "cluster_4",
                    "value": 5.828327132373113
                },
                {
                    "cluster": "cluster_5",
                    "value": 0.03560260869565218
                },
                {
                    "cluster": "cluster_6",
                    "value": 0.32990861427666984
                },
                {
                    "cluster": "cluster_7",
                    "value": 10.522153117695474
                },
                {
                    "cluster": "cluster_8",
                    "value": 0.4012517391304347
                },
                {
                    "cluster": "cluster_9",
                    "value": 76.81036666666667
                }
            ]
        },
        {
            "variable": "PTRATIO",
            "var": 5.11,
            "values": [
                {
                    "cluster": "cluster_0",
                    "value": 17.423809523809517
                },
                {
                    "cluster": "cluster_1",
                    "value": 15.366666666666667
                },
                {
                    "cluster": "cluster_10",
                    "value": 20.20000000000001
                },
                {
                    "cluster": "cluster_11",
                    "value": 20.2
                },
                {
                    "cluster": "cluster_12",
                    "value": 13.485714285714286
                },
                {
                    "cluster": "cluster_13",
                    "value": 14.699999999999998
                },
                {
                    "cluster": "cluster_14",
                    "value": 20.01666666666667
                },
                {
                    "cluster": "cluster_15",
                    "value": 18.42352941176472
                },
                {
                    "cluster": "cluster_2",
                    "value": 20.199999999999996
                },
                {
                    "cluster": "cluster_3",
                    "value": 18.330555555555566
                },
                {
                    "cluster": "cluster_4",
                    "value": 20.2
                },
                {
                    "cluster": "cluster_5",
                    "value": 17.156521739130437
                },
                {
                    "cluster": "cluster_6",
                    "value": 17.380769230769225
                },
                {
                    "cluster": "cluster_7",
                    "value": 20.199999999999992
                },
                {
                    "cluster": "cluster_8",
                    "value": 20.41304347826087
                },
                {
                    "cluster": "cluster_9",
                    "value": 20.2
                }
            ]
        },
        {
            "variable": "MEDV",
            "var": 146.59,
            "values": [
                {
                    "cluster": "cluster_0",
                    "value": 23.27142857142856
                },
                {
                    "cluster": "cluster_1",
                    "value": 36.904166666666676
                },
                {
                    "cluster": "cluster_10",
                    "value": 13.551282051282055
                },
                {
                    "cluster": "cluster_11",
                    "value": 50.0
                },
                {
                    "cluster": "cluster_12",
                    "value": 42.478571428571435
                },
                {
                    "cluster": "cluster_13",
                    "value": 16.425
                },
                {
                    "cluster": "cluster_14",
                    "value": 17.385714285714283
                },
                {
                    "cluster": "cluster_15",
                    "value": 23.174509803921566
                },
                {
                    "cluster": "cluster_2",
                    "value": 11.526666666666669
                },
                {
                    "cluster": "cluster_3",
                    "value": 23.327777777777776
                },
                {
                    "cluster": "cluster_4",
                    "value": 21.266666666666666
                },
                {
                    "cluster": "cluster_5",
                    "value": 25.49130434782609
                },
                {
                    "cluster": "cluster_6",
                    "value": 38.33076923076924
                },
                {
                    "cluster": "cluster_7",
                    "value": 12.948000000000002
                },
                {
                    "cluster": "cluster_8",
                    "value": 16.456521739130437
                },
                {
                    "cluster": "cluster_9",
                    "value": 8.066666666666668
                }
            ]
        },
        {
            "variable": "DIS",
            "var": 4.39,
            "values": [
                {
                    "cluster": "cluster_0",
                    "value": 3.1595746031746037
                },
                {
                    "cluster": "cluster_1",
                    "value": 5.919558333333334
                },
                {
                    "cluster": "cluster_10",
                    "value": 1.8714692307692316
                },
                {
                    "cluster": "cluster_11",
                    "value": 1.23806
                },
                {
                    "cluster": "cluster_12",
                    "value": 2.1283785714285712
                },
                {
                    "cluster": "cluster_13",
                    "value": 1.5388916666666665
                },
                {
                    "cluster": "cluster_14",
                    "value": 3.720492857142857
                },
                {
                    "cluster": "cluster_15",
                    "value": 4.764825490196079
                },
                {
                    "cluster": "cluster_2",
                    "value": 1.48422
                },
                {
                    "cluster": "cluster_3",
                    "value": 6.92140277777778
                },
                {
                    "cluster": "cluster_4",
                    "value": 2.74351
                },
                {
                    "cluster": "cluster_5",
                    "value": 8.066356521739129
                },
                {
                    "cluster": "cluster_6",
                    "value": 3.6048807692307685
                },
                {
                    "cluster": "cluster_7",
                    "value": 2.0979240000000003
                },
                {
                    "cluster": "cluster_8",
                    "value": 1.921260869565218
                },
                {
                    "cluster": "cluster_9",
                    "value": 1.5481666666666667
                }
            ]
        },
        {
            "variable": "ZN",
            "var": 564.32,
            "values": [
                {
                    "cluster": "cluster_0",
                    "value": 1.7619047619047619
                },
                {
                    "cluster": "cluster_1",
                    "value": 60.395833333333336
                },
                {
                    "cluster": "cluster_10",
                    "value": 0.0
                },
                {
                    "cluster": "cluster_11",
                    "value": 0.0
                },
                {
                    "cluster": "cluster_12",
                    "value": 12.857142857142858
                },
                {
                    "cluster": "cluster_13",
                    "value": 0.0
                },
                {
                    "cluster": "cluster_14",
                    "value": 0.8928571428571429
                },
                {
                    "cluster": "cluster_15",
                    "value": 1.9705882352941178
                },
                {
                    "cluster": "cluster_2",
                    "value": 0.0
                },
                {
                    "cluster": "cluster_3",
                    "value": 24.40277777777778
                },
                {
                    "cluster": "cluster_4",
                    "value": 0.0
                },
                {
                    "cluster": "cluster_5",
                    "value": 78.69565217391305
                },
                {
                    "cluster": "cluster_6",
                    "value": 5.615384615384615
                },
                {
                    "cluster": "cluster_7",
                    "value": 0.0
                },
                {
                    "cluster": "cluster_8",
                    "value": 0.0
                },
                {
                    "cluster": "cluster_9",
                    "value": 0.0
                }
            ]
        },
        {
            "variable": "INDUS",
            "var": 46.03,
            "values": [
                {
                    "cluster": "cluster_0",
                    "value": 9.94860278267685
                },
                {
                    "cluster": "cluster_1",
                    "value": 3.3930829903978057
                },
                {
                    "cluster": "cluster_10",
                    "value": 17.920102353065325
                },
                {
                    "cluster": "cluster_11",
                    "value": 18.1
                },
                {
                    "cluster": "cluster_12",
                    "value": 8.429999999999998
                },
                {
                    "cluster": "cluster_13",
                    "value": 18.163998628257882
                },
                {
                    "cluster": "cluster_14",
                    "value": 8.891856750930824
                },
                {
                    "cluster": "cluster_15",
                    "value": 7.758235294117645
                },
                {
                    "cluster": "cluster_2",
                    "value": 17.63226611796982
                },
                {
                    "cluster": "cluster_3",
                    "value": 5.272166209419298
                },
                {
                    "cluster": "cluster_4",
                    "value": 17.63226611796983
                },
                {
                    "cluster": "cluster_5",
                    "value": 3.0545213812846668
                },
                {
                    "cluster": "cluster_6",
                    "value": 4.331153846153847
                },
                {
                    "cluster": "cluster_7",
                    "value": 17.8193596707819
                },
                {
                    "cluster": "cluster_8",
                    "value": 24.142608695652168
                },
                {
                    "cluster": "cluster_9",
                    "value": 18.1
                }
            ]
        },
        {
            "variable": "RAD",
            "var": 95.89,
            "values": [
                {
                    "cluster": "cluster_0",
                    "value": 4.873015873015873
                },
                {
                    "cluster": "cluster_1",
                    "value": 3.5416666666666665
                },
                {
                    "cluster": "cluster_10",
                    "value": 24.0
                },
                {
                    "cluster": "cluster_11",
                    "value": 24.0
                },
                {
                    "cluster": "cluster_12",
                    "value": 5.0
                },
                {
                    "cluster": "cluster_13",
                    "value": 5.0
                },
                {
                    "cluster": "cluster_14",
                    "value": 4.214285714285714
                },
                {
                    "cluster": "cluster_15",
                    "value": 4.313725490196078
                },
                {
                    "cluster": "cluster_2",
                    "value": 24.0
                },
                {
                    "cluster": "cluster_3",
                    "value": 5.222222222222222
                },
                {
                    "cluster": "cluster_4",
                    "value": 24.0
                },
                {
                    "cluster": "cluster_5",
                    "value": 3.652173913043478
                },
                {
                    "cluster": "cluster_6",
                    "value": 5.153846153846154
                },
                {
                    "cluster": "cluster_7",
                    "value": 24.0
                },
                {
                    "cluster": "cluster_8",
                    "value": 3.4782608695652173
                },
                {
                    "cluster": "cluster_9",
                    "value": 24.0
                }
            ]
        },
        {
            "variable": "LSTAT",
            "var": 52.91,
            "values": [
                {
                    "cluster": "cluster_0",
                    "value": 11.099378796786203
                },
                {
                    "cluster": "cluster_1",
                    "value": 4.439583333333333
                },
                {
                    "cluster": "cluster_10",
                    "value": 19.370278569167453
                },
                {
                    "cluster": "cluster_11",
                    "value": 5.672
                },
                {
                    "cluster": "cluster_12",
                    "value": 6.71
                },
                {
                    "cluster": "cluster_13",
                    "value": 20.904999999999998
                },
                {
                    "cluster": "cluster_14",
                    "value": 16.654782480893598
                },
                {
                    "cluster": "cluster_15",
                    "value": 9.339339143064631
                },
                {
                    "cluster": "cluster_2",
                    "value": 28.449333333333332
                },
                {
                    "cluster": "cluster_3",
                    "value": 9.056008230452678
                },
                {
                    "cluster": "cluster_4",
                    "value": 12.763847736625516
                },
                {
                    "cluster": "cluster_5",
                    "value": 6.4021739130434785
                },
                {
                    "cluster": "cluster_6",
                    "value": 5.674264007597342
                },
                {
                    "cluster": "cluster_7",
                    "value": 20.612399999999997
                },
                {
                    "cluster": "cluster_8",
                    "value": 18.984347826086957
                },
                {
                    "cluster": "cluster_9",
                    "value": 20.27
                }
            ]
        },
        {
            "variable": "NOX",
            "var": 0.02,
            "values": [
                {
                    "cluster": "cluster_0",
                    "value": 0.5319682539682543
                },
                {
                    "cluster": "cluster_1",
                    "value": 0.42592083333333325
                },
                {
                    "cluster": "cluster_10",
                    "value": 0.6889487179487178
                },
                {
                    "cluster": "cluster_11",
                    "value": 0.6384000000000001
                },
                {
                    "cluster": "cluster_12",
                    "value": 0.6247142857142858
                },
                {
                    "cluster": "cluster_13",
                    "value": 0.8710000000000003
                },
                {
                    "cluster": "cluster_14",
                    "value": 0.5312857142857145
                },
                {
                    "cluster": "cluster_15",
                    "value": 0.47568431372549025
                },
                {
                    "cluster": "cluster_2",
                    "value": 0.6713999999999999
                },
                {
                    "cluster": "cluster_3",
                    "value": 0.4358916666666665
                },
                {
                    "cluster": "cluster_4",
                    "value": 0.6608999999999997
                },
                {
                    "cluster": "cluster_5",
                    "value": 0.4070000000000001
                },
                {
                    "cluster": "cluster_6",
                    "value": 0.4817192307692305
                },
                {
                    "cluster": "cluster_7",
                    "value": 0.6745199999999998
                },
                {
                    "cluster": "cluster_8",
                    "value": 0.6095217391304348
                },
                {
                    "cluster": "cluster_9",
                    "value": 0.681
                }
            ]
        },
        {
            "variable": "RM",
            "var": 0.5,
            "values": [
                {
                    "cluster": "cluster_0",
                    "value": 6.19331746031746
                },
                {
                    "cluster": "cluster_1",
                    "value": 7.2309583333333345
                },
                {
                    "cluster": "cluster_10",
                    "value": 6.090615384615385
                },
                {
                    "cluster": "cluster_11",
                    "value": 6.151999999999999
                },
                {
                    "cluster": "cluster_12",
                    "value": 7.680071428571428
                },
                {
                    "cluster": "cluster_13",
                    "value": 5.590083333333333
                },
                {
                    "cluster": "cluster_14",
                    "value": 5.918809523809523
                },
                {
                    "cluster": "cluster_15",
                    "value": 6.164627450980394
                },
                {
                    "cluster": "cluster_2",
                    "value": 4.7922666666666665
                },
                {
                    "cluster": "cluster_3",
                    "value": 6.348222222222222
                },
                {
                    "cluster": "cluster_4",
                    "value": 6.2955666666666685
                },
                {
                    "cluster": "cluster_5",
                    "value": 6.465391304347826
                },
                {
                    "cluster": "cluster_6",
                    "value": 7.544846153846152
                },
                {
                    "cluster": "cluster_7",
                    "value": 6.35196
                },
                {
                    "cluster": "cluster_8",
                    "value": 5.870260869565217
                },
                {
                    "cluster": "cluster_9",
                    "value": 6.2026666666666666
                }
            ]
        },
        {
            "variable": "AGE",
            "var": 637.08,
            "values": [
                {
                    "cluster": "cluster_0",
                    "value": 77.07201646090537
                },
                {
                    "cluster": "cluster_1",
                    "value": 32.55910493827161
                },
                {
                    "cluster": "cluster_10",
                    "value": 95.87179487179489
                },
                {
                    "cluster": "cluster_11",
                    "value": 90.48370370370371
                },
                {
                    "cluster": "cluster_12",
                    "value": 85.72989417989416
                },
                {
                    "cluster": "cluster_13",
                    "value": 95.48487654320986
                },
                {
                    "cluster": "cluster_14",
                    "value": 85.14656084656083
                },
                {
                    "cluster": "cluster_15",
                    "value": 34.331372549019605
                },
                {
                    "cluster": "cluster_2",
                    "value": 96.74666666666666
                },
                {
                    "cluster": "cluster_3",
                    "value": 42.15555555555556
                },
                {
                    "cluster": "cluster_4",
                    "value": 78.7772839506173
                },
                {
                    "cluster": "cluster_5",
                    "value": 27.86086956521739
                },
                {
                    "cluster": "cluster_6",
                    "value": 66.84757834757833
                },
                {
                    "cluster": "cluster_7",
                    "value": 88.00474074074074
                },
                {
                    "cluster": "cluster_8",
                    "value": 91.58421900161031
                },
                {
                    "cluster": "cluster_9",
                    "value": 97.3
                }
            ]
        },
        {
            "variable": "cluster_size",
            "var": 265.0,
            "values": [
                {
                    "cluster": "cluster_0",
                    "value": 63
                },
                {
                    "cluster": "cluster_15",
                    "value": 51
                },
                {
                    "cluster": "cluster_14",
                    "value": 42
                },
                {
                    "cluster": "cluster_10",
                    "value": 39
                },
                {
                    "cluster": "cluster_3",
                    "value": 36
                },
                {
                    "cluster": "cluster_4",
                    "value": 30
                },
                {
                    "cluster": "cluster_6",
                    "value": 26
                },
                {
                    "cluster": "cluster_7",
                    "value": 25
                },
                {
                    "cluster": "cluster_1",
                    "value": 24
                },
                {
                    "cluster": "cluster_5",
                    "value": 23
                },
                {
                    "cluster": "cluster_8",
                    "value": 23
                },
                {
                    "cluster": "cluster_2",
                    "value": 15
                },
                {
                    "cluster": "cluster_12",
                    "value": 14
                },
                {
                    "cluster": "cluster_13",
                    "value": 12
                },
                {
                    "cluster": "cluster_11",
                    "value": 5
                },
                {
                    "cluster": "cluster_9",
                    "value": 3
                }
            ]
        }
    ],
    "summary": {
        "clusters": []
    }
}