{
    "metrics": {
        "inertia": 1029.4693936280457,
        "silhouette": 0.31870385243743066,
        "nbClusters": 8
    },
    "processed_feature_names": [
        "TAX",
        "CRIM",
        "PTRATIO",
        "DIS",
        "ZN",
        "INDUS",
        "RAD",
        "NOX",
        "RM",
        "AGE"
    ],
    "variables_importance": {
        "variables": [
            "TAX",
            "CRIM",
            "PTRATIO",
            "DIS",
            "ZN",
            "INDUS",
            "RAD",
            "NOX",
            "RM",
            "AGE"
        ],
        "importances": [
            0.08670184920389552,
            0.09395648941504152,
            0.03310756332859851,
            0.10504576205138888,
            0.0937771598490639,
            0.1314544692879318,
            0.09591416440930686,
            0.09785923925860768,
            0.15141805619976414,
            0.11076524699640132
        ]
    },
    "reduce_vars": [],
    "train_nb_records": 431,
    "train_nb_features": 10,
    "train_nb_outliers": 0,
    "cluster_description": [
        {
            "variable": "TAX",
            "var": 33295.96,
            "values": [
                {
                    "cluster": "cluster_0",
                    "value": 417.95454545454544
                },
                {
                    "cluster": "cluster_1",
                    "value": 288.8333333333333
                },
                {
                    "cluster": "cluster_2",
                    "value": 313.6320754716981
                },
                {
                    "cluster": "cluster_3",
                    "value": 666.0
                },
                {
                    "cluster": "cluster_4",
                    "value": 666.0
                },
                {
                    "cluster": "cluster_5",
                    "value": 319.4
                },
                {
                    "cluster": "cluster_6",
                    "value": 666.0
                },
                {
                    "cluster": "cluster_7",
                    "value": 275.4390243902439
                }
            ]
        },
        {
            "variable": "CRIM",
            "var": 709.13,
            "values": [
                {
                    "cluster": "cluster_0",
                    "value": 1.249313636363636
                },
                {
                    "cluster": "cluster_1",
                    "value": 0.26064938350743905
                },
                {
                    "cluster": "cluster_2",
                    "value": 0.4425271878639646
                },
                {
                    "cluster": "cluster_3",
                    "value": 22.9980285
                },
                {
                    "cluster": "cluster_4",
                    "value": 8.127887274757025
                },
                {
                    "cluster": "cluster_5",
                    "value": 0.35532346410608134
                },
                {
                    "cluster": "cluster_6",
                    "value": 76.81036666666667
                },
                {
                    "cluster": "cluster_7",
                    "value": 0.5014432675900834
                }
            ]
        },
        {
            "variable": "PTRATIO",
            "var": 2.98,
            "values": [
                {
                    "cluster": "cluster_0",
                    "value": 17.686363636363645
                },
                {
                    "cluster": "cluster_1",
                    "value": 18.285897435897443
                },
                {
                    "cluster": "cluster_2",
                    "value": 18.84245283018868
                },
                {
                    "cluster": "cluster_3",
                    "value": 20.199999999999996
                },
                {
                    "cluster": "cluster_4",
                    "value": 20.20000000000003
                },
                {
                    "cluster": "cluster_5",
                    "value": 16.18666666666666
                },
                {
                    "cluster": "cluster_6",
                    "value": 20.2
                },
                {
                    "cluster": "cluster_7",
                    "value": 16.04146341463414
                }
            ]
        },
        {
            "variable": "DIS",
            "var": 4.34,
            "values": [
                {
                    "cluster": "cluster_0",
                    "value": 1.8629818181818179
                },
                {
                    "cluster": "cluster_1",
                    "value": 5.875784615384616
                },
                {
                    "cluster": "cluster_2",
                    "value": 3.528086792452831
                },
                {
                    "cluster": "cluster_3",
                    "value": 1.573815
                },
                {
                    "cluster": "cluster_4",
                    "value": 2.1778510638297868
                },
                {
                    "cluster": "cluster_5",
                    "value": 7.0796222222222225
                },
                {
                    "cluster": "cluster_6",
                    "value": 1.5481666666666667
                },
                {
                    "cluster": "cluster_7",
                    "value": 3.1322780487804875
                }
            ]
        },
        {
            "variable": "ZN",
            "var": 617.96,
            "values": [
                {
                    "cluster": "cluster_0",
                    "value": 0.0
                },
                {
                    "cluster": "cluster_1",
                    "value": 13.16025641025641
                },
                {
                    "cluster": "cluster_2",
                    "value": 1.2311320754716981
                },
                {
                    "cluster": "cluster_3",
                    "value": 0.0
                },
                {
                    "cluster": "cluster_4",
                    "value": 0.0
                },
                {
                    "cluster": "cluster_5",
                    "value": 72.11111111111111
                },
                {
                    "cluster": "cluster_6",
                    "value": 0.0
                },
                {
                    "cluster": "cluster_7",
                    "value": 7.585365853658536
                }
            ]
        },
        {
            "variable": "INDUS",
            "var": 51.16,
            "values": [
                {
                    "cluster": "cluster_0",
                    "value": 21.578817807706706
                },
                {
                    "cluster": "cluster_1",
                    "value": 6.448563891526856
                },
                {
                    "cluster": "cluster_2",
                    "value": 8.731037347620159
                },
                {
                    "cluster": "cluster_3",
                    "value": 17.74919958847737
                },
                {
                    "cluster": "cluster_4",
                    "value": 17.801446458278583
                },
                {
                    "cluster": "cluster_5",
                    "value": 3.0839551897576594
                },
                {
                    "cluster": "cluster_6",
                    "value": 18.1
                },
                {
                    "cluster": "cluster_7",
                    "value": 5.476341463414633
                }
            ]
        },
        {
            "variable": "RAD",
            "var": 102.82,
            "values": [
                {
                    "cluster": "cluster_0",
                    "value": 4.204545454545454
                },
                {
                    "cluster": "cluster_1",
                    "value": 4.769230769230769
                },
                {
                    "cluster": "cluster_2",
                    "value": 4.528301886792453
                },
                {
                    "cluster": "cluster_3",
                    "value": 24.0
                },
                {
                    "cluster": "cluster_4",
                    "value": 24.0
                },
                {
                    "cluster": "cluster_5",
                    "value": 3.5555555555555554
                },
                {
                    "cluster": "cluster_6",
                    "value": 24.0
                },
                {
                    "cluster": "cluster_7",
                    "value": 5.073170731707317
                }
            ]
        },
        {
            "variable": "NOX",
            "var": 0.01,
            "values": [
                {
                    "cluster": "cluster_0",
                    "value": 0.679909090909091
                },
                {
                    "cluster": "cluster_1",
                    "value": 0.4530884615384617
                },
                {
                    "cluster": "cluster_2",
                    "value": 0.5226132075471693
                },
                {
                    "cluster": "cluster_3",
                    "value": 0.6761
                },
                {
                    "cluster": "cluster_4",
                    "value": 0.673404255319149
                },
                {
                    "cluster": "cluster_5",
                    "value": 0.41564888888888896
                },
                {
                    "cluster": "cluster_6",
                    "value": 0.681
                },
                {
                    "cluster": "cluster_7",
                    "value": 0.5304073170731706
                }
            ]
        },
        {
            "variable": "RM",
            "var": 0.59,
            "values": [
                {
                    "cluster": "cluster_0",
                    "value": 5.858840909090909
                },
                {
                    "cluster": "cluster_1",
                    "value": 6.33671794871795
                },
                {
                    "cluster": "cluster_2",
                    "value": 6.049584905660378
                },
                {
                    "cluster": "cluster_3",
                    "value": 4.89025
                },
                {
                    "cluster": "cluster_4",
                    "value": 6.277010638297873
                },
                {
                    "cluster": "cluster_5",
                    "value": 6.80146666666667
                },
                {
                    "cluster": "cluster_6",
                    "value": 6.2026666666666666
                },
                {
                    "cluster": "cluster_7",
                    "value": 7.569682926829269
                }
            ]
        },
        {
            "variable": "AGE",
            "var": 701.68,
            "values": [
                {
                    "cluster": "cluster_0",
                    "value": 93.06489898989899
                },
                {
                    "cluster": "cluster_1",
                    "value": 35.37564102564102
                },
                {
                    "cluster": "cluster_2",
                    "value": 75.89709993011883
                },
                {
                    "cluster": "cluster_3",
                    "value": 95.225
                },
                {
                    "cluster": "cluster_4",
                    "value": 88.3144208037825
                },
                {
                    "cluster": "cluster_5",
                    "value": 30.929300411522636
                },
                {
                    "cluster": "cluster_6",
                    "value": 97.3
                },
                {
                    "cluster": "cluster_7",
                    "value": 73.7037940379404
                }
            ]
        },
        {
            "variable": "cluster_size",
            "var": 1283.84,
            "values": [
                {
                    "cluster": "cluster_2",
                    "value": 106
                },
                {
                    "cluster": "cluster_4",
                    "value": 94
                },
                {
                    "cluster": "cluster_1",
                    "value": 78
                },
                {
                    "cluster": "cluster_5",
                    "value": 45
                },
                {
                    "cluster": "cluster_0",
                    "value": 44
                },
                {
                    "cluster": "cluster_7",
                    "value": 41
                },
                {
                    "cluster": "cluster_3",
                    "value": 20
                },
                {
                    "cluster": "cluster_6",
                    "value": 3
                }
            ]
        }
    ],
    "summary": {
        "clusters": []
    }
}