{
  "starred": false,
  "clusterMetas": {
    "cluster_3": {
      "name": "cluster_3",
      "color": "#4EC5DA"
    },
    "cluster_4": {
      "name": "cluster_4",
      "color": "#548ECB"
    },
    "cluster_1": {
      "name": "cluster_1",
      "color": "#FDC766"
    },
    "cluster_2": {
      "name": "cluster_2",
      "color": "#7BC9A6"
    },
    "cluster_0": {
      "name": "cluster_0",
      "color": "#F06548"
    },
    "cluster_7": {
      "name": "cluster_7",
      "color": "#F06548"
    },
    "cluster_5": {
      "name": "cluster_5",
      "color": "#97668F"
    },
    "cluster_6": {
      "name": "cluster_6",
      "color": "#5E2974"
    }
  },
  "customMeta": {
    "kv": {}
  },
  "tags": [],
  "activeClassifierThreshold": 0.0,
  "description": "KMeans (k\u003d8)\nDrop outliers\n\nTrained in 0 seconds on 431 records\n",
  "name": "KMeans (k\u003d8) (s5)",
  "labels": [
    {
      "key": "trainDataset:dataset-name",
      "value": "train"
    },
    {
      "key": "testDataset:dataset-name",
      "value": "train"
    },
    {
      "key": "evaluationDataset:dataset-name",
      "value": "train"
    },
    {
      "key": "model:algorithm",
      "value": "KMEANS"
    },
    {
      "key": "model:name",
      "value": "KMeans (k\u003d8) (s5)"
    },
    {
      "key": "model:date",
      "value": "2022-11-02T09:24:02.589+0000"
    },
    {
      "key": "evaluation:date",
      "value": "2022-11-02T09:24:02.589+0000"
    }
  ]
}