{
  "starred": false,
  "clusterMetas": {},
  "customMeta": {
    "kv": {}
  },
  "tags": [],
  "activeClassifierThreshold": 0.925,
  "description": "",
  "name": "Logistic Regression (s2) - v1",
  "labels": [
    {
      "key": "trainDataset:dataset-name",
      "value": "train"
    },
    {
      "key": "testDataset:dataset-name",
      "value": "test"
    },
    {
      "key": "evaluationDataset:dataset-name",
      "value": "test"
    },
    {
      "key": "model:algorithm",
      "value": "LOGISTIC_REGRESSION"
    },
    {
      "key": "model:date",
      "value": "2022-12-14T09:37:12.829+0000"
    },
    {
      "key": "evaluation:date",
      "value": "2022-12-14T09:37:12.829+0000"
    },
    {
      "key": "model:name",
      "value": "Logistic Regression (s2) - v1"
    }
  ]
}