{"global": {"size": 431, "facts": [{"type": "numerical", "feature_label": "CRIM", "cluster_label": "cluster_10", "mean": 76.81036666666667, "std": 10.903343970696945, "diff": 8.344976598806511, "global_mean": 3.742854147355657, "global_std": 8.755867875023286}, {"type": "numerical", "feature_label": "B", "cluster_label": "cluster_5", "mean": 54.188928571428576, "std": 48.75751143189884, "diff": -3.2972576236335347, "global_mean": 356.2846867749414, "global_std": 91.62030774853658}, {"type": "numerical", "feature_label": "ZN", "cluster_label": "cluster_8", "mean": 71.02173913043478, "std": 18.502839578393587, "diff": 2.5830284083746777, "global_mean": 10.935034802784223, "global_std": 23.262115171802925}, {"type": "numerical", "feature_label": "PTRATIO", "cluster_label": "cluster_9", "mean": 13.485714285714286, "std": 0.7969722925954418, "diff": -2.2830572238945965, "global_mean": 18.44849187935028, "global_std": 2.173742095333968}, {"type": "numerical", "feature_label": "MEDV", "cluster_label": "cluster_9", "mean": 42.478571428571435, "std": 7.591308650882733, "diff": 2.0759879549149027, "global_mean": 22.724361948955938, "global_std": 9.515570373540653}, {"type": "numerical", "feature_label": "INDUS", "cluster_label": "cluster_6", "mean": 24.142608695652168, "std": 2.515682118579199, "diff": 1.9111578554261375, "global_mean": 11.19228275710616, "global_std": 6.7761676000638}, {"type": "numerical", "feature_label": "RM", "cluster_label": "cluster_9", "mean": 7.680071428571428, "std": 0.5723330746616418, "diff": 1.8776236359572207, "global_mean": 6.302051044083534, "global_std": 0.7339172548205453}, {"type": "numerical", "feature_label": "LSTAT", "cluster_label": "cluster_4", "mean": 25.76867046533713, "std": 5.947442802175472, "diff": 1.7729208023769565, "global_mean": 12.884991836383959, "global_std": 7.2669228155482255}, {"type": "numerical", "feature_label": "PTRATIO", "cluster_label": "cluster_0", "mean": 14.619047619047613, "std": 0.3709704134011869, "diff": -1.761682891692963, "global_mean": 18.44849187935028, "global_std": 2.173742095333968}, {"type": "numerical", "feature_label": "NOX", "cluster_label": "cluster_0", "mean": 0.7590000000000003, "std": 0.13281566172707193, "diff": 1.7608165856847968, "global_mean": 0.5567744779582383, "global_std": 0.11484757906407088}]}, "clusters": [{"cluster": "cluster_0", "size": 21, "facts": [{"type": "numerical", "feature_label": "PTRATIO", "cluster_label": "cluster_0", "mean": 14.619047619047613, "std": 0.3709704134011869, "diff": -1.761682891692963, "global_mean": 18.44849187935028, "global_std": 2.173742095333968}, {"type": "numerical", "feature_label": "NOX", "cluster_label": "cluster_0", "mean": 0.7590000000000003, "std": 0.13281566172707193, "diff": 1.7608165856847968, "global_mean": 0.5567744779582383, "global_std": 0.11484757906407088}, {"type": "numerical", "feature_label": "INDUS", "cluster_label": "cluster_0", "mean": 18.027523025671165, "std": 4.107447697972513, "diff": 1.0087177106570755, "global_mean": 11.19228275710616, "global_std": 6.7761676000638}]}, {"cluster": "cluster_1", "size": 76, "facts": [{"type": "numerical", "feature_label": "AGE", "cluster_label": "cluster_1", "mean": 36.744736842105254, "std": 17.364150001170742, "diff": -1.1828010937379523, "global_mean": 69.16676978602732, "global_std": 27.411230100794203}, {"type": "numerical", "feature_label": "DIS", "cluster_label": "cluster_1", "mean": 5.8785434210526315, "std": 1.4029257707458394, "diff": 1.0393400734624096, "global_mean": 3.7171805104408326, "global_std": 2.079553137416836}, {"type": "numerical", "feature_label": "NOX", "cluster_label": "cluster_1", "mean": 0.4542631578947369, "std": 0.033449734795581526, "diff": -0.8925858159039872, "global_mean": 0.5567744779582383, "global_std": 0.11484757906407088}]}, {"cluster": "cluster_2", "size": 60, "facts": [{"type": "numerical", "feature_label": "RAD", "cluster_label": "cluster_2", "mean": 24.0, "std": 0.0, "diff": 1.6149334258185704, "global_mean": 9.77494199535963, "global_std": 8.808448557209122}, {"type": "numerical", "feature_label": "TAX", "cluster_label": "cluster_2", "mean": 666.0, "std": 0.0, "diff": 1.4848729393217464, "global_mean": 412.41763341067286, "global_std": 170.77714858562737}, {"type": "numerical", "feature_label": "NOX", "cluster_label": "cluster_2", "mean": 0.6710833333333331, "std": 0.0718945300167383, "diff": 0.9953092290375968, "global_mean": 0.5567744779582383, "global_std": 0.11484757906407088}]}, {"cluster": "cluster_3", "size": 96, "facts": [{"type": "numerical", "feature_label": "RAD", "cluster_label": "cluster_3", "mean": 4.489583333333333, "std": 1.4067116688569286, "diff": -0.6000328693184666, "global_mean": 9.77494199535963, "global_std": 8.808448557209122}, {"type": "numerical", "feature_label": "TAX", "cluster_label": "cluster_3", "mean": 317.0520833333333, "std": 59.67356283042925, "diff": -0.5584210233462437, "global_mean": 412.41763341067286, "global_std": 170.77714858562737}, {"type": "numerical", "feature_label": "ZN", "cluster_label": "cluster_3", "mean": 1.1510416666666667, "std": 4.757885306280442, "diff": -0.42059774289043084, "global_mean": 10.935034802784223, "global_std": 23.262115171802925}]}, {"cluster": "cluster_4", "size": 26, "facts": [{"type": "numerical", "feature_label": "LSTAT", "cluster_label": "cluster_4", "mean": 25.76867046533713, "std": 5.947442802175472, "diff": 1.7729208023769565, "global_mean": 12.884991836383959, "global_std": 7.2669228155482255}, {"type": "numerical", "feature_label": "CRIM", "cluster_label": "cluster_4", "mean": 19.06225576923077, "std": 10.354251870181706, "diff": 1.7496154396727202, "global_mean": 3.742854147355657, "global_std": 8.755867875023286}, {"type": "numerical", "feature_label": "RAD", "cluster_label": "cluster_4", "mean": 24.0, "std": 0.0, "diff": 1.6149334258185704, "global_mean": 9.77494199535963, "global_std": 8.808448557209122}]}, {"cluster": "cluster_5", "size": 28, "facts": [{"type": "numerical", "feature_label": "B", "cluster_label": "cluster_5", "mean": 54.188928571428576, "std": 48.75751143189884, "diff": -3.2972576236335347, "global_mean": 356.2846867749414, "global_std": 91.62030774853658}, {"type": "numerical", "feature_label": "RAD", "cluster_label": "cluster_5", "mean": 24.0, "std": 0.0, "diff": 1.6149334258185704, "global_mean": 9.77494199535963, "global_std": 8.808448557209122}, {"type": "numerical", "feature_label": "TAX", "cluster_label": "cluster_5", "mean": 666.0, "std": 0.0, "diff": 1.4848729393217464, "global_mean": 412.41763341067286, "global_std": 170.77714858562737}]}, {"cluster": "cluster_6", "size": 23, "facts": [{"type": "numerical", "feature_label": "INDUS", "cluster_label": "cluster_6", "mean": 24.142608695652168, "std": 2.515682118579199, "diff": 1.9111578554261375, "global_mean": 11.19228275710616, "global_std": 6.7761676000638}, {"type": "numerical", "feature_label": "PTRATIO", "cluster_label": "cluster_6", "mean": 20.41304347826087, "std": 0.9111951930524521, "diff": 0.9037648040802945, "global_mean": 18.44849187935028, "global_std": 2.173742095333968}, {"type": "numerical", "feature_label": "DIS", "cluster_label": "cluster_6", "mean": 1.921260869565218, "std": 0.23121706593810856, "diff": -0.8636084399874758, "global_mean": 3.7171805104408326, "global_std": 2.079553137416836}]}, {"cluster": "cluster_7", "size": 38, "facts": [{"type": "numerical", "feature_label": "RM", "cluster_label": "cluster_7", "mean": 7.293947368421053, "std": 0.600118724621667, "diff": 1.3515097483026939, "global_mean": 6.302051044083534, "global_std": 0.7339172548205453}, {"type": "numerical", "feature_label": "MEDV", "cluster_label": "cluster_7", "mean": 35.573684210526324, "std": 7.2370923013778725, "diff": 1.3503470372411608, "global_mean": 22.724361948955938, "global_std": 9.515570373540653}, {"type": "numerical", "feature_label": "INDUS", "cluster_label": "cluster_7", "mean": 4.438947368421055, "std": 1.77472310664598, "diff": -0.9966305125955739, "global_mean": 11.19228275710616, "global_std": 6.7761676000638}]}, {"cluster": "cluster_8", "size": 46, "facts": [{"type": "numerical", "feature_label": "ZN", "cluster_label": "cluster_8", "mean": 71.02173913043478, "std": 18.502839578393587, "diff": 2.5830284083746777, "global_mean": 10.935034802784223, "global_std": 23.262115171802925}, {"type": "numerical", "feature_label": "DIS", "cluster_label": "cluster_8", "mean": 7.119341304347826, "std": 1.7932131325982157, "diff": 1.6360057036739466, "global_mean": 3.7171805104408326, "global_std": 2.079553137416836}, {"type": "numerical", "feature_label": "AGE", "cluster_label": "cluster_8", "mean": 30.439533011272147, "std": 12.173887868469912, "diff": -1.412823745317183, "global_mean": 69.16676978602732, "global_std": 27.411230100794203}]}, {"cluster": "cluster_9", "size": 14, "facts": [{"type": "numerical", "feature_label": "PTRATIO", "cluster_label": "cluster_9", "mean": 13.485714285714286, "std": 0.7969722925954418, "diff": -2.2830572238945965, "global_mean": 18.44849187935028, "global_std": 2.173742095333968}, {"type": "numerical", "feature_label": "MEDV", "cluster_label": "cluster_9", "mean": 42.478571428571435, "std": 7.591308650882733, "diff": 2.0759879549149027, "global_mean": 22.724361948955938, "global_std": 9.515570373540653}, {"type": "numerical", "feature_label": "RM", "cluster_label": "cluster_9", "mean": 7.680071428571428, "std": 0.5723330746616418, "diff": 1.8776236359572207, "global_mean": 6.302051044083534, "global_std": 0.7339172548205453}]}, {"cluster": "cluster_10", "size": 3, "facts": [{"type": "numerical", "feature_label": "CRIM", "cluster_label": "cluster_10", "mean": 76.81036666666667, "std": 10.903343970696945, "diff": 8.344976598806511, "global_mean": 3.742854147355657, "global_std": 8.755867875023286}, {"type": "numerical", "feature_label": "RAD", "cluster_label": "cluster_10", "mean": 24.0, "std": 0.0, "diff": 1.6149334258185704, "global_mean": 9.77494199535963, "global_std": 8.808448557209122}, {"type": "numerical", "feature_label": "MEDV", "cluster_label": "cluster_10", "mean": 8.066666666666668, "std": 2.7736858750286295, "diff": -1.5403906131625067, "global_mean": 22.724361948955938, "global_std": 9.515570373540653}]}]}