{
    "metrics": {
        "inertia": 1396.2550836683433,
        "silhouette": 0.26813145850260556,
        "nbClusters": 11
    },
    "processed_feature_names": [
        "B",
        "TAX",
        "CRIM",
        "PTRATIO",
        "MEDV",
        "DIS",
        "ZN",
        "INDUS",
        "RAD",
        "LSTAT",
        "NOX",
        "RM",
        "AGE",
        "dummy:CHAS:0",
        "dummy:CHAS:N/A",
        "dummy:CHAS:__Others__"
    ],
    "variables_importance": {
        "variables": [
            "B",
            "TAX",
            "CRIM",
            "PTRATIO",
            "MEDV",
            "DIS",
            "ZN",
            "INDUS",
            "RAD",
            "LSTAT",
            "NOX",
            "RM",
            "AGE",
            "dummy:CHAS:0",
            "dummy:CHAS:__Others__"
        ],
        "importances": [
            0.07397136878954595,
            0.05593496817924495,
            0.06785404471362885,
            0.049004926980165314,
            0.08506445641999724,
            0.09627795429635817,
            0.08660182339556567,
            0.11180150028307485,
            0.07110126882691796,
            0.06905515819447436,
            0.0769366683820079,
            0.06724306882195873,
            0.08578145953478548,
            0.001469163832046441,
            0.0019021693502282555
        ]
    },
    "reduce_vars": [],
    "train_nb_records": 431,
    "train_nb_features": 16,
    "train_nb_outliers": 0,
    "cluster_description": [
        {
            "variable": "dummy:CHAS:0",
            "var": 0.0,
            "values": [
                {
                    "cluster": "cluster_0",
                    "value": 0.8571428571428571
                },
                {
                    "cluster": "cluster_1",
                    "value": 0.9868421052631579
                },
                {
                    "cluster": "cluster_10",
                    "value": 1.0
                },
                {
                    "cluster": "cluster_2",
                    "value": 0.8666666666666667
                },
                {
                    "cluster": "cluster_3",
                    "value": 0.8854166666666666
                },
                {
                    "cluster": "cluster_4",
                    "value": 1.0
                },
                {
                    "cluster": "cluster_5",
                    "value": 1.0
                },
                {
                    "cluster": "cluster_6",
                    "value": 1.0
                },
                {
                    "cluster": "cluster_7",
                    "value": 0.8421052631578947
                },
                {
                    "cluster": "cluster_8",
                    "value": 0.9782608695652174
                },
                {
                    "cluster": "cluster_9",
                    "value": 0.8571428571428571
                }
            ]
        },
        {
            "variable": "dummy:CHAS:N/A",
            "var": 0.0,
            "values": [
                {
                    "cluster": "cluster_0",
                    "value": 0.0
                },
                {
                    "cluster": "cluster_1",
                    "value": 0.0
                },
                {
                    "cluster": "cluster_10",
                    "value": 0.0
                },
                {
                    "cluster": "cluster_2",
                    "value": 0.0
                },
                {
                    "cluster": "cluster_3",
                    "value": 0.0
                },
                {
                    "cluster": "cluster_4",
                    "value": 0.0
                },
                {
                    "cluster": "cluster_5",
                    "value": 0.0
                },
                {
                    "cluster": "cluster_6",
                    "value": 0.0
                },
                {
                    "cluster": "cluster_7",
                    "value": 0.0
                },
                {
                    "cluster": "cluster_8",
                    "value": 0.0
                },
                {
                    "cluster": "cluster_9",
                    "value": 0.0
                }
            ]
        },
        {
            "variable": "dummy:CHAS:__Others__",
            "var": 0.0,
            "values": [
                {
                    "cluster": "cluster_0",
                    "value": 0.14285714285714285
                },
                {
                    "cluster": "cluster_1",
                    "value": 0.013157894736842105
                },
                {
                    "cluster": "cluster_10",
                    "value": 0.0
                },
                {
                    "cluster": "cluster_2",
                    "value": 0.13333333333333333
                },
                {
                    "cluster": "cluster_3",
                    "value": 0.11458333333333333
                },
                {
                    "cluster": "cluster_4",
                    "value": 0.0
                },
                {
                    "cluster": "cluster_5",
                    "value": 0.0
                },
                {
                    "cluster": "cluster_6",
                    "value": 0.0
                },
                {
                    "cluster": "cluster_7",
                    "value": 0.15789473684210525
                },
                {
                    "cluster": "cluster_8",
                    "value": 0.021739130434782608
                },
                {
                    "cluster": "cluster_9",
                    "value": 0.14285714285714285
                }
            ]
        },
        {
            "variable": "B",
            "var": 10110.39,
            "values": [
                {
                    "cluster": "cluster_0",
                    "value": 318.7280952380952
                },
                {
                    "cluster": "cluster_1",
                    "value": 390.5134210526317
                },
                {
                    "cluster": "cluster_10",
                    "value": 266.1066666666667
                },
                {
                    "cluster": "cluster_2",
                    "value": 372.35833333333335
                },
                {
                    "cluster": "cluster_3",
                    "value": 379.9446875000001
                },
                {
                    "cluster": "cluster_4",
                    "value": 355.3253846153847
                },
                {
                    "cluster": "cluster_5",
                    "value": 54.188928571428576
                },
                {
                    "cluster": "cluster_6",
                    "value": 378.24652173913046
                },
                {
                    "cluster": "cluster_7",
                    "value": 388.90868421052625
                },
                {
                    "cluster": "cluster_8",
                    "value": 390.1282608695651
                },
                {
                    "cluster": "cluster_9",
                    "value": 385.14500000000004
                }
            ]
        },
        {
            "variable": "TAX",
            "var": 30589.54,
            "values": [
                {
                    "cluster": "cluster_0",
                    "value": 396.3809523809524
                },
                {
                    "cluster": "cluster_1",
                    "value": 292.4342105263158
                },
                {
                    "cluster": "cluster_10",
                    "value": 666.0
                },
                {
                    "cluster": "cluster_2",
                    "value": 666.0
                },
                {
                    "cluster": "cluster_3",
                    "value": 317.0520833333333
                },
                {
                    "cluster": "cluster_4",
                    "value": 666.0
                },
                {
                    "cluster": "cluster_5",
                    "value": 666.0
                },
                {
                    "cluster": "cluster_6",
                    "value": 431.60869565217394
                },
                {
                    "cluster": "cluster_7",
                    "value": 262.1578947368421
                },
                {
                    "cluster": "cluster_8",
                    "value": 319.6304347826087
                },
                {
                    "cluster": "cluster_9",
                    "value": 303.7142857142857
                }
            ]
        },
        {
            "variable": "CRIM",
            "var": 515.66,
            "values": [
                {
                    "cluster": "cluster_0",
                    "value": 2.156145238095238
                },
                {
                    "cluster": "cluster_1",
                    "value": 0.26393384096816114
                },
                {
                    "cluster": "cluster_10",
                    "value": 76.81036666666667
                },
                {
                    "cluster": "cluster_2",
                    "value": 6.783928264746227
                },
                {
                    "cluster": "cluster_3",
                    "value": 0.4234447702331961
                },
                {
                    "cluster": "cluster_4",
                    "value": 19.06225576923077
                },
                {
                    "cluster": "cluster_5",
                    "value": 11.475986712228103
                },
                {
                    "cluster": "cluster_6",
                    "value": 0.4012517391304347
                },
                {
                    "cluster": "cluster_7",
                    "value": 0.29877563082087943
                },
                {
                    "cluster": "cluster_8",
                    "value": 0.35561947575594915
                },
                {
                    "cluster": "cluster_9",
                    "value": 1.1305417122281012
                }
            ]
        },
        {
            "variable": "PTRATIO",
            "var": 6.12,
            "values": [
                {
                    "cluster": "cluster_0",
                    "value": 14.619047619047613
                },
                {
                    "cluster": "cluster_1",
                    "value": 18.376315789473693
                },
                {
                    "cluster": "cluster_10",
                    "value": 20.2
                },
                {
                    "cluster": "cluster_2",
                    "value": 20.200000000000024
                },
                {
                    "cluster": "cluster_3",
                    "value": 18.972916666666674
                },
                {
                    "cluster": "cluster_4",
                    "value": 20.199999999999992
                },
                {
                    "cluster": "cluster_5",
                    "value": 20.199999999999996
                },
                {
                    "cluster": "cluster_6",
                    "value": 20.41304347826087
                },
                {
                    "cluster": "cluster_7",
                    "value": 17.292105263157886
                },
                {
                    "cluster": "cluster_8",
                    "value": 16.249999999999996
                },
                {
                    "cluster": "cluster_9",
                    "value": 13.485714285714286
                }
            ]
        },
        {
            "variable": "MEDV",
            "var": 112.47,
            "values": [
                {
                    "cluster": "cluster_0",
                    "value": 19.423809523809528
                },
                {
                    "cluster": "cluster_1",
                    "value": 23.302631578947363
                },
                {
                    "cluster": "cluster_10",
                    "value": 8.066666666666668
                },
                {
                    "cluster": "cluster_2",
                    "value": 21.075
                },
                {
                    "cluster": "cluster_3",
                    "value": 20.157291666666662
                },
                {
                    "cluster": "cluster_4",
                    "value": 10.519230769230772
                },
                {
                    "cluster": "cluster_5",
                    "value": 13.396428571428569
                },
                {
                    "cluster": "cluster_6",
                    "value": 16.456521739130437
                },
                {
                    "cluster": "cluster_7",
                    "value": 35.573684210526324
                },
                {
                    "cluster": "cluster_8",
                    "value": 30.823913043478253
                },
                {
                    "cluster": "cluster_9",
                    "value": 42.478571428571435
                }
            ]
        },
        {
            "variable": "DIS",
            "var": 3.48,
            "values": [
                {
                    "cluster": "cluster_0",
                    "value": 1.8043523809523812
                },
                {
                    "cluster": "cluster_1",
                    "value": 5.8785434210526315
                },
                {
                    "cluster": "cluster_10",
                    "value": 1.5481666666666667
                },
                {
                    "cluster": "cluster_2",
                    "value": 2.304511666666666
                },
                {
                    "cluster": "cluster_3",
                    "value": 3.5255447916666687
                },
                {
                    "cluster": "cluster_4",
                    "value": 1.5678269230769228
                },
                {
                    "cluster": "cluster_5",
                    "value": 2.0414321428571425
                },
                {
                    "cluster": "cluster_6",
                    "value": 1.921260869565218
                },
                {
                    "cluster": "cluster_7",
                    "value": 3.5967631578947366
                },
                {
                    "cluster": "cluster_8",
                    "value": 7.119341304347826
                },
                {
                    "cluster": "cluster_9",
                    "value": 2.1283785714285712
                }
            ]
        },
        {
            "variable": "ZN",
            "var": 440.06,
            "values": [
                {
                    "cluster": "cluster_0",
                    "value": 0.9523809523809523
                },
                {
                    "cluster": "cluster_1",
                    "value": 11.467105263157896
                },
                {
                    "cluster": "cluster_10",
                    "value": 0.0
                },
                {
                    "cluster": "cluster_2",
                    "value": 0.0
                },
                {
                    "cluster": "cluster_3",
                    "value": 1.1510416666666667
                },
                {
                    "cluster": "cluster_4",
                    "value": 0.0
                },
                {
                    "cluster": "cluster_5",
                    "value": 0.0
                },
                {
                    "cluster": "cluster_6",
                    "value": 0.0
                },
                {
                    "cluster": "cluster_7",
                    "value": 6.947368421052632
                },
                {
                    "cluster": "cluster_8",
                    "value": 71.02173913043478
                },
                {
                    "cluster": "cluster_9",
                    "value": 12.857142857142858
                }
            ]
        },
        {
            "variable": "INDUS",
            "var": 49.13,
            "values": [
                {
                    "cluster": "cluster_0",
                    "value": 18.027523025671165
                },
                {
                    "cluster": "cluster_1",
                    "value": 6.662999783409141
                },
                {
                    "cluster": "cluster_10",
                    "value": 18.1
                },
                {
                    "cluster": "cluster_2",
                    "value": 17.749199588477378
                },
                {
                    "cluster": "cluster_3",
                    "value": 9.05906207133059
                },
                {
                    "cluster": "cluster_4",
                    "value": 17.83015352959798
                },
                {
                    "cluster": "cluster_5",
                    "value": 17.84942827748384
                },
                {
                    "cluster": "cluster_6",
                    "value": 24.142608695652168
                },
                {
                    "cluster": "cluster_7",
                    "value": 4.438947368421055
                },
                {
                    "cluster": "cluster_8",
                    "value": 3.1443039899803185
                },
                {
                    "cluster": "cluster_9",
                    "value": 8.429999999999998
                }
            ]
        },
        {
            "variable": "RAD",
            "var": 97.22,
            "values": [
                {
                    "cluster": "cluster_0",
                    "value": 5.0
                },
                {
                    "cluster": "cluster_1",
                    "value": 4.7368421052631575
                },
                {
                    "cluster": "cluster_10",
                    "value": 24.0
                },
                {
                    "cluster": "cluster_2",
                    "value": 24.0
                },
                {
                    "cluster": "cluster_3",
                    "value": 4.489583333333333
                },
                {
                    "cluster": "cluster_4",
                    "value": 24.0
                },
                {
                    "cluster": "cluster_5",
                    "value": 24.0
                },
                {
                    "cluster": "cluster_6",
                    "value": 3.4782608695652173
                },
                {
                    "cluster": "cluster_7",
                    "value": 5.052631578947368
                },
                {
                    "cluster": "cluster_8",
                    "value": 3.630434782608696
                },
                {
                    "cluster": "cluster_9",
                    "value": 5.0
                }
            ]
        },
        {
            "variable": "LSTAT",
            "var": 47.14,
            "values": [
                {
                    "cluster": "cluster_0",
                    "value": 16.25142857142857
                },
                {
                    "cluster": "cluster_1",
                    "value": 8.850620532813513
                },
                {
                    "cluster": "cluster_10",
                    "value": 20.27
                },
                {
                    "cluster": "cluster_2",
                    "value": 14.152181069958848
                },
                {
                    "cluster": "cluster_3",
                    "value": 14.125387088477368
                },
                {
                    "cluster": "cluster_4",
                    "value": 25.76867046533713
                },
                {
                    "cluster": "cluster_5",
                    "value": 21.058928571428567
                },
                {
                    "cluster": "cluster_6",
                    "value": 18.984347826086957
                },
                {
                    "cluster": "cluster_7",
                    "value": 6.016075373619233
                },
                {
                    "cluster": "cluster_8",
                    "value": 5.536956521739131
                },
                {
                    "cluster": "cluster_9",
                    "value": 6.71
                }
            ]
        },
        {
            "variable": "NOX",
            "var": 0.01,
            "values": [
                {
                    "cluster": "cluster_0",
                    "value": 0.7590000000000003
                },
                {
                    "cluster": "cluster_1",
                    "value": 0.4542631578947369
                },
                {
                    "cluster": "cluster_10",
                    "value": 0.681
                },
                {
                    "cluster": "cluster_2",
                    "value": 0.6710833333333331
                },
                {
                    "cluster": "cluster_3",
                    "value": 0.5248124999999997
                },
                {
                    "cluster": "cluster_4",
                    "value": 0.6841153846153845
                },
                {
                    "cluster": "cluster_5",
                    "value": 0.6703571428571429
                },
                {
                    "cluster": "cluster_6",
                    "value": 0.6095217391304348
                },
                {
                    "cluster": "cluster_7",
                    "value": 0.48314736842105266
                },
                {
                    "cluster": "cluster_8",
                    "value": 0.4159826086956522
                },
                {
                    "cluster": "cluster_9",
                    "value": 0.6247142857142858
                }
            ]
        },
        {
            "variable": "RM",
            "var": 0.46,
            "values": [
                {
                    "cluster": "cluster_0",
                    "value": 5.7804761904761905
                },
                {
                    "cluster": "cluster_1",
                    "value": 6.273434210526317
                },
                {
                    "cluster": "cluster_10",
                    "value": 6.2026666666666666
                },
                {
                    "cluster": "cluster_2",
                    "value": 6.264816666666665
                },
                {
                    "cluster": "cluster_3",
                    "value": 6.015927083333334
                },
                {
                    "cluster": "cluster_4",
                    "value": 5.360038461538465
                },
                {
                    "cluster": "cluster_5",
                    "value": 6.16407142857143
                },
                {
                    "cluster": "cluster_6",
                    "value": 5.870260869565217
                },
                {
                    "cluster": "cluster_7",
                    "value": 7.293947368421053
                },
                {
                    "cluster": "cluster_8",
                    "value": 6.833152173913046
                },
                {
                    "cluster": "cluster_9",
                    "value": 7.680071428571428
                }
            ]
        },
        {
            "variable": "AGE",
            "var": 550.07,
            "values": [
                {
                    "cluster": "cluster_0",
                    "value": 93.03897707231039
                },
                {
                    "cluster": "cluster_1",
                    "value": 36.744736842105254
                },
                {
                    "cluster": "cluster_10",
                    "value": 97.3
                },
                {
                    "cluster": "cluster_2",
                    "value": 86.81228395061727
                },
                {
                    "cluster": "cluster_3",
                    "value": 76.86971450617285
                },
                {
                    "cluster": "cluster_4",
                    "value": 96.46538461538465
                },
                {
                    "cluster": "cluster_5",
                    "value": 88.90066137566136
                },
                {
                    "cluster": "cluster_6",
                    "value": 91.58421900161031
                },
                {
                    "cluster": "cluster_7",
                    "value": 65.26676413255362
                },
                {
                    "cluster": "cluster_8",
                    "value": 30.439533011272147
                },
                {
                    "cluster": "cluster_9",
                    "value": 85.72989417989416
                }
            ]
        },
        {
            "variable": "cluster_size",
            "var": 789.96,
            "values": [
                {
                    "cluster": "cluster_3",
                    "value": 96
                },
                {
                    "cluster": "cluster_1",
                    "value": 76
                },
                {
                    "cluster": "cluster_2",
                    "value": 60
                },
                {
                    "cluster": "cluster_8",
                    "value": 46
                },
                {
                    "cluster": "cluster_7",
                    "value": 38
                },
                {
                    "cluster": "cluster_5",
                    "value": 28
                },
                {
                    "cluster": "cluster_4",
                    "value": 26
                },
                {
                    "cluster": "cluster_6",
                    "value": 23
                },
                {
                    "cluster": "cluster_0",
                    "value": 21
                },
                {
                    "cluster": "cluster_9",
                    "value": 14
                },
                {
                    "cluster": "cluster_10",
                    "value": 3
                }
            ]
        }
    ],
    "summary": {
        "clusters": []
    }
}