{"global": {"size": 431, "facts": [{"type": "numerical", "feature_label": "CRIM", "cluster_label": "cluster_7", "mean": 69.04429999999999, "std": 17.902581910067237, "diff": 7.458020927762191, "global_mean": 3.742854147355657, "global_std": 8.755867875023286}, {"type": "numerical", "feature_label": "B", "cluster_label": "cluster_5", "mean": 54.188928571428576, "std": 48.75751143189884, "diff": -3.2972576236335347, "global_mean": 356.2846867749414, "global_std": 91.62030774853658}, {"type": "numerical", "feature_label": "ZN", "cluster_label": "cluster_15", "mean": 85.83333333333333, "std": 6.614378277661476, "diff": 3.2197544366617517, "global_mean": 10.935034802784223, "global_std": 23.262115171802925}, {"type": "numerical", "feature_label": "ZN", "cluster_label": "cluster_13", "mean": 79.82142857142857, "std": 11.027251458331524, "diff": 2.9613125573440846, "global_mean": 10.935034802784223, "global_std": 23.262115171802925}, {"type": "numerical", "feature_label": "NOX", "cluster_label": "cluster_11", "mean": 0.8710000000000003, "std": 3.493235195007277e-16, "diff": 2.7360221660960105, "global_mean": 0.5567744779582383, "global_std": 0.11484757906407088}, {"type": "numerical", "feature_label": "ZN", "cluster_label": "cluster_9", "mean": 70.76923076923077, "std": 15.758087056883133, "diff": 2.5721734900089532, "global_mean": 10.935034802784223, "global_std": 23.262115171802925}, {"type": "numerical", "feature_label": "DIS", "cluster_label": "cluster_9", "mean": 9.050307692307694, "std": 1.6505099249734603, "diff": 2.564554415998971, "global_mean": 3.7171805104408326, "global_std": 2.079553137416836}, {"type": "numerical", "feature_label": "MEDV", "cluster_label": "cluster_0", "mean": 46.25, "std": 9.185586535436919, "diff": 2.472330835412696, "global_mean": 22.724361948955938, "global_std": 9.515570373540653}, {"type": "numerical", "feature_label": "MEDV", "cluster_label": "cluster_10", "mean": 43.873684210526314, "std": 6.961628330056694, "diff": 2.2226016340942594, "global_mean": 22.724361948955938, "global_std": 9.515570373540653}, {"type": "numerical", "feature_label": "RM", "cluster_label": "cluster_10", "mean": 7.884421052631579, "std": 0.5350060556032649, "diff": 2.1560605070321723, "global_mean": 6.302051044083534, "global_std": 0.7339172548205453}]}, "clusters": [{"cluster": "cluster_0", "size": 6, "facts": [{"type": "numerical", "feature_label": "MEDV", "cluster_label": "cluster_0", "mean": 46.25, "std": 9.185586535436919, "diff": 2.472330835412696, "global_mean": 22.724361948955938, "global_std": 9.515570373540653}, {"type": "numerical", "feature_label": "RAD", "cluster_label": "cluster_0", "mean": 24.0, "std": 0.0, "diff": 1.6149334258185704, "global_mean": 9.77494199535963, "global_std": 8.808448557209122}, {"type": "numerical", "feature_label": "TAX", "cluster_label": "cluster_0", "mean": 666.0, "std": 0.0, "diff": 1.4848729393217464, "global_mean": 412.41763341067286, "global_std": 170.77714858562737}]}, {"cluster": "cluster_1", "size": 62, "facts": [{"type": "numerical", "feature_label": "AGE", "cluster_label": "cluster_1", "mean": 38.25806451612903, "std": 17.471058488743065, "diff": -1.127592784280146, "global_mean": 69.16676978602732, "global_std": 27.411230100794203}, {"type": "numerical", "feature_label": "DIS", "cluster_label": "cluster_1", "mean": 5.844056451612905, "std": 1.267001320612218, "diff": 1.0227562368586647, "global_mean": 3.7171805104408326, "global_std": 2.079553137416836}, {"type": "numerical", "feature_label": "NOX", "cluster_label": "cluster_1", "mean": 0.45791774193548385, "std": 0.03492910630045814, "diff": -0.8607646484877537, "global_mean": 0.5567744779582383, "global_std": 0.11484757906407088}]}, {"cluster": "cluster_2", "size": 28, "facts": [{"type": "numerical", "feature_label": "AGE", "cluster_label": "cluster_2", "mean": 35.81203703703704, "std": 17.127051216613964, "diff": -1.2168272867120937, "global_mean": 69.16676978602732, "global_std": 27.411230100794203}, {"type": "numerical", "feature_label": "DIS", "cluster_label": "cluster_2", "mean": 5.866067857142857, "std": 1.4730070068611028, "diff": 1.0333409173527126, "global_mean": 3.7171805104408326, "global_std": 2.079553137416836}, {"type": "numerical", "feature_label": "NOX", "cluster_label": "cluster_2", "mean": 0.43981428571428566, "std": 0.017379718155787306, "diff": -1.0183949300202766, "global_mean": 0.5567744779582383, "global_std": 0.11484757906407088}]}, {"cluster": "cluster_3", "size": 10, "facts": [{"type": "numerical", "feature_label": "PTRATIO", "cluster_label": "cluster_3", "mean": 14.7, "std": 0.0, "diff": -1.7244418679642723, "global_mean": 18.44849187935028, "global_std": 2.173742095333968}, {"type": "numerical", "feature_label": "INDUS", "cluster_label": "cluster_3", "mean": 19.579999999999995, "std": 3.744889033148481e-15, "diff": 1.2378261191200262, "global_mean": 11.19228275710616, "global_std": 6.7761676000638}, {"type": "numerical", "feature_label": "AGE", "cluster_label": "cluster_3", "mean": 94.26, "std": 6.0227716026575155, "diff": 0.9154361231401157, "global_mean": 69.16676978602732, "global_std": 27.411230100794203}]}, {"cluster": "cluster_4", "size": 33, "facts": [{"type": "numerical", "feature_label": "RM", "cluster_label": "cluster_4", "mean": 6.994606060606061, "std": 0.5158591704255351, "diff": 0.9436418233440607, "global_mean": 6.302051044083534, "global_std": 0.7339172548205453}, {"type": "numerical", "feature_label": "INDUS", "cluster_label": "cluster_4", "mean": 4.837878787878788, "std": 2.546426120045206, "diff": -0.9377577923496968, "global_mean": 11.19228275710616, "global_std": 6.7761676000638}, {"type": "numerical", "feature_label": "MEDV", "cluster_label": "cluster_4", "mean": 31.536363636363646, "std": 5.852820803991556, "diff": 0.9260613228094751, "global_mean": 22.724361948955938, "global_std": 9.515570373540653}]}, {"cluster": "cluster_5", "size": 28, "facts": [{"type": "numerical", "feature_label": "B", "cluster_label": "cluster_5", "mean": 54.188928571428576, "std": 48.75751143189884, "diff": -3.2972576236335347, "global_mean": 356.2846867749414, "global_std": 91.62030774853658}, {"type": "numerical", "feature_label": "RAD", "cluster_label": "cluster_5", "mean": 24.0, "std": 0.0, "diff": 1.6149334258185704, "global_mean": 9.77494199535963, "global_std": 8.808448557209122}, {"type": "numerical", "feature_label": "TAX", "cluster_label": "cluster_5", "mean": 666.0, "std": 0.0, "diff": 1.4848729393217464, "global_mean": 412.41763341067286, "global_std": 170.77714858562737}]}, {"cluster": "cluster_6", "size": 23, "facts": [{"type": "numerical", "feature_label": "INDUS", "cluster_label": "cluster_6", "mean": 24.142608695652168, "std": 2.515682118579199, "diff": 1.9111578554261375, "global_mean": 11.19228275710616, "global_std": 6.7761676000638}, {"type": "numerical", "feature_label": "PTRATIO", "cluster_label": "cluster_6", "mean": 20.41304347826087, "std": 0.9111951930524521, "diff": 0.9037648040802945, "global_mean": 18.44849187935028, "global_std": 2.173742095333968}, {"type": "numerical", "feature_label": "DIS", "cluster_label": "cluster_6", "mean": 1.921260869565218, "std": 0.23121706593810856, "diff": -0.8636084399874758, "global_mean": 3.7171805104408326, "global_std": 2.079553137416836}]}, {"cluster": "cluster_7", "size": 4, "facts": [{"type": "numerical", "feature_label": "CRIM", "cluster_label": "cluster_7", "mean": 69.04429999999999, "std": 17.902581910067237, "diff": 7.458020927762191, "global_mean": 3.742854147355657, "global_std": 8.755867875023286}, {"type": "numerical", "feature_label": "RAD", "cluster_label": "cluster_7", "mean": 24.0, "std": 0.0, "diff": 1.6149334258185704, "global_mean": 9.77494199535963, "global_std": 8.808448557209122}, {"type": "numerical", "feature_label": "LSTAT", "cluster_label": "cluster_7", "mean": 24.447499999999998, "std": 8.684243874204975, "diff": 1.5911147616535886, "global_mean": 12.884991836383959, "global_std": 7.2669228155482255}]}, {"cluster": "cluster_8", "size": 58, "facts": [{"type": "numerical", "feature_label": "RAD", "cluster_label": "cluster_8", "mean": 24.0, "std": 0.0, "diff": 1.6149334258185704, "global_mean": 9.77494199535963, "global_std": 8.808448557209122}, {"type": "numerical", "feature_label": "TAX", "cluster_label": "cluster_8", "mean": 666.0, "std": 0.0, "diff": 1.4848729393217464, "global_mean": 412.41763341067286, "global_std": 170.77714858562737}, {"type": "numerical", "feature_label": "NOX", "cluster_label": "cluster_8", "mean": 0.6750344827586202, "std": 0.07268387825714653, "diff": 1.0297126483999048, "global_mean": 0.5567744779582383, "global_std": 0.11484757906407088}]}, {"cluster": "cluster_9", "size": 13, "facts": [{"type": "numerical", "feature_label": "ZN", "cluster_label": "cluster_9", "mean": 70.76923076923077, "std": 15.758087056883133, "diff": 2.5721734900089532, "global_mean": 10.935034802784223, "global_std": 23.262115171802925}, {"type": "numerical", "feature_label": "DIS", "cluster_label": "cluster_9", "mean": 9.050307692307694, "std": 1.6505099249734603, "diff": 2.564554415998971, "global_mean": 3.7171805104408326, "global_std": 2.079553137416836}, {"type": "numerical", "feature_label": "AGE", "cluster_label": "cluster_9", "mean": 32.07692307692308, "std": 8.900669810577352, "diff": -1.3530894663508592, "global_mean": 69.16676978602732, "global_std": 27.411230100794203}]}, {"cluster": "cluster_10", "size": 19, "facts": [{"type": "numerical", "feature_label": "MEDV", "cluster_label": "cluster_10", "mean": 43.873684210526314, "std": 6.961628330056694, "diff": 2.2226016340942594, "global_mean": 22.724361948955938, "global_std": 9.515570373540653}, {"type": "numerical", "feature_label": "RM", "cluster_label": "cluster_10", "mean": 7.884421052631579, "std": 0.5350060556032649, "diff": 2.1560605070321723, "global_mean": 6.302051044083534, "global_std": 0.7339172548205453}, {"type": "numerical", "feature_label": "PTRATIO", "cluster_label": "cluster_10", "mean": 14.54736842105263, "std": 1.933151836610826, "diff": -1.7946579157994778, "global_mean": 18.44849187935028, "global_std": 2.173742095333968}]}, {"cluster": "cluster_11", "size": 11, "facts": [{"type": "numerical", "feature_label": "NOX", "cluster_label": "cluster_11", "mean": 0.8710000000000003, "std": 3.493235195007277e-16, "diff": 2.7360221660960105, "global_mean": 0.5567744779582383, "global_std": 0.11484757906407088}, {"type": "numerical", "feature_label": "PTRATIO", "cluster_label": "cluster_11", "mean": 14.7, "std": 0.0, "diff": -1.7244418679642723, "global_mean": 18.44849187935028, "global_std": 2.173742095333968}, {"type": "numerical", "feature_label": "LSTAT", "cluster_label": "cluster_11", "mean": 22.13363636363636, "std": 6.89017165639184, "diff": 1.272704384235939, "global_mean": 12.884991836383959, "global_std": 7.2669228155482255}]}, {"cluster": "cluster_12", "size": 31, "facts": [{"type": "numerical", "feature_label": "PTRATIO", "cluster_label": "cluster_12", "mean": 20.867741935483867, "std": 0.4019843253778214, "diff": 1.1129425433341948, "global_mean": 18.44849187935028, "global_std": 2.173742095333968}, {"type": "numerical", "feature_label": "RAD", "cluster_label": "cluster_12", "mean": 3.967741935483871, "std": 1.471594848404092, "diff": -0.6592761508634749, "global_mean": 9.77494199535963, "global_std": 8.808448557209122}, {"type": "numerical", "feature_label": "AGE", "cluster_label": "cluster_12", "mean": 84.98829151732379, "std": 13.545250353172104, "diff": 0.5771912341445072, "global_mean": 69.16676978602732, "global_std": 27.411230100794203}]}, {"cluster": "cluster_13", "size": 14, "facts": [{"type": "numerical", "feature_label": "ZN", "cluster_label": "cluster_13", "mean": 79.82142857142857, "std": 11.027251458331524, "diff": 2.9613125573440846, "global_mean": 10.935034802784223, "global_std": 23.262115171802925}, {"type": "numerical", "feature_label": "AGE", "cluster_label": "cluster_13", "mean": 24.178571428571427, "std": 10.769342424852885, "diff": -1.6412323778257734, "global_mean": 69.16676978602732, "global_std": 27.411230100794203}, {"type": "numerical", "feature_label": "DIS", "cluster_label": "cluster_13", "mean": 6.828728571428569, "std": 1.249598456999793, "diff": 1.4962580205345541, "global_mean": 3.7171805104408326, "global_std": 2.079553137416836}]}, {"cluster": "cluster_14", "size": 21, "facts": [{"type": "numerical", "feature_label": "LSTAT", "cluster_label": "cluster_14", "mean": 26.617619047619037, "std": 4.9356224579701236, "diff": 1.8897444709131772, "global_mean": 12.884991836383959, "global_std": 7.2669228155482255}, {"type": "numerical", "feature_label": "CRIM", "cluster_label": "cluster_14", "mean": 18.573277619047616, "std": 9.46332594857902, "diff": 1.6937696734776868, "global_mean": 3.742854147355657, "global_std": 8.755867875023286}, {"type": "numerical", "feature_label": "RAD", "cluster_label": "cluster_14", "mean": 24.0, "std": 0.0, "diff": 1.6149334258185704, "global_mean": 9.77494199535963, "global_std": 8.808448557209122}]}, {"cluster": "cluster_15", "size": 9, "facts": [{"type": "numerical", "feature_label": "ZN", "cluster_label": "cluster_15", "mean": 85.83333333333333, "std": 6.614378277661476, "diff": 3.2197544366617517, "global_mean": 10.935034802784223, "global_std": 23.262115171802925}, {"type": "numerical", "feature_label": "MEDV", "cluster_label": "cluster_15", "mean": 42.55555555555556, "std": 7.928605033533818, "diff": 2.0840782872819656, "global_mean": 22.724361948955938, "global_std": 9.515570373540653}, {"type": "numerical", "feature_label": "PTRATIO", "cluster_label": "cluster_15", "mean": 13.97777777777778, "std": 1.1872002545672085, "diff": -2.0566902169162944, "global_mean": 18.44849187935028, "global_std": 2.173742095333968}]}, {"cluster": "cluster_16", "size": 61, "facts": [{"type": "numerical", "feature_label": "RAD", "cluster_label": "cluster_16", "mean": 4.770491803278689, "std": 1.2164626672302883, "diff": -0.5681420694663801, "global_mean": 9.77494199535963, "global_std": 8.808448557209122}, {"type": "numerical", "feature_label": "TAX", "cluster_label": "cluster_16", "mean": 319.5245901639344, "std": 63.96499213303503, "diff": -0.5439430510233753, "global_mean": 412.41763341067286, "global_std": 170.77714858562737}, {"type": "numerical", "feature_label": "RM", "cluster_label": "cluster_16", "mean": 5.934065573770491, "std": 0.3222146732047057, "diff": -0.5013991262584788, "global_mean": 6.302051044083534, "global_std": 0.7339172548205453}]}]}