{
    "metrics": {
        "inertia": 1120.2247544217694,
        "silhouette": 0.24401948615931174,
        "nbClusters": 17
    },
    "processed_feature_names": [
        "B",
        "TAX",
        "CRIM",
        "PTRATIO",
        "MEDV",
        "DIS",
        "ZN",
        "INDUS",
        "RAD",
        "LSTAT",
        "NOX",
        "RM",
        "AGE",
        "dummy:CHAS:0",
        "dummy:CHAS:N/A",
        "dummy:CHAS:__Others__"
    ],
    "variables_importance": {
        "variables": [
            "B",
            "TAX",
            "CRIM",
            "PTRATIO",
            "MEDV",
            "DIS",
            "ZN",
            "INDUS",
            "RAD",
            "LSTAT",
            "NOX",
            "RM",
            "AGE",
            "dummy:CHAS:0",
            "dummy:CHAS:__Others__"
        ],
        "importances": [
            0.07740616472819341,
            0.05139401070062401,
            0.07220937183315261,
            0.09791242129456461,
            0.08814189010618585,
            0.10784292294081008,
            0.05535484619338651,
            0.07680882787334851,
            0.0596293890127464,
            0.07204103388004217,
            0.07473500359653358,
            0.09675996564673811,
            0.06600483699278359,
            0.0016853352610351135,
            0.0020739799398555524
        ]
    },
    "reduce_vars": [],
    "train_nb_records": 431,
    "train_nb_features": 16,
    "train_nb_outliers": 0,
    "cluster_description": [
        {
            "variable": "dummy:CHAS:0",
            "var": 0.02,
            "values": [
                {
                    "cluster": "cluster_0",
                    "value": 0.5
                },
                {
                    "cluster": "cluster_1",
                    "value": 1.0
                },
                {
                    "cluster": "cluster_10",
                    "value": 0.8947368421052632
                },
                {
                    "cluster": "cluster_11",
                    "value": 0.8181818181818182
                },
                {
                    "cluster": "cluster_12",
                    "value": 1.0
                },
                {
                    "cluster": "cluster_13",
                    "value": 1.0
                },
                {
                    "cluster": "cluster_14",
                    "value": 1.0
                },
                {
                    "cluster": "cluster_15",
                    "value": 0.8888888888888888
                },
                {
                    "cluster": "cluster_16",
                    "value": 0.8360655737704918
                },
                {
                    "cluster": "cluster_2",
                    "value": 0.8928571428571429
                },
                {
                    "cluster": "cluster_3",
                    "value": 0.9
                },
                {
                    "cluster": "cluster_4",
                    "value": 0.8484848484848485
                },
                {
                    "cluster": "cluster_5",
                    "value": 1.0
                },
                {
                    "cluster": "cluster_6",
                    "value": 1.0
                },
                {
                    "cluster": "cluster_7",
                    "value": 1.0
                },
                {
                    "cluster": "cluster_8",
                    "value": 0.9137931034482759
                },
                {
                    "cluster": "cluster_9",
                    "value": 1.0
                }
            ]
        },
        {
            "variable": "dummy:CHAS:N/A",
            "var": 0.0,
            "values": [
                {
                    "cluster": "cluster_0",
                    "value": 0.0
                },
                {
                    "cluster": "cluster_1",
                    "value": 0.0
                },
                {
                    "cluster": "cluster_10",
                    "value": 0.0
                },
                {
                    "cluster": "cluster_11",
                    "value": 0.0
                },
                {
                    "cluster": "cluster_12",
                    "value": 0.0
                },
                {
                    "cluster": "cluster_13",
                    "value": 0.0
                },
                {
                    "cluster": "cluster_14",
                    "value": 0.0
                },
                {
                    "cluster": "cluster_15",
                    "value": 0.0
                },
                {
                    "cluster": "cluster_16",
                    "value": 0.0
                },
                {
                    "cluster": "cluster_2",
                    "value": 0.0
                },
                {
                    "cluster": "cluster_3",
                    "value": 0.0
                },
                {
                    "cluster": "cluster_4",
                    "value": 0.0
                },
                {
                    "cluster": "cluster_5",
                    "value": 0.0
                },
                {
                    "cluster": "cluster_6",
                    "value": 0.0
                },
                {
                    "cluster": "cluster_7",
                    "value": 0.0
                },
                {
                    "cluster": "cluster_8",
                    "value": 0.0
                },
                {
                    "cluster": "cluster_9",
                    "value": 0.0
                }
            ]
        },
        {
            "variable": "dummy:CHAS:__Others__",
            "var": 0.02,
            "values": [
                {
                    "cluster": "cluster_0",
                    "value": 0.5
                },
                {
                    "cluster": "cluster_1",
                    "value": 0.0
                },
                {
                    "cluster": "cluster_10",
                    "value": 0.10526315789473684
                },
                {
                    "cluster": "cluster_11",
                    "value": 0.18181818181818182
                },
                {
                    "cluster": "cluster_12",
                    "value": 0.0
                },
                {
                    "cluster": "cluster_13",
                    "value": 0.0
                },
                {
                    "cluster": "cluster_14",
                    "value": 0.0
                },
                {
                    "cluster": "cluster_15",
                    "value": 0.1111111111111111
                },
                {
                    "cluster": "cluster_16",
                    "value": 0.16393442622950818
                },
                {
                    "cluster": "cluster_2",
                    "value": 0.10714285714285714
                },
                {
                    "cluster": "cluster_3",
                    "value": 0.1
                },
                {
                    "cluster": "cluster_4",
                    "value": 0.15151515151515152
                },
                {
                    "cluster": "cluster_5",
                    "value": 0.0
                },
                {
                    "cluster": "cluster_6",
                    "value": 0.0
                },
                {
                    "cluster": "cluster_7",
                    "value": 0.0
                },
                {
                    "cluster": "cluster_8",
                    "value": 0.08620689655172414
                },
                {
                    "cluster": "cluster_9",
                    "value": 0.0
                }
            ]
        },
        {
            "variable": "B",
            "var": 7515.08,
            "values": [
                {
                    "cluster": "cluster_0",
                    "value": 368.605
                },
                {
                    "cluster": "cluster_1",
                    "value": 390.8201612903227
                },
                {
                    "cluster": "cluster_10",
                    "value": 386.33947368421053
                },
                {
                    "cluster": "cluster_11",
                    "value": 309.6027272727273
                },
                {
                    "cluster": "cluster_12",
                    "value": 358.58290322580643
                },
                {
                    "cluster": "cluster_13",
                    "value": 389.3535714285714
                },
                {
                    "cluster": "cluster_14",
                    "value": 360.56380952380954
                },
                {
                    "cluster": "cluster_15",
                    "value": 388.69000000000005
                },
                {
                    "cluster": "cluster_16",
                    "value": 390.0331147540985
                },
                {
                    "cluster": "cluster_2",
                    "value": 390.52357142857136
                },
                {
                    "cluster": "cluster_3",
                    "value": 325.869
                },
                {
                    "cluster": "cluster_4",
                    "value": 389.41545454545445
                },
                {
                    "cluster": "cluster_5",
                    "value": 54.188928571428576
                },
                {
                    "cluster": "cluster_6",
                    "value": 378.24652173913046
                },
                {
                    "cluster": "cluster_7",
                    "value": 221.6475
                },
                {
                    "cluster": "cluster_8",
                    "value": 374.2796551724137
                },
                {
                    "cluster": "cluster_9",
                    "value": 391.17076923076917
                }
            ]
        },
        {
            "variable": "TAX",
            "var": 27176.59,
            "values": [
                {
                    "cluster": "cluster_0",
                    "value": 666.0
                },
                {
                    "cluster": "cluster_1",
                    "value": 292.38709677419354
                },
                {
                    "cluster": "cluster_10",
                    "value": 288.7368421052632
                },
                {
                    "cluster": "cluster_11",
                    "value": 403.0
                },
                {
                    "cluster": "cluster_12",
                    "value": 320.38709677419354
                },
                {
                    "cluster": "cluster_13",
                    "value": 299.07142857142856
                },
                {
                    "cluster": "cluster_14",
                    "value": 666.0
                },
                {
                    "cluster": "cluster_15",
                    "value": 275.55555555555554
                },
                {
                    "cluster": "cluster_16",
                    "value": 319.5245901639344
                },
                {
                    "cluster": "cluster_2",
                    "value": 304.32142857142856
                },
                {
                    "cluster": "cluster_3",
                    "value": 403.0
                },
                {
                    "cluster": "cluster_4",
                    "value": 268.2121212121212
                },
                {
                    "cluster": "cluster_5",
                    "value": 666.0
                },
                {
                    "cluster": "cluster_6",
                    "value": 431.60869565217394
                },
                {
                    "cluster": "cluster_7",
                    "value": 666.0
                },
                {
                    "cluster": "cluster_8",
                    "value": 666.0
                },
                {
                    "cluster": "cluster_9",
                    "value": 335.6923076923077
                }
            ]
        },
        {
            "variable": "CRIM",
            "var": 280.35,
            "values": [
                {
                    "cluster": "cluster_0",
                    "value": 6.184045661865571
                },
                {
                    "cluster": "cluster_1",
                    "value": 0.1925515156644099
                },
                {
                    "cluster": "cluster_10",
                    "value": 0.8655170511154431
                },
                {
                    "cluster": "cluster_11",
                    "value": 2.404149090909091
                },
                {
                    "cluster": "cluster_12",
                    "value": 0.5910738709677417
                },
                {
                    "cluster": "cluster_13",
                    "value": 0.031127142857142857
                },
                {
                    "cluster": "cluster_14",
                    "value": 18.573277619047616
                },
                {
                    "cluster": "cluster_15",
                    "value": 0.4241526634659351
                },
                {
                    "cluster": "cluster_16",
                    "value": 0.3089597372326789
                },
                {
                    "cluster": "cluster_2",
                    "value": 0.4646343540564374
                },
                {
                    "cluster": "cluster_3",
                    "value": 1.9295370000000003
                },
                {
                    "cluster": "cluster_4",
                    "value": 0.512108239805462
                },
                {
                    "cluster": "cluster_5",
                    "value": 11.475986712228103
                },
                {
                    "cluster": "cluster_6",
                    "value": 0.4012517391304347
                },
                {
                    "cluster": "cluster_7",
                    "value": 69.04429999999999
                },
                {
                    "cluster": "cluster_8",
                    "value": 7.409743826096211
                },
                {
                    "cluster": "cluster_9",
                    "value": 0.3132249208610319
                }
            ]
        },
        {
            "variable": "PTRATIO",
            "var": 5.8,
            "values": [
                {
                    "cluster": "cluster_0",
                    "value": 20.2
                },
                {
                    "cluster": "cluster_1",
                    "value": 18.611290322580654
                },
                {
                    "cluster": "cluster_10",
                    "value": 14.54736842105263
                },
                {
                    "cluster": "cluster_11",
                    "value": 14.7
                },
                {
                    "cluster": "cluster_12",
                    "value": 20.867741935483867
                },
                {
                    "cluster": "cluster_13",
                    "value": 16.507142857142856
                },
                {
                    "cluster": "cluster_14",
                    "value": 20.199999999999996
                },
                {
                    "cluster": "cluster_15",
                    "value": 13.97777777777778
                },
                {
                    "cluster": "cluster_16",
                    "value": 17.9688524590164
                },
                {
                    "cluster": "cluster_2",
                    "value": 16.62857142857143
                },
                {
                    "cluster": "cluster_3",
                    "value": 14.7
                },
                {
                    "cluster": "cluster_4",
                    "value": 17.581818181818175
                },
                {
                    "cluster": "cluster_5",
                    "value": 20.199999999999996
                },
                {
                    "cluster": "cluster_6",
                    "value": 20.41304347826087
                },
                {
                    "cluster": "cluster_7",
                    "value": 20.2
                },
                {
                    "cluster": "cluster_8",
                    "value": 20.20000000000002
                },
                {
                    "cluster": "cluster_9",
                    "value": 17.97692307692308
                }
            ]
        },
        {
            "variable": "MEDV",
            "var": 133.51,
            "values": [
                {
                    "cluster": "cluster_0",
                    "value": 46.25
                },
                {
                    "cluster": "cluster_1",
                    "value": 22.182258064516127
                },
                {
                    "cluster": "cluster_10",
                    "value": 43.873684210526314
                },
                {
                    "cluster": "cluster_11",
                    "value": 15.799999999999999
                },
                {
                    "cluster": "cluster_12",
                    "value": 17.883870967741935
                },
                {
                    "cluster": "cluster_13",
                    "value": 29.085714285714285
                },
                {
                    "cluster": "cluster_14",
                    "value": 10.923809523809528
                },
                {
                    "cluster": "cluster_15",
                    "value": 42.55555555555556
                },
                {
                    "cluster": "cluster_16",
                    "value": 20.973770491803272
                },
                {
                    "cluster": "cluster_2",
                    "value": 31.657142857142865
                },
                {
                    "cluster": "cluster_3",
                    "value": 25.26
                },
                {
                    "cluster": "cluster_4",
                    "value": 31.536363636363646
                },
                {
                    "cluster": "cluster_5",
                    "value": 13.396428571428569
                },
                {
                    "cluster": "cluster_6",
                    "value": 16.456521739130437
                },
                {
                    "cluster": "cluster_7",
                    "value": 7.8
                },
                {
                    "cluster": "cluster_8",
                    "value": 17.65689655172414
                },
                {
                    "cluster": "cluster_9",
                    "value": 22.461538461538456
                }
            ]
        },
        {
            "variable": "DIS",
            "var": 5.34,
            "values": [
                {
                    "cluster": "cluster_0",
                    "value": 1.3005833333333334
                },
                {
                    "cluster": "cluster_1",
                    "value": 5.844056451612905
                },
                {
                    "cluster": "cluster_10",
                    "value": 2.5838421052631575
                },
                {
                    "cluster": "cluster_11",
                    "value": 1.5182545454545455
                },
                {
                    "cluster": "cluster_12",
                    "value": 3.4959774193548383
                },
                {
                    "cluster": "cluster_13",
                    "value": 6.828728571428569
                },
                {
                    "cluster": "cluster_14",
                    "value": 1.5482095238095237
                },
                {
                    "cluster": "cluster_15",
                    "value": 6.255833333333333
                },
                {
                    "cluster": "cluster_16",
                    "value": 3.4876196721311477
                },
                {
                    "cluster": "cluster_2",
                    "value": 5.866067857142857
                },
                {
                    "cluster": "cluster_3",
                    "value": 2.10814
                },
                {
                    "cluster": "cluster_4",
                    "value": 3.4224727272727264
                },
                {
                    "cluster": "cluster_5",
                    "value": 2.0414321428571425
                },
                {
                    "cluster": "cluster_6",
                    "value": 1.921260869565218
                },
                {
                    "cluster": "cluster_7",
                    "value": 1.575675
                },
                {
                    "cluster": "cluster_8",
                    "value": 2.3631051724137926
                },
                {
                    "cluster": "cluster_9",
                    "value": 9.050307692307694
                }
            ]
        },
        {
            "variable": "ZN",
            "var": 938.12,
            "values": [
                {
                    "cluster": "cluster_0",
                    "value": 0.0
                },
                {
                    "cluster": "cluster_1",
                    "value": 8.741935483870968
                },
                {
                    "cluster": "cluster_10",
                    "value": 10.526315789473685
                },
                {
                    "cluster": "cluster_11",
                    "value": 0.0
                },
                {
                    "cluster": "cluster_12",
                    "value": 0.8064516129032258
                },
                {
                    "cluster": "cluster_13",
                    "value": 79.82142857142857
                },
                {
                    "cluster": "cluster_14",
                    "value": 0.0
                },
                {
                    "cluster": "cluster_15",
                    "value": 85.83333333333333
                },
                {
                    "cluster": "cluster_16",
                    "value": 1.7295081967213115
                },
                {
                    "cluster": "cluster_2",
                    "value": 34.267857142857146
                },
                {
                    "cluster": "cluster_3",
                    "value": 0.0
                },
                {
                    "cluster": "cluster_4",
                    "value": 2.1515151515151514
                },
                {
                    "cluster": "cluster_5",
                    "value": 0.0
                },
                {
                    "cluster": "cluster_6",
                    "value": 0.0
                },
                {
                    "cluster": "cluster_7",
                    "value": 0.0
                },
                {
                    "cluster": "cluster_8",
                    "value": 0.0
                },
                {
                    "cluster": "cluster_9",
                    "value": 70.76923076923077
                }
            ]
        },
        {
            "variable": "INDUS",
            "var": 53.28,
            "values": [
                {
                    "cluster": "cluster_0",
                    "value": 18.099999999999998
                },
                {
                    "cluster": "cluster_1",
                    "value": 7.065451347404753
                },
                {
                    "cluster": "cluster_10",
                    "value": 6.791052631578947
                },
                {
                    "cluster": "cluster_11",
                    "value": 18.03527123082678
                },
                {
                    "cluster": "cluster_12",
                    "value": 8.748838444178947
                },
                {
                    "cluster": "cluster_13",
                    "value": 3.1402851263962384
                },
                {
                    "cluster": "cluster_14",
                    "value": 17.765904369978447
                },
                {
                    "cluster": "cluster_15",
                    "value": 1.9299999999999997
                },
                {
                    "cluster": "cluster_16",
                    "value": 9.269278148822773
                },
                {
                    "cluster": "cluster_2",
                    "value": 4.583356848912405
                },
                {
                    "cluster": "cluster_3",
                    "value": 19.579999999999995
                },
                {
                    "cluster": "cluster_4",
                    "value": 4.837878787878788
                },
                {
                    "cluster": "cluster_5",
                    "value": 17.84942827748384
                },
                {
                    "cluster": "cluster_6",
                    "value": 24.142608695652168
                },
                {
                    "cluster": "cluster_7",
                    "value": 18.1
                },
                {
                    "cluster": "cluster_8",
                    "value": 17.737103022562806
                },
                {
                    "cluster": "cluster_9",
                    "value": 2.9799999999999995
                }
            ]
        },
        {
            "variable": "RAD",
            "var": 86.03,
            "values": [
                {
                    "cluster": "cluster_0",
                    "value": 24.0
                },
                {
                    "cluster": "cluster_1",
                    "value": 4.67741935483871
                },
                {
                    "cluster": "cluster_10",
                    "value": 5.526315789473684
                },
                {
                    "cluster": "cluster_11",
                    "value": 5.0
                },
                {
                    "cluster": "cluster_12",
                    "value": 3.967741935483871
                },
                {
                    "cluster": "cluster_13",
                    "value": 3.5714285714285716
                },
                {
                    "cluster": "cluster_14",
                    "value": 24.0
                },
                {
                    "cluster": "cluster_15",
                    "value": 2.6666666666666665
                },
                {
                    "cluster": "cluster_16",
                    "value": 4.770491803278689
                },
                {
                    "cluster": "cluster_2",
                    "value": 4.892857142857143
                },
                {
                    "cluster": "cluster_3",
                    "value": 5.0
                },
                {
                    "cluster": "cluster_4",
                    "value": 4.696969696969697
                },
                {
                    "cluster": "cluster_5",
                    "value": 24.0
                },
                {
                    "cluster": "cluster_6",
                    "value": 3.4782608695652173
                },
                {
                    "cluster": "cluster_7",
                    "value": 24.0
                },
                {
                    "cluster": "cluster_8",
                    "value": 24.0
                },
                {
                    "cluster": "cluster_9",
                    "value": 3.4615384615384617
                }
            ]
        },
        {
            "variable": "LSTAT",
            "var": 55.74,
            "values": [
                {
                    "cluster": "cluster_0",
                    "value": 5.913333333333334
                },
                {
                    "cluster": "cluster_1",
                    "value": 9.202682198327356
                },
                {
                    "cluster": "cluster_10",
                    "value": 5.9342105263157885
                },
                {
                    "cluster": "cluster_11",
                    "value": 22.13363636363636
                },
                {
                    "cluster": "cluster_12",
                    "value": 14.70920748705695
                },
                {
                    "cluster": "cluster_13",
                    "value": 4.832142857142857
                },
                {
                    "cluster": "cluster_14",
                    "value": 26.617619047619037
                },
                {
                    "cluster": "cluster_15",
                    "value": 4.26111111111111
                },
                {
                    "cluster": "cluster_16",
                    "value": 14.169208662214132
                },
                {
                    "cluster": "cluster_2",
                    "value": 5.82412257495591
                },
                {
                    "cluster": "cluster_3",
                    "value": 9.194999999999999
                },
                {
                    "cluster": "cluster_4",
                    "value": 7.055177702955482
                },
                {
                    "cluster": "cluster_5",
                    "value": 21.058928571428567
                },
                {
                    "cluster": "cluster_6",
                    "value": 18.984347826086957
                },
                {
                    "cluster": "cluster_7",
                    "value": 24.447499999999998
                },
                {
                    "cluster": "cluster_8",
                    "value": 15.30493614303959
                },
                {
                    "cluster": "cluster_9",
                    "value": 8.175033238366572
                }
            ]
        },
        {
            "variable": "NOX",
            "var": 0.02,
            "values": [
                {
                    "cluster": "cluster_0",
                    "value": 0.6516666666666667
                },
                {
                    "cluster": "cluster_1",
                    "value": 0.45791774193548385
                },
                {
                    "cluster": "cluster_10",
                    "value": 0.5838894736842105
                },
                {
                    "cluster": "cluster_11",
                    "value": 0.8710000000000003
                },
                {
                    "cluster": "cluster_12",
                    "value": 0.5359354838709677
                },
                {
                    "cluster": "cluster_13",
                    "value": 0.4077857142857143
                },
                {
                    "cluster": "cluster_14",
                    "value": 0.6808095238095239
                },
                {
                    "cluster": "cluster_15",
                    "value": 0.40846666666666676
                },
                {
                    "cluster": "cluster_16",
                    "value": 0.5218360655737708
                },
                {
                    "cluster": "cluster_2",
                    "value": 0.43981428571428566
                },
                {
                    "cluster": "cluster_3",
                    "value": 0.6316
                },
                {
                    "cluster": "cluster_4",
                    "value": 0.49221212121212105
                },
                {
                    "cluster": "cluster_5",
                    "value": 0.6703571428571429
                },
                {
                    "cluster": "cluster_6",
                    "value": 0.6095217391304348
                },
                {
                    "cluster": "cluster_7",
                    "value": 0.6839999999999999
                },
                {
                    "cluster": "cluster_8",
                    "value": 0.6750344827586202
                },
                {
                    "cluster": "cluster_9",
                    "value": 0.4088461538461538
                }
            ]
        },
        {
            "variable": "RM",
            "var": 0.5,
            "values": [
                {
                    "cluster": "cluster_0",
                    "value": 5.720166666666667
                },
                {
                    "cluster": "cluster_1",
                    "value": 6.17024193548387
                },
                {
                    "cluster": "cluster_10",
                    "value": 7.884421052631579
                },
                {
                    "cluster": "cluster_11",
                    "value": 5.506454545454545
                },
                {
                    "cluster": "cluster_12",
                    "value": 6.088967741935484
                },
                {
                    "cluster": "cluster_13",
                    "value": 6.765071428571427
                },
                {
                    "cluster": "cluster_14",
                    "value": 5.256619047619049
                },
                {
                    "cluster": "cluster_15",
                    "value": 7.601888888888889
                },
                {
                    "cluster": "cluster_16",
                    "value": 5.934065573770491
                },
                {
                    "cluster": "cluster_2",
                    "value": 6.929392857142856
                },
                {
                    "cluster": "cluster_3",
                    "value": 6.2202
                },
                {
                    "cluster": "cluster_4",
                    "value": 6.994606060606061
                },
                {
                    "cluster": "cluster_5",
                    "value": 6.16407142857143
                },
                {
                    "cluster": "cluster_6",
                    "value": 5.870260869565217
                },
                {
                    "cluster": "cluster_7",
                    "value": 5.781750000000001
                },
                {
                    "cluster": "cluster_8",
                    "value": 6.310706896551722
                },
                {
                    "cluster": "cluster_9",
                    "value": 6.221153846153846
                }
            ]
        },
        {
            "variable": "AGE",
            "var": 733.93,
            "values": [
                {
                    "cluster": "cluster_0",
                    "value": 90.05308641975309
                },
                {
                    "cluster": "cluster_1",
                    "value": 38.25806451612903
                },
                {
                    "cluster": "cluster_10",
                    "value": 80.21247563352824
                },
                {
                    "cluster": "cluster_11",
                    "value": 95.07441077441077
                },
                {
                    "cluster": "cluster_12",
                    "value": 84.98829151732379
                },
                {
                    "cluster": "cluster_13",
                    "value": 24.178571428571427
                },
                {
                    "cluster": "cluster_14",
                    "value": 96.08095238095238
                },
                {
                    "cluster": "cluster_15",
                    "value": 31.200000000000003
                },
                {
                    "cluster": "cluster_16",
                    "value": 72.39763205828783
                },
                {
                    "cluster": "cluster_2",
                    "value": 35.81203703703704
                },
                {
                    "cluster": "cluster_3",
                    "value": 94.26
                },
                {
                    "cluster": "cluster_4",
                    "value": 67.63939393939395
                },
                {
                    "cluster": "cluster_5",
                    "value": 88.90066137566136
                },
                {
                    "cluster": "cluster_6",
                    "value": 91.58421900161031
                },
                {
                    "cluster": "cluster_7",
                    "value": 97.975
                },
                {
                    "cluster": "cluster_8",
                    "value": 87.22100893997445
                },
                {
                    "cluster": "cluster_9",
                    "value": 32.07692307692308
                }
            ]
        },
        {
            "variable": "cluster_size",
            "var": 354.37,
            "values": [
                {
                    "cluster": "cluster_1",
                    "value": 62
                },
                {
                    "cluster": "cluster_16",
                    "value": 61
                },
                {
                    "cluster": "cluster_8",
                    "value": 58
                },
                {
                    "cluster": "cluster_4",
                    "value": 33
                },
                {
                    "cluster": "cluster_12",
                    "value": 31
                },
                {
                    "cluster": "cluster_5",
                    "value": 28
                },
                {
                    "cluster": "cluster_2",
                    "value": 28
                },
                {
                    "cluster": "cluster_6",
                    "value": 23
                },
                {
                    "cluster": "cluster_14",
                    "value": 21
                },
                {
                    "cluster": "cluster_10",
                    "value": 19
                },
                {
                    "cluster": "cluster_13",
                    "value": 14
                },
                {
                    "cluster": "cluster_9",
                    "value": 13
                },
                {
                    "cluster": "cluster_11",
                    "value": 11
                },
                {
                    "cluster": "cluster_3",
                    "value": 10
                },
                {
                    "cluster": "cluster_15",
                    "value": 9
                },
                {
                    "cluster": "cluster_0",
                    "value": 6
                },
                {
                    "cluster": "cluster_7",
                    "value": 4
                }
            ]
        }
    ],
    "summary": {
        "clusters": []
    }
}