[
    {
        "variable": "TAX",
        "per_cluster": [
            {
                "min": 666.0,
                "max": 711.0,
                "median": 666.0,
                "percentile25": 666.0,
                "percentile75": 666.0,
                "percentile9": 666.0,
                "percentile91": 666.0,
                "std": 8.921350787051674,
                "distribution": [
                    0,
                    0,
                    0,
                    0,
                    0,
                    0,
                    0,
                    0,
                    0,
                    0,
                    0,
                    0,
                    0,
                    0,
                    0,
                    0,
                    0,
                    0,
                    0,
                    0,
                    0,
                    0,
                    0,
                    0,
                    0,
                    0,
                    0,
                    0,
                    0,
                    0,
                    0,
                    0,
                    0,
                    0,
                    0,
                    0,
                    0,
                    0,
                    0,
                    0,
                    0,
                    0,
                    0,
                    0,
                    0,
                    0,
                    0,
                    0,
                    0,
                    0,
                    0,
                    0,
                    0,
                    0,
                    117,
                    0,
                    0,
                    0,
                    0,
                    5
                ],
                "max_ratio": 0.9590163934426229,
                "total_no_nan": 122,
                "total": 122,
                "cluster_name": "cluster_0"
            },
            {
                "min": 188.0,
                "max": 437.0,
                "median": 307.0,
                "percentile25": 273.0,
                "percentile75": 391.0,
                "percentile9": 223.55,
                "percentile91": 432.0,
                "std": 71.77277199374987,
                "distribution": [
                    15,
                    0,
                    0,
                    0,
                    7,
                    2,
                    6,
                    0,
                    11,
                    9,
                    21,
                    6,
                    7,
                    44,
                    3,
                    0,
                    0,
                    0,
                    0,
                    0,
                    0,
                    0,
                    9,
                    8,
                    28,
                    0,
                    0,
                    0,
                    20,
                    0,
                    0,
                    0,
                    0,
                    0,
                    0,
                    0,
                    0,
                    0,
                    0,
                    0,
                    0,
                    0,
                    0,
                    0,
                    0,
                    0,
                    0,
                    0,
                    0,
                    0,
                    0,
                    0,
                    0,
                    0,
                    0,
                    0,
                    0,
                    0,
                    0,
                    0
                ],
                "max_ratio": 0.22448979591836735,
                "total_no_nan": 196,
                "total": 196,
                "cluster_name": "cluster_1"
            },
            {
                "min": 187.0,
                "max": 469.0,
                "median": 300.0,
                "percentile25": 254.0,
                "percentile75": 335.0,
                "percentile9": 223.08,
                "percentile91": 398.0,
                "std": 59.42865385792994,
                "distribution": [
                    1,
                    1,
                    0,
                    5,
                    10,
                    3,
                    6,
                    8,
                    2,
                    1,
                    5,
                    11,
                    7,
                    5,
                    4,
                    0,
                    17,
                    2,
                    7,
                    3,
                    2,
                    0,
                    0,
                    0,
                    7,
                    2,
                    1,
                    2,
                    0,
                    0,
                    0,
                    0,
                    1,
                    0,
                    0,
                    0,
                    0,
                    0,
                    0,
                    0,
                    0,
                    0,
                    0,
                    0,
                    0,
                    0,
                    0,
                    0,
                    0,
                    0,
                    0,
                    0,
                    0,
                    0,
                    0,
                    0,
                    0,
                    0,
                    0,
                    0
                ],
                "max_ratio": 0.1504424778761062,
                "total_no_nan": 113,
                "total": 113,
                "cluster_name": "cluster_2"
            }
        ],
        "type": "numerical",
        "scale": {
            "min": 187.0,
            "max": 711.0,
            "max_ratio": 0.9590163934426229
        },
        "global": {
            "min": 187.0,
            "max": 711.0,
            "median": 335.0,
            "percentile25": 279.0,
            "percentile75": 666.0,
            "percentile9": 230.9,
            "percentile91": 666.0,
            "std": 170.57891619312062,
            "distribution": [
                16,
                1,
                0,
                5,
                17,
                5,
                12,
                8,
                13,
                10,
                26,
                17,
                14,
                49,
                7,
                0,
                17,
                2,
                7,
                3,
                2,
                0,
                9,
                8,
                35,
                2,
                1,
                2,
                20,
                0,
                0,
                0,
                1,
                0,
                0,
                0,
                0,
                0,
                0,
                0,
                0,
                0,
                0,
                0,
                0,
                0,
                0,
                0,
                0,
                0,
                0,
                0,
                0,
                0,
                117,
                0,
                0,
                0,
                0,
                5
            ],
            "max_ratio": 0.271461716937355,
            "total_no_nan": 431,
            "total": 431
        }
    },
    {
        "variable": "CRIM",
        "per_cluster": [
            {
                "min": 0.10574,
                "max": 88.9762,
                "median": 8.17616,
                "percentile25": 4.773195,
                "percentile75": 14.016375000000002,
                "percentile9": 3.6118739711934156,
                "percentile91": 23.730216000000002,
                "std": 13.224954397511443,
                "distribution": [
                    5,
                    1,
                    20,
                    19,
                    10,
                    11,
                    13,
                    7,
                    2,
                    7,
                    6,
                    0,
                    4,
                    3,
                    1,
                    2,
                    2,
                    1,
                    0,
                    1,
                    0,
                    0,
                    0,
                    0,
                    0,
                    2,
                    0,
                    0,
                    1,
                    0,
                    1,
                    0,
                    0,
                    0,
                    0,
                    0,
                    0,
                    0,
                    0,
                    0,
                    0,
                    0,
                    0,
                    0,
                    0,
                    1,
                    0,
                    0,
                    0,
                    1,
                    0,
                    0,
                    0,
                    0,
                    0,
                    0,
                    0,
                    0,
                    0,
                    1
                ],
                "max_ratio": 0.16393442622950818,
                "total_no_nan": 122,
                "total": 122,
                "cluster_name": "cluster_0"
            },
            {
                "min": 0.00632,
                "max": 4.0974,
                "median": 0.26600500000000005,
                "percentile25": 0.11041500000000001,
                "percentile75": 0.784575,
                "percentile9": 0.0555475,
                "percentile91": 2.194339500000002,
                "std": 0.866729727426,
                "distribution": [
                    169,
                    20,
                    7,
                    0,
                    0,
                    0,
                    0,
                    0,
                    0,
                    0,
                    0,
                    0,
                    0,
                    0,
                    0,
                    0,
                    0,
                    0,
                    0,
                    0,
                    0,
                    0,
                    0,
                    0,
                    0,
                    0,
                    0,
                    0,
                    0,
                    0,
                    0,
                    0,
                    0,
                    0,
                    0,
                    0,
                    0,
                    0,
                    0,
                    0,
                    0,
                    0,
                    0,
                    0,
                    0,
                    0,
                    0,
                    0,
                    0,
                    0,
                    0,
                    0,
                    0,
                    0,
                    0,
                    0,
                    0,
                    0,
                    0,
                    0
                ],
                "max_ratio": 0.8622448979591837,
                "total_no_nan": 196,
                "total": 196,
                "cluster_name": "cluster_1"
            },
            {
                "min": 0.00906,
                "max": 3.6118739711934156,
                "median": 0.06129,
                "percentile25": 0.0351,
                "percentile75": 0.12932,
                "percentile9": 0.0178536,
                "percentile91": 0.29208520000000016,
                "std": 0.7941381174999776,
                "distribution": [
                    107,
                    0,
                    6,
                    0,
                    0,
                    0,
                    0,
                    0,
                    0,
                    0,
                    0,
                    0,
                    0,
                    0,
                    0,
                    0,
                    0,
                    0,
                    0,
                    0,
                    0,
                    0,
                    0,
                    0,
                    0,
                    0,
                    0,
                    0,
                    0,
                    0,
                    0,
                    0,
                    0,
                    0,
                    0,
                    0,
                    0,
                    0,
                    0,
                    0,
                    0,
                    0,
                    0,
                    0,
                    0,
                    0,
                    0,
                    0,
                    0,
                    0,
                    0,
                    0,
                    0,
                    0,
                    0,
                    0,
                    0,
                    0,
                    0,
                    0
                ],
                "max_ratio": 0.9469026548672567,
                "total_no_nan": 113,
                "total": 113,
                "cluster_name": "cluster_2"
            }
        ],
        "type": "numerical",
        "scale": {
            "min": 0.00632,
            "max": 88.9762,
            "max_ratio": 0.9469026548672567
        },
        "global": {
            "min": 0.00632,
            "max": 88.9762,
            "median": 0.31533,
            "percentile25": 0.08577000000000001,
            "percentile75": 3.675945,
            "percentile9": 0.035822,
            "percentile91": 11.12379,
            "std": 8.745704356943072,
            "distribution": [
                281,
                21,
                33,
                19,
                10,
                11,
                13,
                7,
                2,
                7,
                6,
                0,
                4,
                3,
                1,
                2,
                2,
                1,
                0,
                1,
                0,
                0,
                0,
                0,
                0,
                2,
                0,
                0,
                1,
                0,
                1,
                0,
                0,
                0,
                0,
                0,
                0,
                0,
                0,
                0,
                0,
                0,
                0,
                0,
                0,
                1,
                0,
                0,
                0,
                1,
                0,
                0,
                0,
                0,
                0,
                0,
                0,
                0,
                0,
                1
            ],
            "max_ratio": 0.6519721577726219,
            "total_no_nan": 431,
            "total": 431
        }
    },
    {
        "variable": "PTRATIO",
        "per_cluster": [
            {
                "min": 20.1,
                "max": 20.2,
                "median": 20.2,
                "percentile25": 20.2,
                "percentile75": 20.2,
                "percentile9": 20.2,
                "percentile91": 20.2,
                "std": 0.01982522397122552,
                "distribution": [
                    0,
                    0,
                    0,
                    0,
                    0,
                    0,
                    0,
                    0,
                    0,
                    0,
                    0,
                    0,
                    0,
                    0,
                    0,
                    0,
                    0,
                    0,
                    0,
                    0,
                    0,
                    0,
                    0,
                    0,
                    0,
                    0,
                    0,
                    0,
                    0,
                    0,
                    0,
                    0,
                    0,
                    0,
                    0,
                    0,
                    0,
                    0,
                    0,
                    0,
                    0,
                    0,
                    0,
                    0,
                    0,
                    0,
                    0,
                    5,
                    117,
                    0,
                    0,
                    0,
                    0,
                    0,
                    0,
                    0,
                    0,
                    0,
                    0,
                    0
                ],
                "max_ratio": 0.9590163934426229,
                "total_no_nan": 122,
                "total": 122,
                "cluster_name": "cluster_0"
            },
            {
                "min": 13.0,
                "max": 21.2,
                "median": 18.4,
                "percentile25": 16.6,
                "percentile75": 19.6,
                "percentile9": 14.7,
                "percentile91": 21.0,
                "std": 2.3169609398235558,
                "distribution": [
                    0,
                    0,
                    11,
                    0,
                    0,
                    0,
                    0,
                    0,
                    0,
                    0,
                    0,
                    0,
                    0,
                    24,
                    0,
                    0,
                    3,
                    1,
                    0,
                    0,
                    0,
                    1,
                    0,
                    0,
                    4,
                    6,
                    0,
                    0,
                    0,
                    0,
                    16,
                    0,
                    0,
                    23,
                    4,
                    2,
                    0,
                    16,
                    17,
                    0,
                    0,
                    7,
                    10,
                    0,
                    4,
                    1,
                    0,
                    0,
                    4,
                    0,
                    0,
                    0,
                    9,
                    21,
                    12,
                    0,
                    0,
                    0,
                    0,
                    0
                ],
                "max_ratio": 0.12244897959183673,
                "total_no_nan": 196,
                "total": 196,
                "cluster_name": "cluster_1"
            },
            {
                "min": 12.6,
                "max": 22.0,
                "median": 17.6,
                "percentile25": 15.9,
                "percentile75": 19.0,
                "percentile9": 14.8,
                "percentile91": 19.7,
                "std": 1.9293151709198482,
                "distribution": [
                    3,
                    0,
                    0,
                    0,
                    0,
                    0,
                    1,
                    0,
                    0,
                    0,
                    0,
                    1,
                    0,
                    4,
                    7,
                    1,
                    7,
                    1,
                    1,
                    2,
                    0,
                    4,
                    5,
                    0,
                    2,
                    7,
                    3,
                    3,
                    2,
                    0,
                    2,
                    6,
                    0,
                    5,
                    1,
                    1,
                    4,
                    1,
                    4,
                    1,
                    7,
                    8,
                    5,
                    0,
                    2,
                    7,
                    0,
                    0,
                    3,
                    0,
                    0,
                    0,
                    0,
                    0,
                    1,
                    0,
                    0,
                    0,
                    0,
                    1
                ],
                "max_ratio": 0.07079646017699115,
                "total_no_nan": 113,
                "total": 113,
                "cluster_name": "cluster_2"
            }
        ],
        "type": "numerical",
        "scale": {
            "min": 12.6,
            "max": 22.0,
            "max_ratio": 0.9590163934426229
        },
        "global": {
            "min": 12.6,
            "max": 22.0,
            "median": 19.1,
            "percentile25": 17.4,
            "percentile75": 20.2,
            "percentile9": 14.7,
            "percentile91": 20.9,
            "std": 2.171218888336905,
            "distribution": [
                3,
                0,
                11,
                0,
                0,
                0,
                1,
                0,
                0,
                0,
                0,
                1,
                0,
                28,
                7,
                1,
                10,
                2,
                1,
                2,
                0,
                5,
                5,
                0,
                6,
                13,
                3,
                3,
                2,
                0,
                18,
                6,
                0,
                28,
                5,
                3,
                4,
                17,
                21,
                1,
                7,
                15,
                15,
                0,
                6,
                8,
                0,
                5,
                124,
                0,
                0,
                0,
                9,
                21,
                13,
                0,
                0,
                0,
                0,
                1
            ],
            "max_ratio": 0.2877030162412993,
            "total_no_nan": 431,
            "total": 431
        }
    },
    {
        "variable": "DIS",
        "per_cluster": [
            {
                "min": 1.1296,
                "max": 4.0983,
                "median": 1.9119,
                "percentile25": 1.60885,
                "percentile75": 2.4144000000000005,
                "percentile9": 1.3830090000000002,
                "percentile91": 2.8742500000000004,
                "std": 0.5909761774668909,
                "distribution": [
                    6,
                    14,
                    17,
                    17,
                    14,
                    16,
                    7,
                    11,
                    4,
                    7,
                    3,
                    1,
                    2,
                    1,
                    0,
                    1,
                    1,
                    0,
                    0,
                    0,
                    0,
                    0,
                    0,
                    0,
                    0,
                    0,
                    0,
                    0,
                    0,
                    0,
                    0,
                    0,
                    0,
                    0,
                    0,
                    0,
                    0,
                    0,
                    0,
                    0,
                    0,
                    0,
                    0,
                    0,
                    0,
                    0,
                    0,
                    0,
                    0,
                    0,
                    0,
                    0,
                    0,
                    0,
                    0,
                    0,
                    0,
                    0,
                    0,
                    0
                ],
                "max_ratio": 0.13934426229508196,
                "total_no_nan": 122,
                "total": 122,
                "cluster_name": "cluster_0"
            },
            {
                "min": 1.3216,
                "max": 6.8185,
                "median": 2.951600000000001,
                "percentile25": 2.2803,
                "percentile75": 3.9451,
                "percentile9": 1.7782200000000001,
                "percentile91": 4.693475,
                "std": 1.1141986414090177,
                "distribution": [
                    0,
                    6,
                    7,
                    10,
                    11,
                    11,
                    15,
                    12,
                    13,
                    13,
                    6,
                    10,
                    11,
                    11,
                    8,
                    12,
                    8,
                    6,
                    7,
                    6,
                    4,
                    0,
                    1,
                    1,
                    2,
                    1,
                    1,
                    1,
                    0,
                    1,
                    0,
                    1,
                    0,
                    0,
                    0,
                    0,
                    0,
                    0,
                    0,
                    0,
                    0,
                    0,
                    0,
                    0,
                    0,
                    0,
                    0,
                    0,
                    0,
                    0,
                    0,
                    0,
                    0,
                    0,
                    0,
                    0,
                    0,
                    0,
                    0,
                    0
                ],
                "max_ratio": 0.07653061224489796,
                "total_no_nan": 196,
                "total": 196,
                "cluster_name": "cluster_1"
            },
            {
                "min": 3.3751,
                "max": 12.1265,
                "median": 6.3361,
                "percentile25": 5.4007,
                "percentile75": 7.3197,
                "percentile9": 4.440016,
                "percentile91": 8.7921,
                "std": 1.635935382163219,
                "distribution": [
                    0,
                    0,
                    0,
                    0,
                    0,
                    0,
                    0,
                    0,
                    0,
                    0,
                    0,
                    0,
                    2,
                    1,
                    1,
                    1,
                    2,
                    2,
                    4,
                    2,
                    1,
                    5,
                    6,
                    13,
                    1,
                    5,
                    2,
                    4,
                    6,
                    11,
                    1,
                    4,
                    2,
                    9,
                    1,
                    1,
                    6,
                    5,
                    0,
                    1,
                    1,
                    3,
                    2,
                    1,
                    3,
                    0,
                    0,
                    0,
                    0,
                    0,
                    0,
                    1,
                    2,
                    0,
                    0,
                    0,
                    0,
                    0,
                    0,
                    1
                ],
                "max_ratio": 0.11504424778761062,
                "total_no_nan": 113,
                "total": 113,
                "cluster_name": "cluster_2"
            }
        ],
        "type": "numerical",
        "scale": {
            "min": 1.1296,
            "max": 12.1265,
            "max_ratio": 0.13934426229508196
        },
        "global": {
            "min": 1.1296,
            "max": 12.1265,
            "median": 3.0923,
            "percentile25": 2.0941,
            "percentile75": 4.91495,
            "percentile9": 1.60266,
            "percentile91": 6.963049999999999,
            "std": 2.0771392618064928,
            "distribution": [
                6,
                20,
                24,
                27,
                25,
                27,
                22,
                23,
                17,
                20,
                9,
                11,
                15,
                13,
                9,
                14,
                11,
                8,
                11,
                8,
                5,
                5,
                7,
                14,
                3,
                6,
                3,
                5,
                6,
                12,
                1,
                5,
                2,
                9,
                1,
                1,
                6,
                5,
                0,
                1,
                1,
                3,
                2,
                1,
                3,
                0,
                0,
                0,
                0,
                0,
                0,
                1,
                2,
                0,
                0,
                0,
                0,
                0,
                0,
                1
            ],
            "max_ratio": 0.06264501160092807,
            "total_no_nan": 431,
            "total": 431
        }
    },
    {
        "variable": "ZN",
        "per_cluster": [
            {
                "min": 0.0,
                "max": 0.0,
                "median": 0.0,
                "percentile25": 0.0,
                "percentile75": 0.0,
                "percentile9": 0.0,
                "percentile91": 0.0,
                "std": 0.0,
                "distribution": [
                    122,
                    0,
                    0,
                    0,
                    0,
                    0,
                    0,
                    0,
                    0,
                    0,
                    0,
                    0,
                    0,
                    0,
                    0,
                    0,
                    0,
                    0,
                    0,
                    0,
                    0,
                    0,
                    0,
                    0,
                    0,
                    0,
                    0,
                    0,
                    0,
                    0,
                    0,
                    0,
                    0,
                    0,
                    0,
                    0,
                    0,
                    0,
                    0,
                    0,
                    0,
                    0,
                    0,
                    0,
                    0,
                    0,
                    0,
                    0,
                    0,
                    0,
                    0,
                    0,
                    0,
                    0,
                    0,
                    0,
                    0,
                    0,
                    0,
                    0
                ],
                "max_ratio": 1.0,
                "total_no_nan": 122,
                "total": 122,
                "cluster_name": "cluster_0"
            },
            {
                "min": 0.0,
                "max": 33.0,
                "median": 0.0,
                "percentile25": 0.0,
                "percentile75": 0.0,
                "percentile9": 0.0,
                "percentile91": 12.5,
                "std": 6.12296925935615,
                "distribution": [
                    177,
                    0,
                    0,
                    0,
                    0,
                    0,
                    0,
                    3,
                    0,
                    0,
                    1,
                    0,
                    12,
                    0,
                    0,
                    1,
                    1,
                    0,
                    0,
                    1,
                    0,
                    0,
                    0,
                    0,
                    0,
                    0,
                    0,
                    0,
                    0,
                    0,
                    0,
                    0,
                    0,
                    0,
                    0,
                    0,
                    0,
                    0,
                    0,
                    0,
                    0,
                    0,
                    0,
                    0,
                    0,
                    0,
                    0,
                    0,
                    0,
                    0,
                    0,
                    0,
                    0,
                    0,
                    0,
                    0,
                    0,
                    0,
                    0,
                    0
                ],
                "max_ratio": 0.9030612244897959,
                "total_no_nan": 196,
                "total": 196,
                "cluster_name": "cluster_1"
            },
            {
                "min": 0.0,
                "max": 100.0,
                "median": 28.0,
                "percentile25": 17.5,
                "percentile75": 70.0,
                "percentile9": 0.0,
                "percentile91": 84.80000000000001,
                "std": 31.213765585604193,
                "distribution": [
                    24,
                    0,
                    0,
                    0,
                    0,
                    0,
                    0,
                    4,
                    0,
                    0,
                    1,
                    0,
                    10,
                    8,
                    0,
                    9,
                    1,
                    0,
                    4,
                    1,
                    1,
                    1,
                    0,
                    0,
                    5,
                    0,
                    0,
                    6,
                    0,
                    0,
                    0,
                    2,
                    0,
                    2,
                    0,
                    0,
                    4,
                    0,
                    0,
                    0,
                    0,
                    0,
                    3,
                    0,
                    0,
                    3,
                    0,
                    0,
                    11,
                    2,
                    0,
                    2,
                    0,
                    0,
                    5,
                    0,
                    0,
                    3,
                    0,
                    1
                ],
                "max_ratio": 0.21238938053097345,
                "total_no_nan": 113,
                "total": 113,
                "cluster_name": "cluster_2"
            }
        ],
        "type": "numerical",
        "scale": {
            "min": 0.0,
            "max": 100.0,
            "max_ratio": 1.0
        },
        "global": {
            "min": 0.0,
            "max": 100.0,
            "median": 0.0,
            "percentile25": 0.0,
            "percentile75": 6.25,
            "percentile9": 0.0,
            "percentile91": 45.0,
            "std": 23.23511328786561,
            "distribution": [
                323,
                0,
                0,
                0,
                0,
                0,
                0,
                7,
                0,
                0,
                2,
                0,
                22,
                8,
                0,
                10,
                2,
                0,
                4,
                2,
                1,
                1,
                0,
                0,
                5,
                0,
                0,
                6,
                0,
                0,
                0,
                2,
                0,
                2,
                0,
                0,
                4,
                0,
                0,
                0,
                0,
                0,
                3,
                0,
                0,
                3,
                0,
                0,
                11,
                2,
                0,
                2,
                0,
                0,
                5,
                0,
                0,
                3,
                0,
                1
            ],
            "max_ratio": 0.7494199535962877,
            "total_no_nan": 431,
            "total": 431
        }
    },
    {
        "variable": "INDUS",
        "per_cluster": [
            {
                "min": 11.083991769547332,
                "max": 27.74,
                "median": 18.1,
                "percentile25": 18.1,
                "percentile75": 18.1,
                "percentile9": 18.1,
                "percentile91": 18.1,
                "std": 2.4113103175453423,
                "distribution": [
                    0,
                    0,
                    0,
                    0,
                    0,
                    0,
                    0,
                    0,
                    0,
                    0,
                    0,
                    0,
                    0,
                    0,
                    0,
                    0,
                    0,
                    0,
                    0,
                    0,
                    0,
                    0,
                    0,
                    5,
                    0,
                    0,
                    0,
                    0,
                    0,
                    0,
                    0,
                    0,
                    0,
                    0,
                    0,
                    0,
                    0,
                    0,
                    112,
                    0,
                    0,
                    0,
                    0,
                    0,
                    0,
                    0,
                    0,
                    0,
                    0,
                    0,
                    0,
                    0,
                    0,
                    0,
                    0,
                    0,
                    0,
                    0,
                    0,
                    5
                ],
                "max_ratio": 0.9180327868852459,
                "total_no_nan": 122,
                "total": 122,
                "cluster_name": "cluster_0"
            },
            {
                "min": 2.18,
                "max": 25.65,
                "median": 9.69,
                "percentile25": 6.2,
                "percentile75": 12.83,
                "percentile9": 3.97,
                "percentile91": 20.61950000000005,
                "std": 6.1626831472960815,
                "distribution": [
                    0,
                    0,
                    0,
                    1,
                    9,
                    4,
                    3,
                    16,
                    4,
                    0,
                    5,
                    0,
                    17,
                    0,
                    5,
                    4,
                    20,
                    9,
                    0,
                    0,
                    19,
                    8,
                    11,
                    7,
                    0,
                    4,
                    0,
                    4,
                    0,
                    4,
                    0,
                    0,
                    2,
                    0,
                    0,
                    0,
                    0,
                    0,
                    0,
                    0,
                    0,
                    0,
                    22,
                    0,
                    0,
                    0,
                    0,
                    12,
                    0,
                    0,
                    0,
                    0,
                    0,
                    0,
                    0,
                    6,
                    0,
                    0,
                    0,
                    0
                ],
                "max_ratio": 0.11224489795918367,
                "total_no_nan": 196,
                "total": 196,
                "cluster_name": "cluster_1"
            },
            {
                "min": 0.46,
                "max": 15.04,
                "median": 4.86,
                "percentile25": 2.93,
                "percentile75": 6.07,
                "percentile9": 1.52,
                "percentile91": 7.830800000000001,
                "std": 2.8789375340420884,
                "distribution": [
                    2,
                    5,
                    8,
                    9,
                    2,
                    6,
                    16,
                    3,
                    2,
                    10,
                    10,
                    9,
                    8,
                    4,
                    6,
                    2,
                    1,
                    0,
                    0,
                    0,
                    0,
                    0,
                    3,
                    4,
                    0,
                    0,
                    0,
                    0,
                    0,
                    2,
                    0,
                    0,
                    1,
                    0,
                    0,
                    0,
                    0,
                    0,
                    0,
                    0,
                    0,
                    0,
                    0,
                    0,
                    0,
                    0,
                    0,
                    0,
                    0,
                    0,
                    0,
                    0,
                    0,
                    0,
                    0,
                    0,
                    0,
                    0,
                    0,
                    0
                ],
                "max_ratio": 0.1415929203539823,
                "total_no_nan": 113,
                "total": 113,
                "cluster_name": "cluster_2"
            }
        ],
        "type": "numerical",
        "scale": {
            "min": 0.46,
            "max": 27.74,
            "max_ratio": 0.9180327868852459
        },
        "global": {
            "min": 0.46,
            "max": 27.74,
            "median": 9.9,
            "percentile25": 5.19,
            "percentile75": 18.1,
            "percentile9": 2.89,
            "percentile91": 19.58,
            "std": 6.768302051736575,
            "distribution": [
                2,
                5,
                8,
                10,
                11,
                10,
                19,
                19,
                6,
                10,
                15,
                9,
                25,
                4,
                11,
                6,
                21,
                9,
                0,
                0,
                19,
                8,
                14,
                16,
                0,
                4,
                0,
                4,
                0,
                6,
                0,
                0,
                3,
                0,
                0,
                0,
                0,
                0,
                112,
                0,
                0,
                0,
                22,
                0,
                0,
                0,
                0,
                12,
                0,
                0,
                0,
                0,
                0,
                0,
                0,
                6,
                0,
                0,
                0,
                5
            ],
            "max_ratio": 0.25986078886310904,
            "total_no_nan": 431,
            "total": 431
        }
    },
    {
        "variable": "RAD",
        "per_cluster": [
            {
                "min": 4.0,
                "max": 24.0,
                "median": 24.0,
                "percentile25": 24.0,
                "percentile75": 24.0,
                "percentile9": 24.0,
                "percentile91": 24.0,
                "std": 3.965044794245189,
                "distribution": [
                    0,
                    0,
                    0,
                    0,
                    0,
                    0,
                    0,
                    5,
                    0,
                    0,
                    0,
                    0,
                    0,
                    0,
                    0,
                    0,
                    0,
                    0,
                    0,
                    0,
                    0,
                    0,
                    0,
                    0,
                    0,
                    0,
                    0,
                    0,
                    0,
                    0,
                    0,
                    0,
                    0,
                    0,
                    0,
                    0,
                    0,
                    0,
                    0,
                    0,
                    0,
                    0,
                    0,
                    0,
                    0,
                    0,
                    0,
                    0,
                    0,
                    0,
                    0,
                    0,
                    0,
                    0,
                    0,
                    0,
                    0,
                    0,
                    0,
                    117
                ],
                "max_ratio": 0.9590163934426229,
                "total_no_nan": 122,
                "total": 122,
                "cluster_name": "cluster_0"
            },
            {
                "min": 1.0,
                "max": 8.0,
                "median": 5.0,
                "percentile25": 4.0,
                "percentile75": 5.0,
                "percentile9": 2.0,
                "percentile91": 6.450000000000021,
                "std": 1.5618829477132246,
                "distribution": [
                    5,
                    0,
                    16,
                    0,
                    0,
                    16,
                    0,
                    54,
                    0,
                    0,
                    71,
                    0,
                    0,
                    16,
                    0,
                    1,
                    0,
                    0,
                    17,
                    0,
                    0,
                    0,
                    0,
                    0,
                    0,
                    0,
                    0,
                    0,
                    0,
                    0,
                    0,
                    0,
                    0,
                    0,
                    0,
                    0,
                    0,
                    0,
                    0,
                    0,
                    0,
                    0,
                    0,
                    0,
                    0,
                    0,
                    0,
                    0,
                    0,
                    0,
                    0,
                    0,
                    0,
                    0,
                    0,
                    0,
                    0,
                    0,
                    0,
                    0
                ],
                "max_ratio": 0.3622448979591837,
                "total_no_nan": 196,
                "total": 196,
                "cluster_name": "cluster_1"
            },
            {
                "min": 1.0,
                "max": 8.0,
                "median": 4.0,
                "percentile25": 3.0,
                "percentile75": 5.0,
                "percentile9": 1.0799999999999998,
                "percentile91": 7.0,
                "std": 1.8415586870045402,
                "distribution": [
                    11,
                    0,
                    7,
                    0,
                    0,
                    13,
                    0,
                    33,
                    0,
                    0,
                    24,
                    0,
                    0,
                    7,
                    0,
                    12,
                    0,
                    0,
                    6,
                    0,
                    0,
                    0,
                    0,
                    0,
                    0,
                    0,
                    0,
                    0,
                    0,
                    0,
                    0,
                    0,
                    0,
                    0,
                    0,
                    0,
                    0,
                    0,
                    0,
                    0,
                    0,
                    0,
                    0,
                    0,
                    0,
                    0,
                    0,
                    0,
                    0,
                    0,
                    0,
                    0,
                    0,
                    0,
                    0,
                    0,
                    0,
                    0,
                    0,
                    0
                ],
                "max_ratio": 0.2920353982300885,
                "total_no_nan": 113,
                "total": 113,
                "cluster_name": "cluster_2"
            }
        ],
        "type": "numerical",
        "scale": {
            "min": 1.0,
            "max": 24.0,
            "max_ratio": 0.9590163934426229
        },
        "global": {
            "min": 1.0,
            "max": 24.0,
            "median": 5.0,
            "percentile25": 4.0,
            "percentile75": 24.0,
            "percentile9": 2.7,
            "percentile91": 24.0,
            "std": 8.79822400523466,
            "distribution": [
                16,
                0,
                23,
                0,
                0,
                29,
                0,
                92,
                0,
                0,
                95,
                0,
                0,
                23,
                0,
                13,
                0,
                0,
                23,
                0,
                0,
                0,
                0,
                0,
                0,
                0,
                0,
                0,
                0,
                0,
                0,
                0,
                0,
                0,
                0,
                0,
                0,
                0,
                0,
                0,
                0,
                0,
                0,
                0,
                0,
                0,
                0,
                0,
                0,
                0,
                0,
                0,
                0,
                0,
                0,
                0,
                0,
                0,
                0,
                117
            ],
            "max_ratio": 0.271461716937355,
            "total_no_nan": 431,
            "total": 431
        }
    },
    {
        "variable": "NOX",
        "per_cluster": [
            {
                "min": 0.532,
                "max": 0.77,
                "median": 0.693,
                "percentile25": 0.614,
                "percentile75": 0.713,
                "percentile9": 0.5838899999999999,
                "percentile91": 0.74,
                "std": 0.06062685621657884,
                "distribution": [
                    0,
                    0,
                    0,
                    0,
                    0,
                    0,
                    0,
                    0,
                    0,
                    0,
                    0,
                    0,
                    0,
                    0,
                    0,
                    0,
                    0,
                    4,
                    0,
                    0,
                    0,
                    0,
                    0,
                    7,
                    7,
                    5,
                    0,
                    11,
                    0,
                    5,
                    0,
                    0,
                    2,
                    1,
                    10,
                    7,
                    0,
                    13,
                    8,
                    0,
                    23,
                    0,
                    0,
                    11,
                    0,
                    0,
                    0,
                    8,
                    0,
                    0,
                    0,
                    0,
                    0,
                    0,
                    0,
                    0,
                    0,
                    0,
                    0,
                    0
                ],
                "max_ratio": 0.1885245901639344,
                "total_no_nan": 122,
                "total": 122,
                "cluster_name": "cluster_0"
            },
            {
                "min": 0.437,
                "max": 0.871,
                "median": 0.538,
                "percentile25": 0.49750000000000005,
                "percentile75": 0.585,
                "percentile9": 0.464,
                "percentile91": 0.647,
                "std": 0.09645468534752151,
                "distribution": [
                    0,
                    0,
                    0,
                    0,
                    0,
                    5,
                    4,
                    7,
                    0,
                    6,
                    1,
                    0,
                    26,
                    2,
                    22,
                    4,
                    12,
                    0,
                    18,
                    23,
                    0,
                    0,
                    6,
                    7,
                    8,
                    0,
                    12,
                    0,
                    0,
                    12,
                    0,
                    9,
                    0,
                    0,
                    0,
                    0,
                    0,
                    0,
                    0,
                    0,
                    0,
                    0,
                    0,
                    0,
                    0,
                    0,
                    0,
                    0,
                    0,
                    0,
                    0,
                    0,
                    0,
                    0,
                    0,
                    0,
                    0,
                    0,
                    0,
                    12
                ],
                "max_ratio": 0.1326530612244898,
                "total_no_nan": 196,
                "total": 196,
                "cluster_name": "cluster_1"
            },
            {
                "min": 0.392,
                "max": 0.524,
                "median": 0.431,
                "percentile25": 0.411,
                "percentile75": 0.447,
                "percentile9": 0.401,
                "percentile91": 0.47136,
                "std": 0.02888889467547214,
                "distribution": [
                    5,
                    14,
                    17,
                    4,
                    22,
                    15,
                    11,
                    8,
                    2,
                    4,
                    1,
                    2,
                    2,
                    0,
                    1,
                    4,
                    1,
                    0,
                    0,
                    0,
                    0,
                    0,
                    0,
                    0,
                    0,
                    0,
                    0,
                    0,
                    0,
                    0,
                    0,
                    0,
                    0,
                    0,
                    0,
                    0,
                    0,
                    0,
                    0,
                    0,
                    0,
                    0,
                    0,
                    0,
                    0,
                    0,
                    0,
                    0,
                    0,
                    0,
                    0,
                    0,
                    0,
                    0,
                    0,
                    0,
                    0,
                    0,
                    0,
                    0
                ],
                "max_ratio": 0.19469026548672566,
                "total_no_nan": 113,
                "total": 113,
                "cluster_name": "cluster_2"
            }
        ],
        "type": "numerical",
        "scale": {
            "min": 0.392,
            "max": 0.871,
            "max_ratio": 0.19469026548672566
        },
        "global": {
            "min": 0.392,
            "max": 0.871,
            "median": 0.538,
            "percentile25": 0.453,
            "percentile75": 0.631,
            "percentile9": 0.42023,
            "percentile91": 0.713,
            "std": 0.11471426784204838,
            "distribution": [
                5,
                14,
                17,
                4,
                22,
                20,
                15,
                15,
                2,
                10,
                2,
                2,
                28,
                2,
                23,
                8,
                13,
                4,
                18,
                23,
                0,
                0,
                6,
                14,
                15,
                5,
                12,
                11,
                0,
                17,
                0,
                9,
                2,
                1,
                10,
                7,
                0,
                13,
                8,
                0,
                23,
                0,
                0,
                11,
                0,
                0,
                0,
                8,
                0,
                0,
                0,
                0,
                0,
                0,
                0,
                0,
                0,
                0,
                0,
                12
            ],
            "max_ratio": 0.06496519721577726,
            "total_no_nan": 431,
            "total": 431
        }
    },
    {
        "variable": "RM",
        "per_cluster": [
            {
                "min": 3.561,
                "max": 8.78,
                "median": 6.185,
                "percentile25": 5.6905,
                "percentile75": 6.43175,
                "percentile9": 4.96923,
                "percentile91": 6.78332,
                "std": 0.7424332088963499,
                "distribution": [
                    1,
                    0,
                    0,
                    1,
                    0,
                    0,
                    2,
                    0,
                    0,
                    1,
                    0,
                    1,
                    2,
                    0,
                    0,
                    2,
                    4,
                    1,
                    1,
                    0,
                    4,
                    5,
                    2,
                    3,
                    2,
                    4,
                    6,
                    8,
                    3,
                    7,
                    15,
                    6,
                    10,
                    8,
                    2,
                    5,
                    4,
                    5,
                    0,
                    3,
                    1,
                    0,
                    0,
                    1,
                    1,
                    0,
                    0,
                    0,
                    0,
                    0,
                    0,
                    0,
                    0,
                    0,
                    0,
                    0,
                    0,
                    0,
                    0,
                    1
                ],
                "max_ratio": 0.12295081967213115,
                "total_no_nan": 122,
                "total": 122,
                "cluster_name": "cluster_0"
            },
            {
                "min": 4.903,
                "max": 8.725,
                "median": 6.1215,
                "percentile25": 5.87575,
                "percentile75": 6.569,
                "percentile9": 5.5711,
                "percentile91": 7.382300000000001,
                "std": 0.7282062276230405,
                "distribution": [
                    0,
                    0,
                    0,
                    0,
                    0,
                    0,
                    0,
                    0,
                    0,
                    0,
                    0,
                    0,
                    0,
                    0,
                    0,
                    2,
                    2,
                    0,
                    1,
                    1,
                    1,
                    8,
                    1,
                    9,
                    8,
                    6,
                    16,
                    20,
                    17,
                    19,
                    8,
                    9,
                    10,
                    4,
                    7,
                    7,
                    3,
                    4,
                    3,
                    3,
                    1,
                    5,
                    0,
                    3,
                    3,
                    1,
                    0,
                    0,
                    2,
                    1,
                    1,
                    2,
                    0,
                    1,
                    3,
                    2,
                    0,
                    0,
                    0,
                    2
                ],
                "max_ratio": 0.10204081632653061,
                "total_no_nan": 196,
                "total": 196,
                "cluster_name": "cluster_1"
            },
            {
                "min": 5.593,
                "max": 8.259,
                "median": 6.54,
                "percentile25": 6.162,
                "percentile75": 6.957,
                "percentile9": 5.88408,
                "percentile91": 7.59752,
                "std": 0.5941928259561289,
                "distribution": [
                    0,
                    0,
                    0,
                    0,
                    0,
                    0,
                    0,
                    0,
                    0,
                    0,
                    0,
                    0,
                    0,
                    0,
                    0,
                    0,
                    0,
                    0,
                    0,
                    0,
                    0,
                    0,
                    0,
                    3,
                    1,
                    3,
                    7,
                    3,
                    4,
                    10,
                    5,
                    7,
                    4,
                    9,
                    6,
                    4,
                    6,
                    7,
                    5,
                    4,
                    4,
                    3,
                    6,
                    0,
                    1,
                    0,
                    2,
                    2,
                    2,
                    2,
                    1,
                    1,
                    0,
                    0,
                    1,
                    0,
                    0,
                    0,
                    0,
                    0
                ],
                "max_ratio": 0.08849557522123894,
                "total_no_nan": 113,
                "total": 113,
                "cluster_name": "cluster_2"
            }
        ],
        "type": "numerical",
        "scale": {
            "min": 3.561,
            "max": 8.78,
            "max_ratio": 0.12295081967213115
        },
        "global": {
            "min": 3.561,
            "max": 8.78,
            "median": 6.211,
            "percentile25": 5.893,
            "percentile75": 6.652,
            "percentile9": 5.4644,
            "percentile91": 7.2543999999999995,
            "std": 0.7330653482596865,
            "distribution": [
                1,
                0,
                0,
                1,
                0,
                0,
                2,
                0,
                0,
                1,
                0,
                1,
                2,
                0,
                0,
                4,
                6,
                1,
                2,
                1,
                5,
                13,
                3,
                15,
                11,
                13,
                29,
                31,
                24,
                36,
                28,
                22,
                24,
                21,
                15,
                16,
                13,
                16,
                8,
                10,
                6,
                8,
                6,
                4,
                5,
                1,
                2,
                2,
                4,
                3,
                2,
                3,
                0,
                1,
                4,
                2,
                0,
                0,
                0,
                3
            ],
            "max_ratio": 0.08352668213457076,
            "total_no_nan": 431,
            "total": 431
        }
    },
    {
        "variable": "AGE",
        "per_cluster": [
            {
                "min": 40.3,
                "max": 100.0,
                "median": 93.75,
                "percentile25": 84.875,
                "percentile75": 98.775,
                "percentile9": 74.38199999999999,
                "percentile91": 100.0,
                "std": 11.479956119293734,
                "distribution": [
                    0,
                    0,
                    0,
                    0,
                    0,
                    0,
                    0,
                    0,
                    0,
                    0,
                    0,
                    0,
                    0,
                    0,
                    0,
                    0,
                    0,
                    0,
                    0,
                    0,
                    0,
                    1,
                    0,
                    0,
                    0,
                    0,
                    0,
                    0,
                    0,
                    1,
                    1,
                    0,
                    1,
                    0,
                    0,
                    0,
                    0,
                    1,
                    0,
                    4,
                    0,
                    2,
                    0,
                    2,
                    2,
                    3,
                    1,
                    2,
                    2,
                    6,
                    3,
                    2,
                    8,
                    5,
                    8,
                    6,
                    8,
                    11,
                    10,
                    32
                ],
                "max_ratio": 0.26229508196721313,
                "total_no_nan": 122,
                "total": 122,
                "cluster_name": "cluster_0"
            },
            {
                "min": 9.8,
                "max": 100.0,
                "median": 80.35000000000001,
                "percentile25": 65.9,
                "percentile75": 92.92500000000001,
                "percentile9": 46.795,
                "percentile91": 97.99000000000001,
                "std": 19.254784520355923,
                "distribution": [
                    0,
                    0,
                    1,
                    0,
                    0,
                    0,
                    0,
                    0,
                    0,
                    1,
                    1,
                    0,
                    0,
                    0,
                    2,
                    0,
                    1,
                    1,
                    0,
                    2,
                    1,
                    1,
                    0,
                    2,
                    2,
                    3,
                    2,
                    1,
                    0,
                    3,
                    5,
                    2,
                    1,
                    5,
                    1,
                    5,
                    3,
                    3,
                    3,
                    13,
                    4,
                    5,
                    6,
                    4,
                    2,
                    6,
                    3,
                    4,
                    7,
                    4,
                    7,
                    5,
                    6,
                    6,
                    8,
                    9,
                    10,
                    9,
                    13,
                    13
                ],
                "max_ratio": 0.0663265306122449,
                "total_no_nan": 196,
                "total": 196,
                "cluster_name": "cluster_1"
            },
            {
                "min": 6.2,
                "max": 76.5,
                "median": 32.2,
                "percentile25": 21.1,
                "percentile75": 42.8,
                "percentile9": 14.78,
                "percentile91": 59.684000000000005,
                "std": 16.347118203363795,
                "distribution": [
                    4,
                    4,
                    1,
                    0,
                    1,
                    1,
                    4,
                    9,
                    3,
                    5,
                    3,
                    2,
                    1,
                    3,
                    5,
                    3,
                    8,
                    6,
                    5,
                    4,
                    6,
                    2,
                    3,
                    3,
                    1,
                    3,
                    3,
                    5,
                    0,
                    1,
                    1,
                    0,
                    1,
                    0,
                    2,
                    0,
                    1,
                    2,
                    1,
                    3,
                    1,
                    1,
                    0,
                    0,
                    1,
                    0,
                    0,
                    0,
                    0,
                    0,
                    0,
                    0,
                    0,
                    0,
                    0,
                    0,
                    0,
                    0,
                    0,
                    0
                ],
                "max_ratio": 0.07964601769911504,
                "total_no_nan": 113,
                "total": 113,
                "cluster_name": "cluster_2"
            }
        ],
        "type": "numerical",
        "scale": {
            "min": 6.2,
            "max": 100.0,
            "max_ratio": 0.26229508196721313
        },
        "global": {
            "min": 6.2,
            "max": 100.0,
            "median": 76.7,
            "percentile25": 46.5,
            "percentile75": 93.55,
            "percentile9": 24.38,
            "percentile91": 98.9,
            "std": 27.379412063255625,
            "distribution": [
                4,
                4,
                2,
                0,
                1,
                1,
                4,
                9,
                3,
                6,
                4,
                2,
                1,
                3,
                7,
                3,
                9,
                7,
                5,
                6,
                7,
                4,
                3,
                5,
                3,
                6,
                5,
                6,
                0,
                5,
                7,
                2,
                3,
                5,
                3,
                5,
                4,
                6,
                4,
                20,
                5,
                8,
                6,
                6,
                5,
                9,
                4,
                6,
                9,
                10,
                10,
                7,
                14,
                11,
                16,
                15,
                18,
                20,
                23,
                45
            ],
            "max_ratio": 0.10440835266821345,
            "total_no_nan": 431,
            "total": 431
        }
    }
]