{
    "metrics": {
        "inertia": 1957.9567537545645,
        "silhouette": 0.3281875825197545,
        "nbClusters": 3
    },
    "processed_feature_names": [
        "TAX",
        "CRIM",
        "PTRATIO",
        "DIS",
        "ZN",
        "INDUS",
        "RAD",
        "NOX",
        "RM",
        "AGE"
    ],
    "variables_importance": {
        "variables": [
            "TAX",
            "CRIM",
            "PTRATIO",
            "DIS",
            "ZN",
            "INDUS",
            "RAD",
            "NOX",
            "RM",
            "AGE"
        ],
        "importances": [
            0.18743939284115144,
            0.10499294842403996,
            0.035719895768564214,
            0.15885717560435808,
            0.06019805587532954,
            0.05322691135986022,
            0.16892874958115647,
            0.12772912964491404,
            0.014758180029387547,
            0.08814956087123843
        ]
    },
    "reduce_vars": [],
    "train_nb_records": 431,
    "train_nb_features": 10,
    "train_nb_outliers": 0,
    "cluster_description": [
        {
            "variable": "TAX",
            "var": 42917.7,
            "values": [
                {
                    "cluster": "cluster_0",
                    "value": 667.844262295082
                },
                {
                    "cluster": "cluster_1",
                    "value": 317.7040816326531
                },
                {
                    "cluster": "cluster_2",
                    "value": 300.929203539823
                }
            ]
        },
        {
            "variable": "CRIM",
            "var": 43.86,
            "values": [
                {
                    "cluster": "cluster_0",
                    "value": 11.927637900222628
                },
                {
                    "cluster": "cluster_1",
                    "value": 0.6487545911018727
                },
                {
                    "cluster": "cluster_2",
                    "value": 0.2729417152846061
                }
            ]
        },
        {
            "variable": "PTRATIO",
            "var": 2.28,
            "values": [
                {
                    "cluster": "cluster_0",
                    "value": 20.195901639344264
                },
                {
                    "cluster": "cluster_1",
                    "value": 18.029591836734696
                },
                {
                    "cluster": "cluster_2",
                    "value": 17.288495575221237
                }
            ]
        },
        {
            "variable": "DIS",
            "var": 5.35,
            "values": [
                {
                    "cluster": "cluster_0",
                    "value": 2.0509483606557373
                },
                {
                    "cluster": "cluster_1",
                    "value": 3.154259183673469
                },
                {
                    "cluster": "cluster_2",
                    "value": 6.492515929203542
                }
            ]
        },
        {
            "variable": "ZN",
            "var": 466.17,
            "values": [
                {
                    "cluster": "cluster_0",
                    "value": 0.0
                },
                {
                    "cluster": "cluster_1",
                    "value": 1.9464285714285714
                },
                {
                    "cluster": "cluster_2",
                    "value": 38.33185840707964
                }
            ]
        },
        {
            "variable": "INDUS",
            "var": 45.0,
            "values": [
                {
                    "cluster": "cluster_0",
                    "value": 18.20754064629288
                },
                {
                    "cluster": "cluster_1",
                    "value": 10.484887461157312
                },
                {
                    "cluster": "cluster_2",
                    "value": 4.845274044939728
                }
            ]
        },
        {
            "variable": "RAD",
            "var": 116.94,
            "values": [
                {
                    "cluster": "cluster_0",
                    "value": 23.18032786885246
                },
                {
                    "cluster": "cluster_1",
                    "value": 4.566326530612245
                },
                {
                    "cluster": "cluster_2",
                    "value": 4.336283185840708
                }
            ]
        },
        {
            "variable": "NOX",
            "var": 0.01,
            "values": [
                {
                    "cluster": "cluster_0",
                    "value": 0.671393442622951
                },
                {
                    "cluster": "cluster_1",
                    "value": 0.5561989795918371
                },
                {
                    "cluster": "cluster_2",
                    "value": 0.4340247787610621
                }
            ]
        },
        {
            "variable": "RM",
            "var": 0.09,
            "values": [
                {
                    "cluster": "cluster_0",
                    "value": 6.019499999999999
                },
                {
                    "cluster": "cluster_1",
                    "value": 6.299750000000002
                },
                {
                    "cluster": "cluster_2",
                    "value": 6.611097345132742
                }
            ]
        },
        {
            "variable": "AGE",
            "var": 857.42,
            "values": [
                {
                    "cluster": "cluster_0",
                    "value": 89.91193078324225
                },
                {
                    "cluster": "cluster_1",
                    "value": 76.6050264550264
                },
                {
                    "cluster": "cluster_2",
                    "value": 33.86758439855785
                }
            ]
        },
        {
            "variable": "cluster_size",
            "var": 2074.33,
            "values": [
                {
                    "cluster": "cluster_1",
                    "value": 196
                },
                {
                    "cluster": "cluster_0",
                    "value": 122
                },
                {
                    "cluster": "cluster_2",
                    "value": 113
                }
            ]
        }
    ],
    "summary": {
        "clusters": []
    }
}