{
    "metrics": {
        "inertia": 1352.644596817818,
        "silhouette": 0.255634786561729,
        "nbClusters": 12
    },
    "processed_feature_names": [
        "B",
        "TAX",
        "CRIM",
        "PTRATIO",
        "MEDV",
        "DIS",
        "ZN",
        "INDUS",
        "RAD",
        "LSTAT",
        "NOX",
        "RM",
        "AGE",
        "dummy:CHAS:0",
        "dummy:CHAS:N/A",
        "dummy:CHAS:__Others__"
    ],
    "variables_importance": {
        "variables": [
            "B",
            "TAX",
            "CRIM",
            "PTRATIO",
            "MEDV",
            "DIS",
            "ZN",
            "INDUS",
            "RAD",
            "LSTAT",
            "NOX",
            "RM",
            "AGE",
            "dummy:CHAS:0",
            "dummy:CHAS:__Others__"
        ],
        "importances": [
            0.0716411654835504,
            0.05521005927517959,
            0.07033653200828863,
            0.05938176199097796,
            0.08449433643008669,
            0.09759460722012764,
            0.07750234458106674,
            0.08634035886547915,
            0.07388065877833687,
            0.08884257029408812,
            0.08945359242707894,
            0.06621158748427,
            0.07648760576872096,
            0.0014909991988005624,
            0.0011318201939476673
        ]
    },
    "reduce_vars": [],
    "train_nb_records": 431,
    "train_nb_features": 16,
    "train_nb_outliers": 0,
    "cluster_description": [
        {
            "variable": "dummy:CHAS:0",
            "var": 0.0,
            "values": [
                {
                    "cluster": "cluster_0",
                    "value": 0.85
                },
                {
                    "cluster": "cluster_1",
                    "value": 0.9863013698630136
                },
                {
                    "cluster": "cluster_10",
                    "value": 1.0
                },
                {
                    "cluster": "cluster_11",
                    "value": 0.8780487804878049
                },
                {
                    "cluster": "cluster_2",
                    "value": 0.8666666666666667
                },
                {
                    "cluster": "cluster_3",
                    "value": 0.8809523809523809
                },
                {
                    "cluster": "cluster_4",
                    "value": 1.0
                },
                {
                    "cluster": "cluster_5",
                    "value": 1.0
                },
                {
                    "cluster": "cluster_6",
                    "value": 1.0
                },
                {
                    "cluster": "cluster_7",
                    "value": 0.8571428571428571
                },
                {
                    "cluster": "cluster_8",
                    "value": 0.9777777777777777
                },
                {
                    "cluster": "cluster_9",
                    "value": 0.8571428571428571
                }
            ]
        },
        {
            "variable": "dummy:CHAS:N/A",
            "var": 0.0,
            "values": [
                {
                    "cluster": "cluster_0",
                    "value": 0.0
                },
                {
                    "cluster": "cluster_1",
                    "value": 0.0
                },
                {
                    "cluster": "cluster_10",
                    "value": 0.0
                },
                {
                    "cluster": "cluster_11",
                    "value": 0.0
                },
                {
                    "cluster": "cluster_2",
                    "value": 0.0
                },
                {
                    "cluster": "cluster_3",
                    "value": 0.0
                },
                {
                    "cluster": "cluster_4",
                    "value": 0.0
                },
                {
                    "cluster": "cluster_5",
                    "value": 0.0
                },
                {
                    "cluster": "cluster_6",
                    "value": 0.0
                },
                {
                    "cluster": "cluster_7",
                    "value": 0.0
                },
                {
                    "cluster": "cluster_8",
                    "value": 0.0
                },
                {
                    "cluster": "cluster_9",
                    "value": 0.0
                }
            ]
        },
        {
            "variable": "dummy:CHAS:__Others__",
            "var": 0.0,
            "values": [
                {
                    "cluster": "cluster_0",
                    "value": 0.15
                },
                {
                    "cluster": "cluster_1",
                    "value": 0.0136986301369863
                },
                {
                    "cluster": "cluster_10",
                    "value": 0.0
                },
                {
                    "cluster": "cluster_11",
                    "value": 0.12195121951219512
                },
                {
                    "cluster": "cluster_2",
                    "value": 0.13333333333333333
                },
                {
                    "cluster": "cluster_3",
                    "value": 0.11904761904761904
                },
                {
                    "cluster": "cluster_4",
                    "value": 0.0
                },
                {
                    "cluster": "cluster_5",
                    "value": 0.0
                },
                {
                    "cluster": "cluster_6",
                    "value": 0.0
                },
                {
                    "cluster": "cluster_7",
                    "value": 0.14285714285714285
                },
                {
                    "cluster": "cluster_8",
                    "value": 0.022222222222222223
                },
                {
                    "cluster": "cluster_9",
                    "value": 0.14285714285714285
                }
            ]
        },
        {
            "variable": "B",
            "var": 9445.46,
            "values": [
                {
                    "cluster": "cluster_0",
                    "value": 315.04449999999997
                },
                {
                    "cluster": "cluster_1",
                    "value": 390.5890410958906
                },
                {
                    "cluster": "cluster_10",
                    "value": 266.1066666666667
                },
                {
                    "cluster": "cluster_11",
                    "value": 390.92878048780483
                },
                {
                    "cluster": "cluster_2",
                    "value": 372.35833333333335
                },
                {
                    "cluster": "cluster_3",
                    "value": 378.01178571428596
                },
                {
                    "cluster": "cluster_4",
                    "value": 355.3253846153847
                },
                {
                    "cluster": "cluster_5",
                    "value": 54.188928571428576
                },
                {
                    "cluster": "cluster_6",
                    "value": 378.24652173913046
                },
                {
                    "cluster": "cluster_7",
                    "value": 387.6764285714286
                },
                {
                    "cluster": "cluster_8",
                    "value": 389.9777777777777
                },
                {
                    "cluster": "cluster_9",
                    "value": 385.14500000000004
                }
            ]
        },
        {
            "variable": "TAX",
            "var": 30335.13,
            "values": [
                {
                    "cluster": "cluster_0",
                    "value": 403.0
                },
                {
                    "cluster": "cluster_1",
                    "value": 292.82191780821915
                },
                {
                    "cluster": "cluster_10",
                    "value": 666.0
                },
                {
                    "cluster": "cluster_11",
                    "value": 265.8048780487805
                },
                {
                    "cluster": "cluster_2",
                    "value": 666.0
                },
                {
                    "cluster": "cluster_3",
                    "value": 323.5595238095238
                },
                {
                    "cluster": "cluster_4",
                    "value": 666.0
                },
                {
                    "cluster": "cluster_5",
                    "value": 666.0
                },
                {
                    "cluster": "cluster_6",
                    "value": 431.60869565217394
                },
                {
                    "cluster": "cluster_7",
                    "value": 268.92857142857144
                },
                {
                    "cluster": "cluster_8",
                    "value": 319.4
                },
                {
                    "cluster": "cluster_9",
                    "value": 303.7142857142857
                }
            ]
        },
        {
            "variable": "CRIM",
            "var": 477.85,
            "values": [
                {
                    "cluster": "cluster_0",
                    "value": 2.2258715000000002
                },
                {
                    "cluster": "cluster_1",
                    "value": 0.2224018896217374
                },
                {
                    "cluster": "cluster_10",
                    "value": 76.81036666666667
                },
                {
                    "cluster": "cluster_11",
                    "value": 0.44614736374585984
                },
                {
                    "cluster": "cluster_2",
                    "value": 6.783928264746227
                },
                {
                    "cluster": "cluster_3",
                    "value": 0.4193390948951597
                },
                {
                    "cluster": "cluster_4",
                    "value": 19.06225576923077
                },
                {
                    "cluster": "cluster_5",
                    "value": 11.475986712228103
                },
                {
                    "cluster": "cluster_6",
                    "value": 0.4012517391304347
                },
                {
                    "cluster": "cluster_7",
                    "value": 0.24584571428571425
                },
                {
                    "cluster": "cluster_8",
                    "value": 0.35532346410608134
                },
                {
                    "cluster": "cluster_9",
                    "value": 1.1305417122281012
                }
            ]
        },
        {
            "variable": "PTRATIO",
            "var": 5.61,
            "values": [
                {
                    "cluster": "cluster_0",
                    "value": 14.699999999999994
                },
                {
                    "cluster": "cluster_1",
                    "value": 18.434246575342478
                },
                {
                    "cluster": "cluster_10",
                    "value": 20.2
                },
                {
                    "cluster": "cluster_11",
                    "value": 17.32195121951219
                },
                {
                    "cluster": "cluster_2",
                    "value": 20.200000000000024
                },
                {
                    "cluster": "cluster_3",
                    "value": 19.1404761904762
                },
                {
                    "cluster": "cluster_4",
                    "value": 20.199999999999992
                },
                {
                    "cluster": "cluster_5",
                    "value": 20.199999999999996
                },
                {
                    "cluster": "cluster_6",
                    "value": 20.41304347826087
                },
                {
                    "cluster": "cluster_7",
                    "value": 17.392857142857146
                },
                {
                    "cluster": "cluster_8",
                    "value": 16.18666666666666
                },
                {
                    "cluster": "cluster_9",
                    "value": 13.485714285714286
                }
            ]
        },
        {
            "variable": "MEDV",
            "var": 130.64,
            "values": [
                {
                    "cluster": "cluster_0",
                    "value": 19.255000000000003
                },
                {
                    "cluster": "cluster_1",
                    "value": 23.065753424657526
                },
                {
                    "cluster": "cluster_10",
                    "value": 8.066666666666668
                },
                {
                    "cluster": "cluster_11",
                    "value": 28.690243902439022
                },
                {
                    "cluster": "cluster_2",
                    "value": 21.075
                },
                {
                    "cluster": "cluster_3",
                    "value": 19.673809523809517
                },
                {
                    "cluster": "cluster_4",
                    "value": 10.519230769230772
                },
                {
                    "cluster": "cluster_5",
                    "value": 13.396428571428569
                },
                {
                    "cluster": "cluster_6",
                    "value": 16.456521739130437
                },
                {
                    "cluster": "cluster_7",
                    "value": 43.62857142857143
                },
                {
                    "cluster": "cluster_8",
                    "value": 30.557777777777776
                },
                {
                    "cluster": "cluster_9",
                    "value": 42.478571428571435
                }
            ]
        },
        {
            "variable": "DIS",
            "var": 3.26,
            "values": [
                {
                    "cluster": "cluster_0",
                    "value": 1.7952450000000002
                },
                {
                    "cluster": "cluster_1",
                    "value": 5.987658904109589
                },
                {
                    "cluster": "cluster_10",
                    "value": 1.5481666666666667
                },
                {
                    "cluster": "cluster_11",
                    "value": 3.5346731707317067
                },
                {
                    "cluster": "cluster_2",
                    "value": 2.304511666666666
                },
                {
                    "cluster": "cluster_3",
                    "value": 3.5094142857142865
                },
                {
                    "cluster": "cluster_4",
                    "value": 1.5678269230769228
                },
                {
                    "cluster": "cluster_5",
                    "value": 2.0414321428571425
                },
                {
                    "cluster": "cluster_6",
                    "value": 1.921260869565218
                },
                {
                    "cluster": "cluster_7",
                    "value": 3.998592857142857
                },
                {
                    "cluster": "cluster_8",
                    "value": 7.0796222222222225
                },
                {
                    "cluster": "cluster_9",
                    "value": 2.1283785714285712
                }
            ]
        },
        {
            "variable": "ZN",
            "var": 415.36,
            "values": [
                {
                    "cluster": "cluster_0",
                    "value": 0.0
                },
                {
                    "cluster": "cluster_1",
                    "value": 11.664383561643836
                },
                {
                    "cluster": "cluster_10",
                    "value": 0.0
                },
                {
                    "cluster": "cluster_11",
                    "value": 5.951219512195122
                },
                {
                    "cluster": "cluster_2",
                    "value": 0.0
                },
                {
                    "cluster": "cluster_3",
                    "value": 1.3154761904761905
                },
                {
                    "cluster": "cluster_4",
                    "value": 0.0
                },
                {
                    "cluster": "cluster_5",
                    "value": 0.0
                },
                {
                    "cluster": "cluster_6",
                    "value": 0.0
                },
                {
                    "cluster": "cluster_7",
                    "value": 5.857142857142857
                },
                {
                    "cluster": "cluster_8",
                    "value": 72.11111111111111
                },
                {
                    "cluster": "cluster_9",
                    "value": 12.857142857142858
                }
            ]
        },
        {
            "variable": "INDUS",
            "var": 49.96,
            "values": [
                {
                    "cluster": "cluster_0",
                    "value": 18.730399176954723
                },
                {
                    "cluster": "cluster_1",
                    "value": 6.7106573087547225
                },
                {
                    "cluster": "cluster_10",
                    "value": 18.1
                },
                {
                    "cluster": "cluster_11",
                    "value": 5.334731506574324
                },
                {
                    "cluster": "cluster_2",
                    "value": 17.749199588477378
                },
                {
                    "cluster": "cluster_3",
                    "value": 9.268880560454633
                },
                {
                    "cluster": "cluster_4",
                    "value": 17.83015352959798
                },
                {
                    "cluster": "cluster_5",
                    "value": 17.84942827748384
                },
                {
                    "cluster": "cluster_6",
                    "value": 24.142608695652168
                },
                {
                    "cluster": "cluster_7",
                    "value": 4.812857142857143
                },
                {
                    "cluster": "cluster_8",
                    "value": 3.0839551897576594
                },
                {
                    "cluster": "cluster_9",
                    "value": 8.429999999999998
                }
            ]
        },
        {
            "variable": "RAD",
            "var": 91.92,
            "values": [
                {
                    "cluster": "cluster_0",
                    "value": 5.0
                },
                {
                    "cluster": "cluster_1",
                    "value": 4.739726027397261
                },
                {
                    "cluster": "cluster_10",
                    "value": 24.0
                },
                {
                    "cluster": "cluster_11",
                    "value": 4.609756097560975
                },
                {
                    "cluster": "cluster_2",
                    "value": 24.0
                },
                {
                    "cluster": "cluster_3",
                    "value": 4.5476190476190474
                },
                {
                    "cluster": "cluster_4",
                    "value": 24.0
                },
                {
                    "cluster": "cluster_5",
                    "value": 24.0
                },
                {
                    "cluster": "cluster_6",
                    "value": 3.4782608695652173
                },
                {
                    "cluster": "cluster_7",
                    "value": 5.571428571428571
                },
                {
                    "cluster": "cluster_8",
                    "value": 3.5555555555555554
                },
                {
                    "cluster": "cluster_9",
                    "value": 5.0
                }
            ]
        },
        {
            "variable": "LSTAT",
            "var": 48.04,
            "values": [
                {
                    "cluster": "cluster_0",
                    "value": 16.541499999999996
                },
                {
                    "cluster": "cluster_1",
                    "value": 8.97365973279215
                },
                {
                    "cluster": "cluster_10",
                    "value": 20.27
                },
                {
                    "cluster": "cluster_11",
                    "value": 7.066097560975609
                },
                {
                    "cluster": "cluster_2",
                    "value": 14.152181069958848
                },
                {
                    "cluster": "cluster_3",
                    "value": 14.871394767783654
                },
                {
                    "cluster": "cluster_4",
                    "value": 25.76867046533713
                },
                {
                    "cluster": "cluster_5",
                    "value": 21.058928571428567
                },
                {
                    "cluster": "cluster_6",
                    "value": 18.984347826086957
                },
                {
                    "cluster": "cluster_7",
                    "value": 5.521490299823634
                },
                {
                    "cluster": "cluster_8",
                    "value": 5.581333333333334
                },
                {
                    "cluster": "cluster_9",
                    "value": 6.71
                }
            ]
        },
        {
            "variable": "NOX",
            "var": 0.01,
            "values": [
                {
                    "cluster": "cluster_0",
                    "value": 0.7646000000000004
                },
                {
                    "cluster": "cluster_1",
                    "value": 0.45358904109589054
                },
                {
                    "cluster": "cluster_10",
                    "value": 0.681
                },
                {
                    "cluster": "cluster_11",
                    "value": 0.4928731707317073
                },
                {
                    "cluster": "cluster_2",
                    "value": 0.6710833333333331
                },
                {
                    "cluster": "cluster_3",
                    "value": 0.5279404761904762
                },
                {
                    "cluster": "cluster_4",
                    "value": 0.6841153846153845
                },
                {
                    "cluster": "cluster_5",
                    "value": 0.6703571428571429
                },
                {
                    "cluster": "cluster_6",
                    "value": 0.6095217391304348
                },
                {
                    "cluster": "cluster_7",
                    "value": 0.47691428571428574
                },
                {
                    "cluster": "cluster_8",
                    "value": 0.41564888888888896
                },
                {
                    "cluster": "cluster_9",
                    "value": 0.6247142857142858
                }
            ]
        },
        {
            "variable": "RM",
            "var": 0.59,
            "values": [
                {
                    "cluster": "cluster_0",
                    "value": 5.7915
                },
                {
                    "cluster": "cluster_1",
                    "value": 6.259397260273974
                },
                {
                    "cluster": "cluster_10",
                    "value": 6.2026666666666666
                },
                {
                    "cluster": "cluster_11",
                    "value": 6.690926829268292
                },
                {
                    "cluster": "cluster_2",
                    "value": 6.264816666666665
                },
                {
                    "cluster": "cluster_3",
                    "value": 5.974214285714286
                },
                {
                    "cluster": "cluster_4",
                    "value": 5.360038461538465
                },
                {
                    "cluster": "cluster_5",
                    "value": 6.16407142857143
                },
                {
                    "cluster": "cluster_6",
                    "value": 5.870260869565217
                },
                {
                    "cluster": "cluster_7",
                    "value": 8.014357142857143
                },
                {
                    "cluster": "cluster_8",
                    "value": 6.80146666666667
                },
                {
                    "cluster": "cluster_9",
                    "value": 7.680071428571428
                }
            ]
        },
        {
            "variable": "AGE",
            "var": 528.97,
            "values": [
                {
                    "cluster": "cluster_0",
                    "value": 94.55092592592591
                },
                {
                    "cluster": "cluster_1",
                    "value": 36.55890410958904
                },
                {
                    "cluster": "cluster_10",
                    "value": 97.3
                },
                {
                    "cluster": "cluster_11",
                    "value": 65.36386630532974
                },
                {
                    "cluster": "cluster_2",
                    "value": 86.81228395061727
                },
                {
                    "cluster": "cluster_3",
                    "value": 77.90348324514993
                },
                {
                    "cluster": "cluster_4",
                    "value": 96.46538461538465
                },
                {
                    "cluster": "cluster_5",
                    "value": 88.90066137566136
                },
                {
                    "cluster": "cluster_6",
                    "value": 91.58421900161031
                },
                {
                    "cluster": "cluster_7",
                    "value": 59.34417989417988
                },
                {
                    "cluster": "cluster_8",
                    "value": 30.929300411522636
                },
                {
                    "cluster": "cluster_9",
                    "value": 85.72989417989416
                }
            ]
        },
        {
            "variable": "cluster_size",
            "var": 636.45,
            "values": [
                {
                    "cluster": "cluster_3",
                    "value": 84
                },
                {
                    "cluster": "cluster_1",
                    "value": 73
                },
                {
                    "cluster": "cluster_2",
                    "value": 60
                },
                {
                    "cluster": "cluster_8",
                    "value": 45
                },
                {
                    "cluster": "cluster_11",
                    "value": 41
                },
                {
                    "cluster": "cluster_5",
                    "value": 28
                },
                {
                    "cluster": "cluster_4",
                    "value": 26
                },
                {
                    "cluster": "cluster_6",
                    "value": 23
                },
                {
                    "cluster": "cluster_0",
                    "value": 20
                },
                {
                    "cluster": "cluster_9",
                    "value": 14
                },
                {
                    "cluster": "cluster_7",
                    "value": 14
                },
                {
                    "cluster": "cluster_10",
                    "value": 3
                }
            ]
        }
    ],
    "summary": {
        "clusters": []
    }
}