[
    {
        "variable": "TAX",
        "per_cluster": [
            {
                "min": 187.0,
                "max": 469.0,
                "median": 300.0,
                "percentile25": 264.0,
                "percentile75": 330.0,
                "percentile9": 223.0,
                "percentile91": 402.44000000000005,
                "std": 62.57767595440665,
                "distribution": [
                    16,
                    1,
                    0,
                    5,
                    17,
                    5,
                    12,
                    8,
                    13,
                    10,
                    26,
                    17,
                    14,
                    49,
                    7,
                    0,
                    17,
                    2,
                    7,
                    3,
                    2,
                    0,
                    9,
                    8,
                    23,
                    2,
                    1,
                    2,
                    8,
                    0,
                    0,
                    0,
                    1,
                    0,
                    0,
                    0,
                    0,
                    0,
                    0,
                    0,
                    0,
                    0,
                    0,
                    0,
                    0,
                    0,
                    0,
                    0,
                    0,
                    0,
                    0,
                    0,
                    0,
                    0,
                    0,
                    0,
                    0,
                    0,
                    0,
                    0
                ],
                "max_ratio": 0.17192982456140352,
                "total_no_nan": 285,
                "total": 285,
                "cluster_name": "cluster_0"
            },
            {
                "min": 403.0,
                "max": 711.0,
                "median": 666.0,
                "percentile25": 666.0,
                "percentile75": 666.0,
                "percentile9": 437.0,
                "percentile91": 666.0,
                "std": 92.47537468970185,
                "distribution": [
                    0,
                    0,
                    0,
                    0,
                    0,
                    0,
                    0,
                    0,
                    0,
                    0,
                    0,
                    0,
                    0,
                    0,
                    0,
                    0,
                    0,
                    0,
                    0,
                    0,
                    0,
                    0,
                    0,
                    0,
                    12,
                    0,
                    0,
                    0,
                    12,
                    0,
                    0,
                    0,
                    0,
                    0,
                    0,
                    0,
                    0,
                    0,
                    0,
                    0,
                    0,
                    0,
                    0,
                    0,
                    0,
                    0,
                    0,
                    0,
                    0,
                    0,
                    0,
                    0,
                    0,
                    0,
                    117,
                    0,
                    0,
                    0,
                    0,
                    5
                ],
                "max_ratio": 0.8013698630136986,
                "total_no_nan": 146,
                "total": 146,
                "cluster_name": "cluster_1"
            }
        ],
        "type": "numerical",
        "scale": {
            "min": 187.0,
            "max": 711.0,
            "max_ratio": 0.8013698630136986
        },
        "global": {
            "min": 187.0,
            "max": 711.0,
            "median": 335.0,
            "percentile25": 279.0,
            "percentile75": 666.0,
            "percentile9": 230.9,
            "percentile91": 666.0,
            "std": 170.57891619312062,
            "distribution": [
                16,
                1,
                0,
                5,
                17,
                5,
                12,
                8,
                13,
                10,
                26,
                17,
                14,
                49,
                7,
                0,
                17,
                2,
                7,
                3,
                2,
                0,
                9,
                8,
                35,
                2,
                1,
                2,
                20,
                0,
                0,
                0,
                1,
                0,
                0,
                0,
                0,
                0,
                0,
                0,
                0,
                0,
                0,
                0,
                0,
                0,
                0,
                0,
                0,
                0,
                0,
                0,
                0,
                0,
                117,
                0,
                0,
                0,
                0,
                5
            ],
            "max_ratio": 0.271461716937355,
            "total_no_nan": 431,
            "total": 431
        }
    },
    {
        "variable": "CRIM",
        "per_cluster": [
            {
                "min": 0.00632,
                "max": 3.6118739711934156,
                "median": 0.12932,
                "percentile25": 0.05561,
                "percentile75": 0.35114,
                "percentile9": 0.0304548,
                "percentile91": 1.2613248000000006,
                "std": 0.7899959067221783,
                "distribution": [
                    263,
                    11,
                    11,
                    0,
                    0,
                    0,
                    0,
                    0,
                    0,
                    0,
                    0,
                    0,
                    0,
                    0,
                    0,
                    0,
                    0,
                    0,
                    0,
                    0,
                    0,
                    0,
                    0,
                    0,
                    0,
                    0,
                    0,
                    0,
                    0,
                    0,
                    0,
                    0,
                    0,
                    0,
                    0,
                    0,
                    0,
                    0,
                    0,
                    0,
                    0,
                    0,
                    0,
                    0,
                    0,
                    0,
                    0,
                    0,
                    0,
                    0,
                    0,
                    0,
                    0,
                    0,
                    0,
                    0,
                    0,
                    0,
                    0,
                    0
                ],
                "max_ratio": 0.9228070175438596,
                "total_no_nan": 285,
                "total": 285,
                "cluster_name": "cluster_0"
            },
            {
                "min": 0.10574,
                "max": 88.9762,
                "median": 6.596839999999999,
                "percentile25": 3.6273229783950613,
                "percentile75": 11.753699999999997,
                "percentile9": 0.8859959999999999,
                "percentile91": 21.984354999999987,
                "std": 12.701645379130506,
                "distribution": [
                    18,
                    10,
                    22,
                    19,
                    10,
                    11,
                    13,
                    7,
                    2,
                    7,
                    6,
                    0,
                    4,
                    3,
                    1,
                    2,
                    2,
                    1,
                    0,
                    1,
                    0,
                    0,
                    0,
                    0,
                    0,
                    2,
                    0,
                    0,
                    1,
                    0,
                    1,
                    0,
                    0,
                    0,
                    0,
                    0,
                    0,
                    0,
                    0,
                    0,
                    0,
                    0,
                    0,
                    0,
                    0,
                    1,
                    0,
                    0,
                    0,
                    1,
                    0,
                    0,
                    0,
                    0,
                    0,
                    0,
                    0,
                    0,
                    0,
                    1
                ],
                "max_ratio": 0.1506849315068493,
                "total_no_nan": 146,
                "total": 146,
                "cluster_name": "cluster_1"
            }
        ],
        "type": "numerical",
        "scale": {
            "min": 0.00632,
            "max": 88.9762,
            "max_ratio": 0.9228070175438596
        },
        "global": {
            "min": 0.00632,
            "max": 88.9762,
            "median": 0.31533,
            "percentile25": 0.08577000000000001,
            "percentile75": 3.675945,
            "percentile9": 0.035822,
            "percentile91": 11.12379,
            "std": 8.745704356943072,
            "distribution": [
                281,
                21,
                33,
                19,
                10,
                11,
                13,
                7,
                2,
                7,
                6,
                0,
                4,
                3,
                1,
                2,
                2,
                1,
                0,
                1,
                0,
                0,
                0,
                0,
                0,
                2,
                0,
                0,
                1,
                0,
                1,
                0,
                0,
                0,
                0,
                0,
                0,
                0,
                0,
                0,
                0,
                0,
                0,
                0,
                0,
                1,
                0,
                0,
                0,
                1,
                0,
                0,
                0,
                0,
                0,
                0,
                0,
                0,
                0,
                1
            ],
            "max_ratio": 0.6519721577726219,
            "total_no_nan": 431,
            "total": 431
        }
    },
    {
        "variable": "PTRATIO",
        "per_cluster": [
            {
                "min": 12.6,
                "max": 22.0,
                "median": 17.9,
                "percentile25": 16.6,
                "percentile75": 19.1,
                "percentile9": 14.7,
                "percentile91": 20.9,
                "std": 2.100723585198601,
                "distribution": [
                    3,
                    0,
                    11,
                    0,
                    0,
                    0,
                    1,
                    0,
                    0,
                    0,
                    0,
                    1,
                    0,
                    16,
                    7,
                    1,
                    10,
                    2,
                    1,
                    2,
                    0,
                    5,
                    5,
                    0,
                    6,
                    13,
                    3,
                    3,
                    2,
                    0,
                    18,
                    6,
                    0,
                    28,
                    5,
                    3,
                    4,
                    17,
                    21,
                    1,
                    7,
                    15,
                    15,
                    0,
                    6,
                    8,
                    0,
                    0,
                    7,
                    0,
                    0,
                    0,
                    9,
                    21,
                    1,
                    0,
                    0,
                    0,
                    0,
                    1
                ],
                "max_ratio": 0.09824561403508772,
                "total_no_nan": 285,
                "total": 285,
                "cluster_name": "cluster_0"
            },
            {
                "min": 14.7,
                "max": 21.2,
                "median": 20.2,
                "percentile25": 20.2,
                "percentile75": 20.2,
                "percentile9": 20.1,
                "percentile91": 20.2,
                "std": 1.5586827550672047,
                "distribution": [
                    0,
                    0,
                    0,
                    0,
                    0,
                    0,
                    0,
                    0,
                    0,
                    0,
                    0,
                    0,
                    0,
                    12,
                    0,
                    0,
                    0,
                    0,
                    0,
                    0,
                    0,
                    0,
                    0,
                    0,
                    0,
                    0,
                    0,
                    0,
                    0,
                    0,
                    0,
                    0,
                    0,
                    0,
                    0,
                    0,
                    0,
                    0,
                    0,
                    0,
                    0,
                    0,
                    0,
                    0,
                    0,
                    0,
                    0,
                    5,
                    117,
                    0,
                    0,
                    0,
                    0,
                    0,
                    12,
                    0,
                    0,
                    0,
                    0,
                    0
                ],
                "max_ratio": 0.8013698630136986,
                "total_no_nan": 146,
                "total": 146,
                "cluster_name": "cluster_1"
            }
        ],
        "type": "numerical",
        "scale": {
            "min": 12.6,
            "max": 22.0,
            "max_ratio": 0.8013698630136986
        },
        "global": {
            "min": 12.6,
            "max": 22.0,
            "median": 19.1,
            "percentile25": 17.4,
            "percentile75": 20.2,
            "percentile9": 14.7,
            "percentile91": 20.9,
            "std": 2.171218888336905,
            "distribution": [
                3,
                0,
                11,
                0,
                0,
                0,
                1,
                0,
                0,
                0,
                0,
                1,
                0,
                28,
                7,
                1,
                10,
                2,
                1,
                2,
                0,
                5,
                5,
                0,
                6,
                13,
                3,
                3,
                2,
                0,
                18,
                6,
                0,
                28,
                5,
                3,
                4,
                17,
                21,
                1,
                7,
                15,
                15,
                0,
                6,
                8,
                0,
                5,
                124,
                0,
                0,
                0,
                9,
                21,
                13,
                0,
                0,
                0,
                0,
                1
            ],
            "max_ratio": 0.2877030162412993,
            "total_no_nan": 431,
            "total": 431
        }
    },
    {
        "variable": "DIS",
        "per_cluster": [
            {
                "min": 1.7572,
                "max": 12.1265,
                "median": 4.148,
                "percentile25": 2.8944,
                "percentile75": 5.885,
                "percentile9": 2.274204,
                "percentile91": 7.724416000000005,
                "std": 2.015366031098356,
                "distribution": [
                    0,
                    0,
                    0,
                    4,
                    9,
                    10,
                    13,
                    12,
                    13,
                    13,
                    6,
                    10,
                    13,
                    12,
                    9,
                    13,
                    10,
                    8,
                    11,
                    8,
                    5,
                    5,
                    7,
                    14,
                    3,
                    6,
                    3,
                    5,
                    6,
                    12,
                    1,
                    5,
                    2,
                    9,
                    1,
                    1,
                    6,
                    5,
                    0,
                    1,
                    1,
                    3,
                    2,
                    1,
                    3,
                    0,
                    0,
                    0,
                    0,
                    0,
                    0,
                    1,
                    2,
                    0,
                    0,
                    0,
                    0,
                    0,
                    0,
                    1
                ],
                "max_ratio": 0.04912280701754386,
                "total_no_nan": 285,
                "total": 285,
                "cluster_name": "cluster_0"
            },
            {
                "min": 1.1296,
                "max": 4.0983,
                "median": 1.8609,
                "percentile25": 1.5894249999999999,
                "percentile75": 2.30285,
                "percentile9": 1.3861,
                "percentile91": 2.800675,
                "std": 0.5657581436919678,
                "distribution": [
                    6,
                    20,
                    24,
                    23,
                    16,
                    17,
                    9,
                    11,
                    4,
                    7,
                    3,
                    1,
                    2,
                    1,
                    0,
                    1,
                    1,
                    0,
                    0,
                    0,
                    0,
                    0,
                    0,
                    0,
                    0,
                    0,
                    0,
                    0,
                    0,
                    0,
                    0,
                    0,
                    0,
                    0,
                    0,
                    0,
                    0,
                    0,
                    0,
                    0,
                    0,
                    0,
                    0,
                    0,
                    0,
                    0,
                    0,
                    0,
                    0,
                    0,
                    0,
                    0,
                    0,
                    0,
                    0,
                    0,
                    0,
                    0,
                    0,
                    0
                ],
                "max_ratio": 0.1643835616438356,
                "total_no_nan": 146,
                "total": 146,
                "cluster_name": "cluster_1"
            }
        ],
        "type": "numerical",
        "scale": {
            "min": 1.1296,
            "max": 12.1265,
            "max_ratio": 0.1643835616438356
        },
        "global": {
            "min": 1.1296,
            "max": 12.1265,
            "median": 3.0923,
            "percentile25": 2.0941,
            "percentile75": 4.91495,
            "percentile9": 1.60266,
            "percentile91": 6.963049999999999,
            "std": 2.0771392618064928,
            "distribution": [
                6,
                20,
                24,
                27,
                25,
                27,
                22,
                23,
                17,
                20,
                9,
                11,
                15,
                13,
                9,
                14,
                11,
                8,
                11,
                8,
                5,
                5,
                7,
                14,
                3,
                6,
                3,
                5,
                6,
                12,
                1,
                5,
                2,
                9,
                1,
                1,
                6,
                5,
                0,
                1,
                1,
                3,
                2,
                1,
                3,
                0,
                0,
                0,
                0,
                0,
                0,
                1,
                2,
                0,
                0,
                0,
                0,
                0,
                0,
                1
            ],
            "max_ratio": 0.06264501160092807,
            "total_no_nan": 431,
            "total": 431
        }
    },
    {
        "variable": "INDUS",
        "per_cluster": [
            {
                "min": 0.46,
                "max": 25.65,
                "median": 6.2,
                "percentile25": 3.97,
                "percentile75": 9.9,
                "percentile9": 2.394,
                "percentile91": 13.89,
                "std": 4.939056386513497,
                "distribution": [
                    2,
                    5,
                    8,
                    10,
                    11,
                    10,
                    19,
                    19,
                    6,
                    10,
                    15,
                    9,
                    25,
                    4,
                    11,
                    6,
                    21,
                    9,
                    0,
                    0,
                    19,
                    8,
                    14,
                    9,
                    0,
                    4,
                    0,
                    4,
                    0,
                    6,
                    0,
                    0,
                    3,
                    0,
                    0,
                    0,
                    0,
                    0,
                    0,
                    0,
                    0,
                    0,
                    12,
                    0,
                    0,
                    0,
                    0,
                    0,
                    0,
                    0,
                    0,
                    0,
                    0,
                    0,
                    0,
                    6,
                    0,
                    0,
                    0,
                    0
                ],
                "max_ratio": 0.08771929824561403,
                "total_no_nan": 285,
                "total": 285,
                "cluster_name": "cluster_0"
            },
            {
                "min": 11.083991769547332,
                "max": 27.74,
                "median": 18.1,
                "percentile25": 18.1,
                "percentile75": 18.1,
                "percentile9": 18.1,
                "percentile91": 21.89,
                "std": 2.5899582549530673,
                "distribution": [
                    0,
                    0,
                    0,
                    0,
                    0,
                    0,
                    0,
                    0,
                    0,
                    0,
                    0,
                    0,
                    0,
                    0,
                    0,
                    0,
                    0,
                    0,
                    0,
                    0,
                    0,
                    0,
                    0,
                    7,
                    0,
                    0,
                    0,
                    0,
                    0,
                    0,
                    0,
                    0,
                    0,
                    0,
                    0,
                    0,
                    0,
                    0,
                    112,
                    0,
                    0,
                    0,
                    10,
                    0,
                    0,
                    0,
                    0,
                    12,
                    0,
                    0,
                    0,
                    0,
                    0,
                    0,
                    0,
                    0,
                    0,
                    0,
                    0,
                    5
                ],
                "max_ratio": 0.7671232876712328,
                "total_no_nan": 146,
                "total": 146,
                "cluster_name": "cluster_1"
            }
        ],
        "type": "numerical",
        "scale": {
            "min": 0.46,
            "max": 27.74,
            "max_ratio": 0.7671232876712328
        },
        "global": {
            "min": 0.46,
            "max": 27.74,
            "median": 9.9,
            "percentile25": 5.19,
            "percentile75": 18.1,
            "percentile9": 2.89,
            "percentile91": 19.58,
            "std": 6.768302051736575,
            "distribution": [
                2,
                5,
                8,
                10,
                11,
                10,
                19,
                19,
                6,
                10,
                15,
                9,
                25,
                4,
                11,
                6,
                21,
                9,
                0,
                0,
                19,
                8,
                14,
                16,
                0,
                4,
                0,
                4,
                0,
                6,
                0,
                0,
                3,
                0,
                0,
                0,
                0,
                0,
                112,
                0,
                0,
                0,
                22,
                0,
                0,
                0,
                0,
                12,
                0,
                0,
                0,
                0,
                0,
                0,
                0,
                6,
                0,
                0,
                0,
                5
            ],
            "max_ratio": 0.25986078886310904,
            "total_no_nan": 431,
            "total": 431
        }
    },
    {
        "variable": "RAD",
        "per_cluster": [
            {
                "min": 1.0,
                "max": 8.0,
                "median": 4.0,
                "percentile25": 4.0,
                "percentile75": 5.0,
                "percentile9": 2.0,
                "percentile91": 7.0,
                "std": 1.736243029768003,
                "distribution": [
                    16,
                    0,
                    23,
                    0,
                    0,
                    29,
                    0,
                    75,
                    0,
                    0,
                    83,
                    0,
                    0,
                    23,
                    0,
                    13,
                    0,
                    0,
                    23,
                    0,
                    0,
                    0,
                    0,
                    0,
                    0,
                    0,
                    0,
                    0,
                    0,
                    0,
                    0,
                    0,
                    0,
                    0,
                    0,
                    0,
                    0,
                    0,
                    0,
                    0,
                    0,
                    0,
                    0,
                    0,
                    0,
                    0,
                    0,
                    0,
                    0,
                    0,
                    0,
                    0,
                    0,
                    0,
                    0,
                    0,
                    0,
                    0,
                    0,
                    0
                ],
                "max_ratio": 0.2912280701754386,
                "total_no_nan": 285,
                "total": 285,
                "cluster_name": "cluster_0"
            },
            {
                "min": 4.0,
                "max": 24.0,
                "median": 24.0,
                "percentile25": 24.0,
                "percentile75": 24.0,
                "percentile9": 4.0,
                "percentile91": 24.0,
                "std": 7.817370268402575,
                "distribution": [
                    0,
                    0,
                    0,
                    0,
                    0,
                    0,
                    0,
                    17,
                    0,
                    0,
                    12,
                    0,
                    0,
                    0,
                    0,
                    0,
                    0,
                    0,
                    0,
                    0,
                    0,
                    0,
                    0,
                    0,
                    0,
                    0,
                    0,
                    0,
                    0,
                    0,
                    0,
                    0,
                    0,
                    0,
                    0,
                    0,
                    0,
                    0,
                    0,
                    0,
                    0,
                    0,
                    0,
                    0,
                    0,
                    0,
                    0,
                    0,
                    0,
                    0,
                    0,
                    0,
                    0,
                    0,
                    0,
                    0,
                    0,
                    0,
                    0,
                    117
                ],
                "max_ratio": 0.8013698630136986,
                "total_no_nan": 146,
                "total": 146,
                "cluster_name": "cluster_1"
            }
        ],
        "type": "numerical",
        "scale": {
            "min": 1.0,
            "max": 24.0,
            "max_ratio": 0.8013698630136986
        },
        "global": {
            "min": 1.0,
            "max": 24.0,
            "median": 5.0,
            "percentile25": 4.0,
            "percentile75": 24.0,
            "percentile9": 2.7,
            "percentile91": 24.0,
            "std": 8.79822400523466,
            "distribution": [
                16,
                0,
                23,
                0,
                0,
                29,
                0,
                92,
                0,
                0,
                95,
                0,
                0,
                23,
                0,
                13,
                0,
                0,
                23,
                0,
                0,
                0,
                0,
                0,
                0,
                0,
                0,
                0,
                0,
                0,
                0,
                0,
                0,
                0,
                0,
                0,
                0,
                0,
                0,
                0,
                0,
                0,
                0,
                0,
                0,
                0,
                0,
                0,
                0,
                0,
                0,
                0,
                0,
                0,
                0,
                0,
                0,
                0,
                0,
                117
            ],
            "max_ratio": 0.271461716937355,
            "total_no_nan": 431,
            "total": 431
        }
    },
    {
        "variable": "NOX",
        "per_cluster": [
            {
                "min": 0.392,
                "max": 0.647,
                "median": 0.489,
                "percentile25": 0.437,
                "percentile75": 0.538,
                "percentile9": 0.411,
                "percentile91": 0.585,
                "std": 0.06414351375748018,
                "distribution": [
                    5,
                    14,
                    17,
                    4,
                    22,
                    20,
                    15,
                    15,
                    2,
                    10,
                    2,
                    2,
                    28,
                    2,
                    23,
                    8,
                    13,
                    0,
                    18,
                    23,
                    0,
                    0,
                    6,
                    7,
                    8,
                    0,
                    12,
                    0,
                    0,
                    0,
                    0,
                    9,
                    0,
                    0,
                    0,
                    0,
                    0,
                    0,
                    0,
                    0,
                    0,
                    0,
                    0,
                    0,
                    0,
                    0,
                    0,
                    0,
                    0,
                    0,
                    0,
                    0,
                    0,
                    0,
                    0,
                    0,
                    0,
                    0,
                    0,
                    0
                ],
                "max_ratio": 0.09824561403508772,
                "total_no_nan": 285,
                "total": 285,
                "cluster_name": "cluster_0"
            },
            {
                "min": 0.532,
                "max": 0.871,
                "median": 0.693,
                "percentile25": 0.624,
                "percentile75": 0.713,
                "percentile9": 0.584,
                "percentile91": 0.77,
                "std": 0.07983890705039548,
                "distribution": [
                    0,
                    0,
                    0,
                    0,
                    0,
                    0,
                    0,
                    0,
                    0,
                    0,
                    0,
                    0,
                    0,
                    0,
                    0,
                    0,
                    0,
                    4,
                    0,
                    0,
                    0,
                    0,
                    0,
                    7,
                    7,
                    5,
                    0,
                    11,
                    0,
                    17,
                    0,
                    0,
                    2,
                    1,
                    10,
                    7,
                    0,
                    13,
                    8,
                    0,
                    23,
                    0,
                    0,
                    11,
                    0,
                    0,
                    0,
                    8,
                    0,
                    0,
                    0,
                    0,
                    0,
                    0,
                    0,
                    0,
                    0,
                    0,
                    0,
                    12
                ],
                "max_ratio": 0.15753424657534246,
                "total_no_nan": 146,
                "total": 146,
                "cluster_name": "cluster_1"
            }
        ],
        "type": "numerical",
        "scale": {
            "min": 0.392,
            "max": 0.871,
            "max_ratio": 0.15753424657534246
        },
        "global": {
            "min": 0.392,
            "max": 0.871,
            "median": 0.538,
            "percentile25": 0.453,
            "percentile75": 0.631,
            "percentile9": 0.42023,
            "percentile91": 0.713,
            "std": 0.11471426784204838,
            "distribution": [
                5,
                14,
                17,
                4,
                22,
                20,
                15,
                15,
                2,
                10,
                2,
                2,
                28,
                2,
                23,
                8,
                13,
                4,
                18,
                23,
                0,
                0,
                6,
                14,
                15,
                5,
                12,
                11,
                0,
                17,
                0,
                9,
                2,
                1,
                10,
                7,
                0,
                13,
                8,
                0,
                23,
                0,
                0,
                11,
                0,
                0,
                0,
                8,
                0,
                0,
                0,
                0,
                0,
                0,
                0,
                0,
                0,
                0,
                0,
                12
            ],
            "max_ratio": 0.06496519721577726,
            "total_no_nan": 431,
            "total": 431
        }
    },
    {
        "variable": "AGE",
        "per_cluster": [
            {
                "min": 6.2,
                "max": 100.0,
                "median": 61.4,
                "percentile25": 34.5,
                "percentile75": 82.0,
                "percentile9": 18.968,
                "percentile91": 93.17600000000002,
                "std": 26.615201200865187,
                "distribution": [
                    4,
                    4,
                    2,
                    0,
                    1,
                    1,
                    4,
                    9,
                    3,
                    6,
                    4,
                    2,
                    1,
                    3,
                    7,
                    3,
                    9,
                    7,
                    5,
                    6,
                    7,
                    3,
                    3,
                    5,
                    3,
                    6,
                    5,
                    6,
                    0,
                    4,
                    6,
                    2,
                    2,
                    5,
                    3,
                    5,
                    4,
                    5,
                    4,
                    14,
                    5,
                    6,
                    6,
                    4,
                    3,
                    6,
                    3,
                    4,
                    7,
                    4,
                    7,
                    5,
                    6,
                    6,
                    8,
                    7,
                    7,
                    6,
                    7,
                    5
                ],
                "max_ratio": 0.04912280701754386,
                "total_no_nan": 285,
                "total": 285,
                "cluster_name": "cluster_0"
            },
            {
                "min": 40.3,
                "max": 100.0,
                "median": 94.7,
                "percentile25": 87.9,
                "percentile75": 98.8,
                "percentile9": 74.80499999999999,
                "percentile91": 100.0,
                "std": 11.186052623294229,
                "distribution": [
                    0,
                    0,
                    0,
                    0,
                    0,
                    0,
                    0,
                    0,
                    0,
                    0,
                    0,
                    0,
                    0,
                    0,
                    0,
                    0,
                    0,
                    0,
                    0,
                    0,
                    0,
                    1,
                    0,
                    0,
                    0,
                    0,
                    0,
                    0,
                    0,
                    1,
                    1,
                    0,
                    1,
                    0,
                    0,
                    0,
                    0,
                    1,
                    0,
                    6,
                    0,
                    2,
                    0,
                    2,
                    2,
                    3,
                    1,
                    2,
                    2,
                    6,
                    3,
                    2,
                    8,
                    5,
                    8,
                    8,
                    11,
                    14,
                    16,
                    40
                ],
                "max_ratio": 0.273972602739726,
                "total_no_nan": 146,
                "total": 146,
                "cluster_name": "cluster_1"
            }
        ],
        "type": "numerical",
        "scale": {
            "min": 6.2,
            "max": 100.0,
            "max_ratio": 0.273972602739726
        },
        "global": {
            "min": 6.2,
            "max": 100.0,
            "median": 76.7,
            "percentile25": 46.5,
            "percentile75": 93.55,
            "percentile9": 24.38,
            "percentile91": 98.9,
            "std": 27.379412063255625,
            "distribution": [
                4,
                4,
                2,
                0,
                1,
                1,
                4,
                9,
                3,
                6,
                4,
                2,
                1,
                3,
                7,
                3,
                9,
                7,
                5,
                6,
                7,
                4,
                3,
                5,
                3,
                6,
                5,
                6,
                0,
                5,
                7,
                2,
                3,
                5,
                3,
                5,
                4,
                6,
                4,
                20,
                5,
                8,
                6,
                6,
                5,
                9,
                4,
                6,
                9,
                10,
                10,
                7,
                14,
                11,
                16,
                15,
                18,
                20,
                23,
                45
            ],
            "max_ratio": 0.10440835266821345,
            "total_no_nan": 431,
            "total": 431
        }
    },
    {
        "variable": "CHAS",
        "per_cluster": [
            {
                "distribution": [
                    {
                        "label": "0",
                        "total_no_nan": 263,
                        "ratio": 0.9228070175438596
                    },
                    {
                        "label": "1",
                        "total_no_nan": 22,
                        "ratio": 0.07719298245614035
                    },
                    {
                        "label": null,
                        "total_no_nan": 0,
                        "ratio": 0.0
                    }
                ],
                "max_ratio": 0.9228070175438596,
                "total": 285,
                "total_no_nan": 285,
                "cluster_name": "cluster_0"
            },
            {
                "distribution": [
                    {
                        "label": "0",
                        "total_no_nan": 136,
                        "ratio": 0.9315068493150684
                    },
                    {
                        "label": "1",
                        "total_no_nan": 10,
                        "ratio": 0.0684931506849315
                    },
                    {
                        "label": null,
                        "total_no_nan": 0,
                        "ratio": 0.0
                    }
                ],
                "max_ratio": 0.9315068493150684,
                "total": 146,
                "total_no_nan": 146,
                "cluster_name": "cluster_1"
            }
        ],
        "type": "categorical",
        "global": {
            "distribution": [
                {
                    "label": "0",
                    "total_no_nan": 399,
                    "ratio": 0.925754060324826
                },
                {
                    "label": "1",
                    "total_no_nan": 32,
                    "ratio": 0.07424593967517401
                },
                {
                    "label": null,
                    "total_no_nan": 0,
                    "ratio": 0.0
                }
            ],
            "max_ratio": 0.925754060324826,
            "total": 431,
            "total_no_nan": 431
        },
        "scale": {
            "max_ratio": 0.9315068493150684,
            "categories": [
                "0",
                "1",
                null
            ]
        }
    }
]