{
    "metrics": {
        "inertia": 1820.8630652221327,
        "silhouette": 0.46646172053733836,
        "nbClusters": 2
    },
    "processed_feature_names": [
        "TAX",
        "CRIM",
        "PTRATIO",
        "DIS",
        "INDUS",
        "RAD",
        "NOX",
        "AGE",
        "dummy:CHAS:0",
        "dummy:CHAS:N/A",
        "dummy:CHAS:__Others__"
    ],
    "variables_importance": {
        "variables": [
            "TAX",
            "CRIM",
            "PTRATIO",
            "DIS",
            "INDUS",
            "RAD",
            "NOX",
            "AGE",
            "dummy:CHAS:0",
            "dummy:CHAS:__Others__"
        ],
        "importances": [
            0.25238252774046527,
            0.10004781189011715,
            0.05467807467360169,
            0.058801188133516584,
            0.20261032309344693,
            0.17102489090624914,
            0.14469044484124036,
            0.01538372409872122,
            0.0001184990487758553,
            0.0002625155738658649
        ]
    },
    "reduce_vars": [],
    "train_nb_records": 431,
    "train_nb_features": 11,
    "train_nb_outliers": 0,
    "cluster_description": [
        {
            "variable": "dummy:CHAS:0",
            "var": 0.0,
            "values": [
                {
                    "cluster": "cluster_0",
                    "value": 0.9228070175438596
                },
                {
                    "cluster": "cluster_1",
                    "value": 0.9315068493150684
                }
            ]
        },
        {
            "variable": "dummy:CHAS:N/A",
            "var": 0.0,
            "values": [
                {
                    "cluster": "cluster_0",
                    "value": 0.0
                },
                {
                    "cluster": "cluster_1",
                    "value": 0.0
                }
            ]
        },
        {
            "variable": "dummy:CHAS:__Others__",
            "var": 0.0,
            "values": [
                {
                    "cluster": "cluster_0",
                    "value": 0.07719298245614035
                },
                {
                    "cluster": "cluster_1",
                    "value": 0.0684931506849315
                }
            ]
        },
        {
            "variable": "TAX",
            "var": 52703.4,
            "values": [
                {
                    "cluster": "cluster_0",
                    "value": 302.43859649122805
                },
                {
                    "cluster": "cluster_1",
                    "value": 627.1027397260274
                }
            ]
        },
        {
            "variable": "CRIM",
            "var": 47.82,
            "values": [
                {
                    "cluster": "cluster_0",
                    "value": 0.4299863287127285
                },
                {
                    "cluster": "cluster_1",
                    "value": 10.209753656350415
                }
            ]
        },
        {
            "variable": "PTRATIO",
            "var": 2.17,
            "values": [
                {
                    "cluster": "cluster_0",
                    "value": 17.742456140350853
                },
                {
                    "cluster": "cluster_1",
                    "value": 19.826712328767098
                }
            ]
        },
        {
            "variable": "DIS",
            "var": 3.39,
            "values": [
                {
                    "cluster": "cluster_0",
                    "value": 4.599679649122806
                },
                {
                    "cluster": "cluster_1",
                    "value": 1.9944938356164392
                }
            ]
        },
        {
            "variable": "INDUS",
            "var": 61.18,
            "values": [
                {
                    "cluster": "cluster_0",
                    "value": 7.445283950617292
                },
                {
                    "cluster": "cluster_1",
                    "value": 18.506629742375505
                }
            ]
        },
        {
            "variable": "RAD",
            "var": 122.13,
            "values": [
                {
                    "cluster": "cluster_0",
                    "value": 4.480701754385965
                },
                {
                    "cluster": "cluster_1",
                    "value": 20.10958904109589
                }
            ]
        },
        {
            "variable": "NOX",
            "var": 0.02,
            "values": [
                {
                    "cluster": "cluster_0",
                    "value": 0.4916484210526322
                },
                {
                    "cluster": "cluster_1",
                    "value": 0.68390410958904
                }
            ]
        },
        {
            "variable": "AGE",
            "var": 533.12,
            "values": [
                {
                    "cluster": "cluster_0",
                    "value": 58.10556205328128
                },
                {
                    "cluster": "cluster_1",
                    "value": 90.75885337392182
                }
            ]
        },
        {
            "variable": "cluster_size",
            "var": 9660.5,
            "values": [
                {
                    "cluster": "cluster_0",
                    "value": 285
                },
                {
                    "cluster": "cluster_1",
                    "value": 146
                }
            ]
        }
    ],
    "summary": {
        "clusters": []
    }
}