{
    "metrics": {
        "inertia": 1665.3203568779322,
        "silhouette": 0.3434458108397089,
        "nbClusters": 4
    },
    "processed_feature_names": [
        "TAX",
        "CRIM",
        "PTRATIO",
        "DIS",
        "ZN",
        "INDUS",
        "RAD",
        "NOX",
        "RM",
        "AGE"
    ],
    "variables_importance": {
        "variables": [
            "TAX",
            "CRIM",
            "PTRATIO",
            "DIS",
            "ZN",
            "INDUS",
            "RAD",
            "NOX",
            "RM",
            "AGE"
        ],
        "importances": [
            0.1595062714899222,
            0.07293990629409729,
            0.03826634942797921,
            0.09295591102173964,
            0.14658823228450757,
            0.1765629976472025,
            0.1607049352259001,
            0.10401078377320858,
            0.01738056035573751,
            0.031084052479705315
        ]
    },
    "reduce_vars": [],
    "train_nb_records": 431,
    "train_nb_features": 10,
    "train_nb_outliers": 0,
    "cluster_description": [
        {
            "variable": "TAX",
            "var": 29187.78,
            "values": [
                {
                    "cluster": "cluster_0",
                    "value": 297.3019801980198
                },
                {
                    "cluster": "cluster_1",
                    "value": 417.0
                },
                {
                    "cluster": "cluster_2",
                    "value": 666.0
                },
                {
                    "cluster": "cluster_3",
                    "value": 310.4
                }
            ]
        },
        {
            "variable": "CRIM",
            "var": 34.79,
            "values": [
                {
                    "cluster": "cluster_0",
                    "value": 0.37793645458990344
                },
                {
                    "cluster": "cluster_1",
                    "value": 1.2836761702127657
                },
                {
                    "cluster": "cluster_2",
                    "value": 12.430880972881715
                },
                {
                    "cluster": "cluster_3",
                    "value": 0.3397095362456473
                }
            ]
        },
        {
            "variable": "PTRATIO",
            "var": 2.2,
            "values": [
                {
                    "cluster": "cluster_0",
                    "value": 18.202475247524745
                },
                {
                    "cluster": "cluster_1",
                    "value": 17.495744680851075
                },
                {
                    "cluster": "cluster_2",
                    "value": 20.200000000000006
                },
                {
                    "cluster": "cluster_3",
                    "value": 16.749230769230774
                }
            ]
        },
        {
            "variable": "DIS",
            "var": 5.72,
            "values": [
                {
                    "cluster": "cluster_0",
                    "value": 4.042556930693068
                },
                {
                    "cluster": "cluster_1",
                    "value": 1.8770170212765955
                },
                {
                    "cluster": "cluster_2",
                    "value": 2.0584512820512817
                },
                {
                    "cluster": "cluster_3",
                    "value": 7.022303076923078
                }
            ]
        },
        {
            "variable": "ZN",
            "var": 820.03,
            "values": [
                {
                    "cluster": "cluster_0",
                    "value": 4.4727722772277225
                },
                {
                    "cluster": "cluster_1",
                    "value": 0.0
                },
                {
                    "cluster": "cluster_2",
                    "value": 0.0
                },
                {
                    "cluster": "cluster_3",
                    "value": 58.60769230769231
                }
            ]
        },
        {
            "variable": "INDUS",
            "var": 70.45,
            "values": [
                {
                    "cluster": "cluster_0",
                    "value": 7.379841298944728
                },
                {
                    "cluster": "cluster_1",
                    "value": 21.451233692321175
                },
                {
                    "cluster": "cluster_2",
                    "value": 17.800170588442157
                },
                {
                    "cluster": "cluster_3",
                    "value": 3.727968977524533
                }
            ]
        },
        {
            "variable": "RAD",
            "var": 96.54,
            "values": [
                {
                    "cluster": "cluster_0",
                    "value": 4.618811881188119
                },
                {
                    "cluster": "cluster_1",
                    "value": 4.25531914893617
                },
                {
                    "cluster": "cluster_2",
                    "value": 24.0
                },
                {
                    "cluster": "cluster_3",
                    "value": 4.184615384615385
                }
            ]
        },
        {
            "variable": "NOX",
            "var": 0.02,
            "values": [
                {
                    "cluster": "cluster_0",
                    "value": 0.5046811881188108
                },
                {
                    "cluster": "cluster_1",
                    "value": 0.6751276595744683
                },
                {
                    "cluster": "cluster_2",
                    "value": 0.6740598290598295
                },
                {
                    "cluster": "cluster_3",
                    "value": 0.42197230769230765
                }
            ]
        },
        {
            "variable": "RM",
            "var": 0.14,
            "values": [
                {
                    "cluster": "cluster_0",
                    "value": 6.366
                },
                {
                    "cluster": "cluster_1",
                    "value": 5.997765957446808
                },
                {
                    "cluster": "cluster_2",
                    "value": 6.038051282051283
                },
                {
                    "cluster": "cluster_3",
                    "value": 6.798538461538464
                }
            ]
        },
        {
            "variable": "AGE",
            "var": 814.74,
            "values": [
                {
                    "cluster": "cluster_0",
                    "value": 63.99074074074072
                },
                {
                    "cluster": "cluster_1",
                    "value": 92.718597320725
                },
                {
                    "cluster": "cluster_2",
                    "value": 89.7261158594492
                },
                {
                    "cluster": "cluster_3",
                    "value": 31.215669515669514
                }
            ]
        },
        {
            "variable": "cluster_size",
            "var": 4828.92,
            "values": [
                {
                    "cluster": "cluster_0",
                    "value": 202
                },
                {
                    "cluster": "cluster_2",
                    "value": 117
                },
                {
                    "cluster": "cluster_3",
                    "value": 65
                },
                {
                    "cluster": "cluster_1",
                    "value": 47
                }
            ]
        }
    ],
    "summary": {
        "clusters": []
    }
}