{
    "modelId": "m4",
    "state": "DONE",
    "startTime": 1667380980752,
    "endTime": 1667380984944,
    "preprocessingTime": 127,
    "trainingTime": 598,
    "progress": {
        "stack": [],
        "top_level_todo": [],
        "top_level_done": [
            {
                "name": "Loading source dataset",
                "time": 19
            },
            {
                "name": "Collecting statistics",
                "time": 13
            },
            {
                "name": "Preprocessing data",
                "time": 91
            },
            {
                "name": "Fitting model",
                "time": 75
            },
            {
                "name": "Saving model",
                "time": 2
            },
            {
                "name": "Scoring model",
                "time": 521
            }
        ]
    }
}