{
  "trainedWithDSSVersion": "11.0.3",
  "backend": "PY_MEMORY",
  "isValid": true,
  "type": "BINARY_PROBABILISTIC",
  "algorithm_name": "LOGISTIC",
  "columns": [
    "severity",
    "tip_adm",
    "expected_length",
    "mortality_ratio",
    "num_proc",
    "origin",
    "ambulatory",
    "age",
    "dummy:date:2016-01",
    "dummy:date:2016-08",
    "dummy:date:2016-02",
    "dummy:date:2016-05",
    "dummy:date:2016-06",
    "dummy:date:2016-09",
    "dummy:date:2016-04",
    "dummy:date:2016-11",
    "dummy:date:2016-12",
    "dummy:date:N/A",
    "dummy:tip_grd:M",
    "dummy:tip_grd:N/A"
  ],
  "classes": [
    "0",
    "1"
  ]
}