{
    "featuresDistribution": {
        "date": {
            "type": "CATEGORY",
            "nbDistinct": 10,
            "count": 27452,
            "missingCount": 0.0,
            "values": {
                "scale": [
                    "2016-01",
                    "2016-08",
                    "2016-02",
                    "2016-05",
                    "2016-06",
                    "2016-09",
                    "2016-04",
                    "2016-11",
                    "2016-12",
                    "2016-03"
                ],
                "distribution": [
                    0.15598134926417018,
                    0.1449074748652193,
                    0.13299577444266356,
                    0.1313565496138715,
                    0.10115838554567973,
                    0.10104910389042693,
                    0.06199912574675798,
                    0.05759143231822818,
                    0.05744572344455778,
                    0.05551508086842489
                ]
            }
        },
        "severity": {
            "type": "NUMERIC",
            "nbDistinct": 4,
            "count": 27452,
            "missingCount": 0.0,
            "histogram": {
                "scale": [
                    1.0,
                    1.0612244897959184,
                    1.1224489795918366,
                    1.183673469387755,
                    1.2448979591836735,
                    1.306122448979592,
                    1.3673469387755102,
                    1.4285714285714286,
                    1.489795918367347,
                    1.5510204081632653,
                    1.6122448979591837,
                    1.6734693877551021,
                    1.7346938775510203,
                    1.7959183673469388,
                    1.8571428571428572,
                    1.9183673469387754,
                    1.9795918367346939,
                    2.0408163265306123,
                    2.1020408163265305,
                    2.163265306122449,
                    2.2244897959183674,
                    2.2857142857142856,
                    2.3469387755102042,
                    2.4081632653061225,
                    2.4693877551020407,
                    2.5306122448979593,
                    2.5918367346938775,
                    2.6530612244897958,
                    2.7142857142857144,
                    2.7755102040816326,
                    2.836734693877551,
                    2.8979591836734695,
                    2.9591836734693877,
                    3.020408163265306,
                    3.0816326530612246,
                    3.142857142857143,
                    3.204081632653061,
                    3.2653061224489797,
                    3.326530612244898,
                    3.387755102040816,
                    3.4489795918367347,
                    3.510204081632653,
                    3.571428571428571,
                    3.63265306122449,
                    3.693877551020408,
                    3.7551020408163263,
                    3.816326530612245,
                    3.877551020408163,
                    3.9387755102040813,
                    4.0
                ],
                "distribution": [
                    0.6419568701733935,
                    0.0,
                    0.0,
                    0.0,
                    0.0,
                    0.0,
                    0.0,
                    0.0,
                    0.0,
                    0.0,
                    0.0,
                    0.0,
                    0.0,
                    0.0,
                    0.0,
                    0.0,
                    0.15907766282966632,
                    0.0,
                    0.0,
                    0.0,
                    0.0,
                    0.0,
                    0.0,
                    0.0,
                    0.0,
                    0.0,
                    0.0,
                    0.0,
                    0.0,
                    0.0,
                    0.0,
                    0.0,
                    0.14483462042838408,
                    0.0,
                    0.0,
                    0.0,
                    0.0,
                    0.0,
                    0.0,
                    0.0,
                    0.0,
                    0.0,
                    0.0,
                    0.0,
                    0.0,
                    0.0,
                    0.0,
                    0.0,
                    0.054130846568556025
                ]
            },
            "quantiles": {
                "scale": [
                    1.0,
                    1.0,
                    1.0,
                    1.0,
                    1.0,
                    1.0,
                    1.5,
                    2.0,
                    2.5,
                    3.5
                ],
                "distribution": [
                    0.0,
                    0.0,
                    0.0,
                    0.0,
                    0.0,
                    0.0,
                    0.6419568701733935,
                    0.0,
                    0.15907766282966632,
                    0.19896546699694012
                ]
            },
            "topValues": [
                {
                    "value": 1.0,
                    "count": 17623.0
                },
                {
                    "value": 2.0,
                    "count": 4367.0
                },
                {
                    "value": 3.0,
                    "count": 3976.0
                },
                {
                    "value": 4.0,
                    "count": 1486.0
                }
            ]
        },
        "tip_adm": {
            "type": "NUMERIC",
            "nbDistinct": 4,
            "count": 27452,
            "missingCount": 2.0,
            "histogram": {
                "scale": [
                    1.0,
                    1.0408163265306123,
                    1.0816326530612246,
                    1.1224489795918366,
                    1.163265306122449,
                    1.2040816326530612,
                    1.2448979591836735,
                    1.2857142857142856,
                    1.3265306122448979,
                    1.3673469387755102,
                    1.4081632653061225,
                    1.4489795918367347,
                    1.489795918367347,
                    1.530612244897959,
                    1.5714285714285714,
                    1.6122448979591835,
                    1.6530612244897958,
                    1.693877551020408,
                    1.7346938775510203,
                    1.7755102040816326,
                    1.816326530612245,
                    1.8571428571428572,
                    1.8979591836734693,
                    1.9387755102040816,
                    1.9795918367346939,
                    2.020408163265306,
                    2.061224489795918,
                    2.1020408163265305,
                    2.142857142857143,
                    2.183673469387755,
                    2.224489795918367,
                    2.2653061224489797,
                    2.3061224489795915,
                    2.3469387755102042,
                    2.387755102040816,
                    2.4285714285714284,
                    2.4693877551020407,
                    2.510204081632653,
                    2.5510204081632653,
                    2.591836734693877,
                    2.63265306122449,
                    2.6734693877551017,
                    2.7142857142857144,
                    2.7551020408163263,
                    2.7959183673469385,
                    2.836734693877551,
                    2.877551020408163,
                    2.9183673469387754,
                    2.9591836734693877,
                    3.0
                ],
                "distribution": [
                    0.7415664845173042,
                    0.0,
                    0.0,
                    0.0,
                    0.0,
                    0.0,
                    0.0,
                    0.0,
                    0.0,
                    0.0,
                    0.0,
                    0.0,
                    0.0,
                    0.0,
                    0.0,
                    0.0,
                    0.0,
                    0.0,
                    0.0,
                    0.0,
                    0.0,
                    0.0,
                    0.0,
                    0.0,
                    0.24593806921675773,
                    0.0,
                    0.0,
                    0.0,
                    0.0,
                    0.0,
                    0.0,
                    0.0,
                    0.0,
                    0.0,
                    0.0,
                    0.0,
                    0.0,
                    0.0,
                    0.0,
                    0.0,
                    0.0,
                    0.0,
                    0.0,
                    0.0,
                    0.0,
                    0.0,
                    0.0,
                    0.0,
                    0.012495446265938069
                ]
            },
            "quantiles": {
                "scale": [
                    1.0,
                    1.0,
                    1.0,
                    1.0,
                    1.0,
                    1.0,
                    1.0,
                    1.5,
                    2.0,
                    2.5
                ],
                "distribution": [
                    0.0,
                    0.0,
                    0.0,
                    0.0,
                    0.0,
                    0.0,
                    0.0,
                    0.7415664845173042,
                    0.0,
                    0.25843351548269583
                ]
            },
            "topValues": [
                {
                    "value": 1.0,
                    "count": 20356.0
                },
                {
                    "value": 2.0,
                    "count": 6751.0
                },
                {
                    "value": 3.0,
                    "count": 343.0
                }
            ]
        },
        "expected_length": {
            "type": "NUMERIC",
            "nbDistinct": 98,
            "count": 27452,
            "missingCount": 0.0,
            "histogram": {
                "scale": [
                    0.0,
                    8.979591836734693,
                    17.959183673469386,
                    26.93877551020408,
                    35.91836734693877,
                    44.897959183673464,
                    53.87755102040816,
                    62.857142857142854,
                    71.83673469387755,
                    80.81632653061224,
                    89.79591836734693,
                    98.77551020408163,
                    107.75510204081633,
                    116.73469387755101,
                    125.71428571428571,
                    134.6938775510204,
                    143.6734693877551,
                    152.6530612244898,
                    161.6326530612245,
                    170.61224489795916,
                    179.59183673469386,
                    188.57142857142856,
                    197.55102040816325,
                    206.53061224489795,
                    215.51020408163265,
                    224.48979591836732,
                    233.46938775510202,
                    242.44897959183672,
                    251.42857142857142,
                    260.4081632653061,
                    269.3877551020408,
                    278.3673469387755,
                    287.3469387755102,
                    296.3265306122449,
                    305.3061224489796,
                    314.2857142857143,
                    323.265306122449,
                    332.2448979591837,
                    341.2244897959183,
                    350.204081632653,
                    359.1836734693877,
                    368.1632653061224,
                    377.1428571428571,
                    386.1224489795918,
                    395.1020408163265,
                    404.0816326530612,
                    413.0612244897959,
                    422.0408163265306,
                    431.0204081632653,
                    440.0
                ],
                "distribution": [
                    0.8669677983389188,
                    0.09554859390936908,
                    0.022402739326825002,
                    0.0073947253387731315,
                    0.0036062946233425615,
                    0.0015299431735392686,
                    0.0008742532420224392,
                    0.0004735538394288212,
                    0.0002914177473408131,
                    0.0002914177473408131,
                    3.6427218417601634e-05,
                    0.00014570887367040654,
                    7.285443683520327e-05,
                    3.6427218417601634e-05,
                    0.0,
                    0.0001092816552528049,
                    0.0001092816552528049,
                    0.0,
                    0.0,
                    0.0,
                    0.0,
                    0.0,
                    0.0,
                    0.0,
                    3.6427218417601634e-05,
                    0.0,
                    0.0,
                    0.0,
                    0.0,
                    0.0,
                    3.6427218417601634e-05,
                    0.0,
                    0.0,
                    0.0,
                    0.0,
                    0.0,
                    0.0,
                    0.0,
                    0.0,
                    0.0,
                    0.0,
                    0.0,
                    0.0,
                    0.0,
                    0.0,
                    0.0,
                    0.0,
                    0.0,
                    3.6427218417601634e-05
                ]
            },
            "quantiles": {
                "scale": [
                    0.5,
                    1.0,
                    1.5,
                    2.0,
                    2.5,
                    3.5,
                    4.5,
                    6.0,
                    8.5,
                    225.0
                ],
                "distribution": [
                    0.03908640536208655,
                    0.0,
                    0.16188255864782164,
                    0.0,
                    0.20209820778085386,
                    0.1652702899606586,
                    0.09904560687745884,
                    0.12734955558793531,
                    0.09227014425178494,
                    0.11299723153140026
                ]
            },
            "topValues": [
                {
                    "value": 2.0,
                    "count": 5548.0
                },
                {
                    "value": 3.0,
                    "count": 4537.0
                },
                {
                    "value": 1.0,
                    "count": 4444.0
                },
                {
                    "value": 4.0,
                    "count": 2719.0
                },
                {
                    "value": 5.0,
                    "count": 1955.0
                },
                {
                    "value": 6.0,
                    "count": 1541.0
                },
                {
                    "value": 7.0,
                    "count": 1163.0
                },
                {
                    "value": 0.0,
                    "count": 1073.0
                },
                {
                    "value": 8.0,
                    "count": 820.0
                },
                {
                    "value": 9.0,
                    "count": 550.0
                },
                {
                    "value": 10.0,
                    "count": 502.0
                },
                {
                    "value": 11.0,
                    "count": 367.0
                },
                {
                    "value": 12.0,
                    "count": 313.0
                },
                {
                    "value": 13.0,
                    "count": 267.0
                },
                {
                    "value": 14.0,
                    "count": 205.0
                },
                {
                    "value": 15.0,
                    "count": 166.0
                },
                {
                    "value": 16.0,
                    "count": 141.0
                },
                {
                    "value": 17.0,
                    "count": 112.0
                },
                {
                    "value": 18.0,
                    "count": 109.0
                },
                {
                    "value": 20.0,
                    "count": 93.0
                },
                {
                    "value": 19.0,
                    "count": 79.0
                },
                {
                    "value": 22.0,
                    "count": 78.0
                },
                {
                    "value": 21.0,
                    "count": 73.0
                },
                {
                    "value": 23.0,
                    "count": 58.0
                },
                {
                    "value": 24.0,
                    "count": 53.0
                },
                {
                    "value": 25.0,
                    "count": 43.0
                },
                {
                    "value": 28.0,
                    "count": 35.0
                },
                {
                    "value": 26.0,
                    "count": 29.0
                },
                {
                    "value": 29.0,
                    "count": 28.0
                },
                {
                    "value": 27.0,
                    "count": 27.0
                },
                {
                    "value": 31.0,
                    "count": 23.0
                },
                {
                    "value": 35.0,
                    "count": 23.0
                },
                {
                    "value": 30.0,
                    "count": 21.0
                },
                {
                    "value": 36.0,
                    "count": 20.0
                },
                {
                    "value": 33.0,
                    "count": 16.0
                },
                {
                    "value": 38.0,
                    "count": 16.0
                },
                {
                    "value": 32.0,
                    "count": 15.0
                },
                {
                    "value": 34.0,
                    "count": 15.0
                },
                {
                    "value": 41.0,
                    "count": 13.0
                },
                {
                    "value": 40.0,
                    "count": 11.0
                },
                {
                    "value": 37.0,
                    "count": 10.0
                },
                {
                    "value": 43.0,
                    "count": 8.0
                },
                {
                    "value": 39.0,
                    "count": 7.0
                },
                {
                    "value": 42.0,
                    "count": 7.0
                },
                {
                    "value": 44.0,
                    "count": 7.0
                },
                {
                    "value": 48.0,
                    "count": 7.0
                },
                {
                    "value": 45.0,
                    "count": 6.0
                },
                {
                    "value": 47.0,
                    "count": 6.0
                },
                {
                    "value": 52.0,
                    "count": 6.0
                },
                {
                    "value": 49.0,
                    "count": 5.0
                }
            ]
        },
        "tip_grd": {
            "type": "CATEGORY",
            "nbDistinct": 2,
            "count": 27452,
            "missingCount": 0.0,
            "values": {
                "scale": [
                    "M",
                    "Q"
                ],
                "distribution": [
                    0.7068701733935596,
                    0.2931298266064403
                ]
            }
        },
        "mortality_ratio": {
            "type": "NUMERIC",
            "nbDistinct": 642,
            "count": 27452,
            "missingCount": 0.0,
            "histogram": {
                "scale": [
                    0.0,
                    0.01360544218367347,
                    0.02721088436734694,
                    0.04081632655102041,
                    0.05442176873469388,
                    0.06802721091836735,
                    0.08163265310204082,
                    0.09523809528571428,
                    0.10884353746938775,
                    0.12244897965306123,
                    0.1360544218367347,
                    0.14965986402040815,
                    0.16326530620408164,
                    0.1768707483877551,
                    0.19047619057142856,
                    0.20408163275510205,
                    0.2176870749387755,
                    0.23129251712244897,
                    0.24489795930612246,
                    0.2585034014897959,
                    0.2721088436734694,
                    0.28571428585714287,
                    0.2993197280408163,
                    0.3129251702244898,
                    0.3265306124081633,
                    0.3401360545918367,
                    0.3537414967755102,
                    0.3673469389591837,
                    0.3809523811428571,
                    0.3945578233265306,
                    0.4081632655102041,
                    0.42176870769387753,
                    0.435374149877551,
                    0.4489795920612245,
                    0.46258503424489794,
                    0.47619047642857143,
                    0.4897959186122449,
                    0.5034013607959184,
                    0.5170068029795918,
                    0.5306122451632653,
                    0.5442176873469388,
                    0.5578231295306122,
                    0.5714285717142857,
                    0.5850340138979592,
                    0.5986394560816326,
                    0.6122448982653061,
                    0.6258503404489796,
                    0.639455782632653,
                    0.6530612248163266,
                    0.666666667
                ],
                "distribution": [
                    0.6972169605128953,
                    0.04750109281655253,
                    0.06961241439603671,
                    0.010673174996357278,
                    0.022657729855748217,
                    0.034205158094127934,
                    0.020909223371703336,
                    0.012858808101413375,
                    0.004225557336441789,
                    0.010527466122686872,
                    0.004662683957453009,
                    0.0026956141629025207,
                    0.022730584292583417,
                    0.000983534897275244,
                    0.0033148768760017486,
                    0.0006192627130992278,
                    0.0018213609208800816,
                    0.0012749526446160571,
                    0.0027320413813201223,
                    0.0008742532420224392,
                    0.00469911117587061,
                    0.012312399825149352,
                    0.0009471076788576424,
                    0.002367769197144106,
                    0.0004735538394288212,
                    0.00018213609208800815,
                    0.0014206615182864636,
                    0.00040069940259361797,
                    0.0006556899315168294,
                    0.0008742532420224392,
                    0.0013113798630336587,
                    0.00040069940259361797,
                    0.00014570887367040654,
                    0.0002185633105056098,
                    0.0002914177473408131,
                    0.0002185633105056098,
                    0.00018213609208800815,
                    0.0,
                    0.0,
                    0.0007285443683520326,
                    3.6427218417601634e-05,
                    0.0,
                    0.0,
                    0.0,
                    0.0,
                    0.0,
                    0.0,
                    0.0,
                    3.6427218417601634e-05
                ]
            },
            "quantiles": {
                "scale": [
                    0.0,
                    0.0,
                    0.0,
                    0.0001719395,
                    0.000711663,
                    0.001725963,
                    0.008042779500000001,
                    0.0244799035,
                    0.0637994095,
                    0.3795093795
                ],
                "distribution": [
                    0.0,
                    0.0,
                    0.0,
                    0.3998980037884307,
                    0.09948273349847006,
                    0.10017485064840449,
                    0.10130409441935014,
                    0.09846277138277722,
                    0.1004662683957453,
                    0.10021127786682209
                ]
            },
            "topValues": [
                {
                    "value": 0.0,
                    "count": 8423.0
                },
                {
                    "value": 0.03042715,
                    "count": 685.0
                },
                {
                    "value": 0.000284118,
                    "count": 497.0
                },
                {
                    "value": 0.000333645,
                    "count": 455.0
                },
                {
                    "value": 0.074278233,
                    "count": 400.0
                },
                {
                    "value": 0.068581375,
                    "count": 318.0
                },
                {
                    "value": 9.62e-05,
                    "count": 312.0
                },
                {
                    "value": 0.000413976,
                    "count": 299.0
                },
                {
                    "value": 0.000579912,
                    "count": 295.0
                },
                {
                    "value": 0.002026479,
                    "count": 295.0
                },
                {
                    "value": 0.082355407,
                    "count": 287.0
                },
                {
                    "value": 0.000571919,
                    "count": 267.0
                },
                {
                    "value": 0.028365137,
                    "count": 260.0
                },
                {
                    "value": 0.031821561,
                    "count": 218.0
                },
                {
                    "value": 0.172732638,
                    "count": 217.0
                },
                {
                    "value": 0.000186324,
                    "count": 214.0
                },
                {
                    "value": 0.000171292,
                    "count": 204.0
                },
                {
                    "value": 0.034053626,
                    "count": 203.0
                },
                {
                    "value": 0.000191058,
                    "count": 183.0
                },
                {
                    "value": 0.000171821,
                    "count": 180.0
                },
                {
                    "value": 0.000866176,
                    "count": 179.0
                },
                {
                    "value": 0.288880814,
                    "count": 177.0
                },
                {
                    "value": 0.002287831,
                    "count": 167.0
                },
                {
                    "value": 0.002093061,
                    "count": 164.0
                },
                {
                    "value": 0.015588723,
                    "count": 163.0
                },
                {
                    "value": 0.000299043,
                    "count": 158.0
                },
                {
                    "value": 0.174130864,
                    "count": 156.0
                },
                {
                    "value": 0.000634618,
                    "count": 153.0
                },
                {
                    "value": 0.005004448,
                    "count": 153.0
                },
                {
                    "value": 0.004233188,
                    "count": 151.0
                },
                {
                    "value": 0.096312714,
                    "count": 148.0
                },
                {
                    "value": 0.000343879,
                    "count": 147.0
                },
                {
                    "value": 0.166807551,
                    "count": 140.0
                },
                {
                    "value": 0.001079447,
                    "count": 137.0
                },
                {
                    "value": 0.000177778,
                    "count": 135.0
                },
                {
                    "value": 0.001937046,
                    "count": 135.0
                },
                {
                    "value": 0.056943736,
                    "count": 133.0
                },
                {
                    "value": 0.011334364,
                    "count": 129.0
                },
                {
                    "value": 0.002321981,
                    "count": 127.0
                },
                {
                    "value": 0.000632511,
                    "count": 122.0
                },
                {
                    "value": 0.05561993,
                    "count": 122.0
                },
                {
                    "value": 0.001052632,
                    "count": 121.0
                },
                {
                    "value": 0.015525334,
                    "count": 119.0
                },
                {
                    "value": 0.130859375,
                    "count": 116.0
                },
                {
                    "value": 0.001605136,
                    "count": 113.0
                },
                {
                    "value": 0.002006018,
                    "count": 113.0
                },
                {
                    "value": 0.000605816,
                    "count": 107.0
                },
                {
                    "value": 0.040451895,
                    "count": 107.0
                },
                {
                    "value": 0.00109505,
                    "count": 103.0
                },
                {
                    "value": 0.001467567,
                    "count": 92.0
                }
            ]
        },
        "num_proc": {
            "type": "NUMERIC",
            "nbDistinct": 23,
            "count": 27452,
            "missingCount": 0.0,
            "histogram": {
                "scale": [
                    0.0,
                    0.4489795918367347,
                    0.8979591836734694,
                    1.346938775510204,
                    1.7959183673469388,
                    2.2448979591836733,
                    2.693877551020408,
                    3.142857142857143,
                    3.5918367346938775,
                    4.040816326530612,
                    4.489795918367347,
                    4.938775510204081,
                    5.387755102040816,
                    5.836734693877551,
                    6.285714285714286,
                    6.73469387755102,
                    7.183673469387755,
                    7.63265306122449,
                    8.081632653061224,
                    8.53061224489796,
                    8.979591836734693,
                    9.428571428571429,
                    9.877551020408163,
                    10.326530612244898,
                    10.775510204081632,
                    11.224489795918368,
                    11.673469387755102,
                    12.122448979591837,
                    12.571428571428571,
                    13.020408163265307,
                    13.46938775510204,
                    13.918367346938776,
                    14.36734693877551,
                    14.816326530612244,
                    15.26530612244898,
                    15.714285714285714,
                    16.163265306122447,
                    16.612244897959183,
                    17.06122448979592,
                    17.510204081632654,
                    17.959183673469386,
                    18.408163265306122,
                    18.857142857142858,
                    19.306122448979593,
                    19.755102040816325,
                    20.20408163265306,
                    20.653061224489797,
                    21.102040816326532,
                    21.551020408163264,
                    22.0
                ],
                "distribution": [
                    0.015736558356403904,
                    0.0,
                    0.1292437709456506,
                    0.0,
                    0.17809267084365438,
                    0.0,
                    0.1760527466122687,
                    0.0,
                    0.15310359900917966,
                    0.0,
                    0.0,
                    0.11197726941570742,
                    0.0,
                    0.07879207343727233,
                    0.0,
                    0.05606148914468891,
                    0.0,
                    0.03515226577298557,
                    0.0,
                    0.0,
                    0.023531983097770656,
                    0.0,
                    0.013077371411918986,
                    0.0,
                    0.008961095730730001,
                    0.0,
                    0.005646218854728253,
                    0.0,
                    0.00356986740492496,
                    0.0,
                    0.0,
                    0.002768468599737724,
                    0.0,
                    0.0016027976103744719,
                    0.0,
                    0.0016392248287920735,
                    0.0,
                    0.0010199621156928456,
                    0.0,
                    0.0,
                    0.0007649715867696343,
                    0.0,
                    0.0006556899315168294,
                    0.0,
                    0.0003642721841760163,
                    0.0,
                    0.0006192627130992278,
                    0.0,
                    0.0015663703919568703
                ]
            },
            "quantiles": {
                "scale": [
                    0.5,
                    1.5,
                    2.0,
                    2.5,
                    3.5,
                    4.0,
                    4.5,
                    5.5,
                    7.0,
                    15.0
                ],
                "distribution": [
                    0.015736558356403904,
                    0.1292437709456506,
                    0.0,
                    0.17809267084365438,
                    0.1760527466122687,
                    0.0,
                    0.15310359900917966,
                    0.11197726941570742,
                    0.13485356258196124,
                    0.10093982223517413
                ]
            },
            "topValues": [
                {
                    "value": 2.0,
                    "count": 4889.0
                },
                {
                    "value": 3.0,
                    "count": 4833.0
                },
                {
                    "value": 4.0,
                    "count": 4203.0
                },
                {
                    "value": 1.0,
                    "count": 3548.0
                },
                {
                    "value": 5.0,
                    "count": 3074.0
                },
                {
                    "value": 6.0,
                    "count": 2163.0
                },
                {
                    "value": 7.0,
                    "count": 1539.0
                },
                {
                    "value": 8.0,
                    "count": 965.0
                },
                {
                    "value": 9.0,
                    "count": 646.0
                },
                {
                    "value": 0.0,
                    "count": 432.0
                },
                {
                    "value": 10.0,
                    "count": 359.0
                },
                {
                    "value": 11.0,
                    "count": 246.0
                },
                {
                    "value": 12.0,
                    "count": 155.0
                },
                {
                    "value": 13.0,
                    "count": 98.0
                },
                {
                    "value": 14.0,
                    "count": 76.0
                },
                {
                    "value": 16.0,
                    "count": 45.0
                },
                {
                    "value": 15.0,
                    "count": 44.0
                },
                {
                    "value": 22.0,
                    "count": 43.0
                },
                {
                    "value": 17.0,
                    "count": 28.0
                },
                {
                    "value": 18.0,
                    "count": 21.0
                },
                {
                    "value": 19.0,
                    "count": 18.0
                },
                {
                    "value": 21.0,
                    "count": 17.0
                },
                {
                    "value": 20.0,
                    "count": 10.0
                }
            ]
        },
        "origin": {
            "type": "NUMERIC",
            "nbDistinct": 8,
            "count": 27452,
            "missingCount": 0.0,
            "histogram": {
                "scale": [
                    1.0,
                    1.163265306122449,
                    1.3265306122448979,
                    1.489795918367347,
                    1.6530612244897958,
                    1.816326530612245,
                    1.9795918367346939,
                    2.142857142857143,
                    2.3061224489795915,
                    2.4693877551020407,
                    2.63265306122449,
                    2.7959183673469385,
                    2.9591836734693877,
                    3.1224489795918364,
                    3.2857142857142856,
                    3.4489795918367343,
                    3.6122448979591835,
                    3.7755102040816326,
                    3.9387755102040813,
                    4.1020408163265305,
                    4.26530612244898,
                    4.428571428571429,
                    4.591836734693877,
                    4.755102040816326,
                    4.918367346938775,
                    5.081632653061225,
                    5.244897959183673,
                    5.408163265306122,
                    5.571428571428571,
                    5.73469387755102,
                    5.897959183673469,
                    6.061224489795918,
                    6.224489795918367,
                    6.387755102040816,
                    6.551020408163265,
                    6.7142857142857135,
                    6.877551020408163,
                    7.040816326530612,
                    7.204081632653061,
                    7.367346938775509,
                    7.530612244897958,
                    7.693877551020408,
                    7.857142857142857,
                    8.020408163265305,
                    8.183673469387754,
                    8.346938775510203,
                    8.510204081632653,
                    8.673469387755102,
                    8.83673469387755,
                    9.0
                ],
                "distribution": [
                    0.7416581669823692,
                    0.0,
                    0.0,
                    0.0,
                    0.0,
                    0.0,
                    0.18144397493807374,
                    0.0,
                    0.0,
                    0.0,
                    0.0,
                    0.0,
                    0.017084365437855166,
                    0.0,
                    0.0,
                    0.0,
                    0.0,
                    0.0,
                    0.020034970129680897,
                    0.0,
                    0.0,
                    0.0,
                    0.0,
                    0.0,
                    0.0,
                    0.0,
                    0.0,
                    0.0,
                    0.0,
                    0.0,
                    0.01249453591723736,
                    0.0,
                    0.0,
                    0.0,
                    0.0,
                    0.0,
                    0.0001092816552528049,
                    0.0,
                    0.0,
                    0.0,
                    0.0,
                    0.0,
                    0.018432172519306424,
                    0.0,
                    0.0,
                    0.0,
                    0.0,
                    0.0,
                    0.008742532420224393
                ]
            },
            "quantiles": {
                "scale": [
                    1.0,
                    1.0,
                    1.0,
                    1.0,
                    1.0,
                    1.0,
                    1.0,
                    1.5,
                    2.0,
                    5.5
                ],
                "distribution": [
                    0.0,
                    0.0,
                    0.0,
                    0.0,
                    0.0,
                    0.0,
                    0.0,
                    0.7416581669823692,
                    0.0,
                    0.25834183301763075
                ]
            },
            "topValues": [
                {
                    "value": 1.0,
                    "count": 20360.0
                },
                {
                    "value": 2.0,
                    "count": 4981.0
                },
                {
                    "value": 4.0,
                    "count": 550.0
                },
                {
                    "value": 8.0,
                    "count": 506.0
                },
                {
                    "value": 3.0,
                    "count": 469.0
                },
                {
                    "value": 6.0,
                    "count": 343.0
                },
                {
                    "value": 9.0,
                    "count": 240.0
                },
                {
                    "value": 7.0,
                    "count": 3.0
                }
            ]
        },
        "ambulatory": {
            "type": "NUMERIC",
            "nbDistinct": 2,
            "count": 27452,
            "missingCount": 0.0,
            "histogram": {
                "scale": [
                    0.0,
                    0.02040816326530612,
                    0.04081632653061224,
                    0.061224489795918366,
                    0.08163265306122448,
                    0.1020408163265306,
                    0.12244897959183673,
                    0.14285714285714285,
                    0.16326530612244897,
                    0.18367346938775508,
                    0.2040816326530612,
                    0.22448979591836732,
                    0.24489795918367346,
                    0.26530612244897955,
                    0.2857142857142857,
                    0.3061224489795918,
                    0.32653061224489793,
                    0.3469387755102041,
                    0.36734693877551017,
                    0.3877551020408163,
                    0.4081632653061224,
                    0.42857142857142855,
                    0.44897959183673464,
                    0.4693877551020408,
                    0.4897959183673469,
                    0.5102040816326531,
                    0.5306122448979591,
                    0.5510204081632653,
                    0.5714285714285714,
                    0.5918367346938775,
                    0.6122448979591836,
                    0.6326530612244897,
                    0.6530612244897959,
                    0.673469387755102,
                    0.6938775510204082,
                    0.7142857142857142,
                    0.7346938775510203,
                    0.7551020408163265,
                    0.7755102040816326,
                    0.7959183673469387,
                    0.8163265306122448,
                    0.836734693877551,
                    0.8571428571428571,
                    0.8775510204081632,
                    0.8979591836734693,
                    0.9183673469387754,
                    0.9387755102040816,
                    0.9591836734693877,
                    0.9795918367346939,
                    1.0
                ],
                "distribution": [
                    0.9385837097479236,
                    0.0,
                    0.0,
                    0.0,
                    0.0,
                    0.0,
                    0.0,
                    0.0,
                    0.0,
                    0.0,
                    0.0,
                    0.0,
                    0.0,
                    0.0,
                    0.0,
                    0.0,
                    0.0,
                    0.0,
                    0.0,
                    0.0,
                    0.0,
                    0.0,
                    0.0,
                    0.0,
                    0.0,
                    0.0,
                    0.0,
                    0.0,
                    0.0,
                    0.0,
                    0.0,
                    0.0,
                    0.0,
                    0.0,
                    0.0,
                    0.0,
                    0.0,
                    0.0,
                    0.0,
                    0.0,
                    0.0,
                    0.0,
                    0.0,
                    0.0,
                    0.0,
                    0.0,
                    0.0,
                    0.0,
                    0.06141629025207635
                ]
            },
            "quantiles": {
                "scale": [
                    0.0,
                    0.0,
                    0.0,
                    0.0,
                    0.0,
                    0.0,
                    0.0,
                    0.0,
                    0.0,
                    0.5
                ],
                "distribution": [
                    0.0,
                    0.0,
                    0.0,
                    0.0,
                    0.0,
                    0.0,
                    0.0,
                    0.0,
                    0.0,
                    1.0
                ]
            },
            "topValues": [
                {
                    "value": 0.0,
                    "count": 25766.0
                },
                {
                    "value": 1.0,
                    "count": 1686.0
                }
            ]
        },
        "age": {
            "type": "NUMERIC",
            "nbDistinct": 17726,
            "count": 27452,
            "missingCount": 0.0,
            "histogram": {
                "scale": [
                    0.0,
                    781.469387755102,
                    1562.938775510204,
                    2344.408163265306,
                    3125.877551020408,
                    3907.3469387755104,
                    4688.816326530612,
                    5470.285714285715,
                    6251.755102040816,
                    7033.224489795918,
                    7814.693877551021,
                    8596.163265306122,
                    9377.632653061224,
                    10159.102040816326,
                    10940.57142857143,
                    11722.040816326531,
                    12503.510204081633,
                    13284.979591836734,
                    14066.448979591836,
                    14847.91836734694,
                    15629.387755102041,
                    16410.85714285714,
                    17192.326530612245,
                    17973.79591836735,
                    18755.26530612245,
                    19536.73469387755,
                    20318.20408163265,
                    21099.673469387755,
                    21881.14285714286,
                    22662.61224489796,
                    23444.081632653062,
                    24225.551020408162,
                    25007.020408163266,
                    25788.48979591837,
                    26569.95918367347,
                    27351.428571428572,
                    28132.897959183672,
                    28914.367346938776,
                    29695.83673469388,
                    30477.30612244898,
                    31258.775510204083,
                    32040.244897959183,
                    32821.71428571428,
                    33603.183673469386,
                    34384.65306122449,
                    35166.12244897959,
                    35947.5918367347,
                    36729.06122448979,
                    37510.5306122449,
                    38292.0
                ],
                "distribution": [
                    0.044331924814221185,
                    0.011037447180533294,
                    0.008778959638641993,
                    0.007285443683520326,
                    0.004626256739035407,
                    0.004662683957453009,
                    0.004298411773276992,
                    0.00535480110738744,
                    0.008341833017630773,
                    0.009908203409587644,
                    0.013696634125018214,
                    0.01631939385108553,
                    0.021164213900626547,
                    0.028959638641993298,
                    0.03449657584146874,
                    0.03850356986740493,
                    0.04134489290397785,
                    0.04028850356986741,
                    0.03416873087571033,
                    0.0244790907766283,
                    0.022257030453154598,
                    0.017812909806207197,
                    0.018905726358735248,
                    0.018468599737724026,
                    0.01814075477196561,
                    0.018395745300888826,
                    0.018905726358735248,
                    0.024260527466122686,
                    0.024916217397639516,
                    0.029105347515663703,
                    0.03300305988634708,
                    0.032420224391665454,
                    0.03150954393122541,
                    0.03012530963135655,
                    0.029287483607751713,
                    0.02615474282383797,
                    0.02342270144251785,
                    0.027101850502695615,
                    0.02808538539997086,
                    0.028631793676234883,
                    0.025681188984409152,
                    0.02320413813201224,
                    0.019087862450823254,
                    0.014862305114381465,
                    0.007431152557190733,
                    0.004225557336441789,
                    0.0019306425761328864,
                    0.0005099810578464228,
                    0.0001092816552528049
                ]
            },
            "quantiles": {
                "scale": [
                    3568.5500000000006,
                    9183.970000000001,
                    12228.509999999998,
                    14387.73,
                    17593.64,
                    21377.72,
                    24336.72,
                    26924.0,
                    29737.5,
                    34737.5
                ],
                "distribution": [
                    0.09999271455631648,
                    0.09999271455631648,
                    0.10002914177473408,
                    0.09999271455631648,
                    0.09995628733789888,
                    0.10002914177473408,
                    0.09995628733789888,
                    0.10002914177473408,
                    0.09999271455631648,
                    0.10002914177473408
                ]
            },
            "topValues": [
                {
                    "value": 0.0,
                    "count": 260.0
                },
                {
                    "value": 1.0,
                    "count": 118.0
                },
                {
                    "value": 2.0,
                    "count": 75.0
                },
                {
                    "value": 3.0,
                    "count": 57.0
                },
                {
                    "value": 4.0,
                    "count": 23.0
                },
                {
                    "value": 5.0,
                    "count": 15.0
                },
                {
                    "value": 6.0,
                    "count": 14.0
                },
                {
                    "value": 12350.0,
                    "count": 9.0
                },
                {
                    "value": 33.0,
                    "count": 8.0
                },
                {
                    "value": 13.0,
                    "count": 7.0
                },
                {
                    "value": 40.0,
                    "count": 7.0
                },
                {
                    "value": 12017.0,
                    "count": 7.0
                },
                {
                    "value": 12317.0,
                    "count": 7.0
                },
                {
                    "value": 23741.0,
                    "count": 7.0
                },
                {
                    "value": 23846.0,
                    "count": 7.0
                },
                {
                    "value": 24645.0,
                    "count": 7.0
                },
                {
                    "value": 7.0,
                    "count": 6.0
                },
                {
                    "value": 9.0,
                    "count": 6.0
                },
                {
                    "value": 11.0,
                    "count": 6.0
                },
                {
                    "value": 17.0,
                    "count": 6.0
                },
                {
                    "value": 18.0,
                    "count": 6.0
                },
                {
                    "value": 42.0,
                    "count": 6.0
                },
                {
                    "value": 44.0,
                    "count": 6.0
                },
                {
                    "value": 59.0,
                    "count": 6.0
                },
                {
                    "value": 10078.0,
                    "count": 6.0
                },
                {
                    "value": 11161.0,
                    "count": 6.0
                },
                {
                    "value": 11379.0,
                    "count": 6.0
                },
                {
                    "value": 11493.0,
                    "count": 6.0
                },
                {
                    "value": 12717.0,
                    "count": 6.0
                },
                {
                    "value": 12802.0,
                    "count": 6.0
                },
                {
                    "value": 13152.0,
                    "count": 6.0
                },
                {
                    "value": 13304.0,
                    "count": 6.0
                },
                {
                    "value": 13372.0,
                    "count": 6.0
                },
                {
                    "value": 14072.0,
                    "count": 6.0
                },
                {
                    "value": 14278.0,
                    "count": 6.0
                },
                {
                    "value": 15315.0,
                    "count": 6.0
                },
                {
                    "value": 22187.0,
                    "count": 6.0
                },
                {
                    "value": 23718.0,
                    "count": 6.0
                },
                {
                    "value": 26155.0,
                    "count": 6.0
                },
                {
                    "value": 30843.0,
                    "count": 6.0
                },
                {
                    "value": 32669.0,
                    "count": 6.0
                },
                {
                    "value": 8.0,
                    "count": 5.0
                },
                {
                    "value": 14.0,
                    "count": 5.0
                },
                {
                    "value": 24.0,
                    "count": 5.0
                },
                {
                    "value": 43.0,
                    "count": 5.0
                },
                {
                    "value": 49.0,
                    "count": 5.0
                },
                {
                    "value": 56.0,
                    "count": 5.0
                },
                {
                    "value": 97.0,
                    "count": 5.0
                },
                {
                    "value": 10550.0,
                    "count": 5.0
                },
                {
                    "value": 10638.0,
                    "count": 5.0
                }
            ]
        }
    }
}