[
    {
        "test_score_gib": 0.9376399866929249,
        "train_score": 0.9408731945753346,
        "test_score": 0.9376399866929249,
        "num_samples": 5491,
        "fit_time": 426,
        "score_time": 700,
        "time": 1126,
        "parameters": {
            "C": 0.1,
            "penalty": "l2"
        },
        "done_at": 1671010624169,
        "split_id": 0
    },
    {
        "test_score_gib": 0.930910840818563,
        "train_score": 0.9421564954652508,
        "test_score": 0.930910840818563,
        "num_samples": 5491,
        "fit_time": 226,
        "score_time": 697,
        "time": 923,
        "parameters": {
            "C": 0.1,
            "penalty": "l2"
        },
        "done_at": 1671010623982,
        "split_id": 1
    },
    {
        "test_score_gib": 0.9391121263389355,
        "train_score": 0.9406160779443584,
        "test_score": 0.9391121263389355,
        "num_samples": 5491,
        "fit_time": 414,
        "score_time": 701,
        "time": 1115,
        "parameters": {
            "C": 0.1,
            "penalty": "l2"
        },
        "done_at": 1671010624163,
        "split_id": 2
    },
    {
        "test_score_gib": 0.9473345664283216,
        "train_score": 0.9382509583249771,
        "test_score": 0.9473345664283216,
        "num_samples": 5490,
        "fit_time": 533,
        "score_time": 477,
        "time": 1010,
        "parameters": {
            "C": 0.1,
            "penalty": "l2"
        },
        "done_at": 1671010624064,
        "split_id": 3
    },
    {
        "test_score_gib": 0.9413179658253511,
        "train_score": 0.9402702193614214,
        "test_score": 0.9413179658253511,
        "num_samples": 5489,
        "fit_time": 288,
        "score_time": 198,
        "time": 486,
        "parameters": {
            "C": 0.1,
            "penalty": "l2"
        },
        "done_at": 1671010624477,
        "split_id": 4
    },
    {
        "test_score_gib": 0.9374451839240571,
        "train_score": 0.9408731945753346,
        "test_score": 0.9374451839240571,
        "num_samples": 5491,
        "fit_time": 512,
        "score_time": 526,
        "time": 1038,
        "parameters": {
            "C": 0.01,
            "penalty": "l2"
        },
        "done_at": 1671010625201,
        "split_id": 0
    },
    {
        "test_score_gib": 0.9316971679769155,
        "train_score": 0.9420934826862369,
        "test_score": 0.9316971679769155,
        "num_samples": 5491,
        "fit_time": 397,
        "score_time": 511,
        "time": 908,
        "parameters": {
            "C": 0.01,
            "penalty": "l2"
        },
        "done_at": 1671010625074,
        "split_id": 1
    },
    {
        "test_score_gib": 0.9386620340967112,
        "train_score": 0.9405989887896258,
        "test_score": 0.9386620340967112,
        "num_samples": 5491,
        "fit_time": 591,
        "score_time": 438,
        "time": 1029,
        "parameters": {
            "C": 0.01,
            "penalty": "l2"
        },
        "done_at": 1671010625201,
        "split_id": 2
    },
    {
        "test_score_gib": 0.9478425730937963,
        "train_score": 0.9382296953025586,
        "test_score": 0.9478425730937963,
        "num_samples": 5490,
        "fit_time": 496,
        "score_time": 311,
        "time": 807,
        "parameters": {
            "C": 0.01,
            "penalty": "l2"
        },
        "done_at": 1671010625373,
        "split_id": 3
    },
    {
        "test_score_gib": 0.941753283204794,
        "train_score": 0.9402066163580253,
        "test_score": 0.941753283204794,
        "num_samples": 5489,
        "fit_time": 288,
        "score_time": 293,
        "time": 581,
        "parameters": {
            "C": 0.01,
            "penalty": "l2"
        },
        "done_at": 1671010625769,
        "split_id": 4
    },
    {
        "test_score_gib": 0.9375172342632275,
        "train_score": 0.940701022733029,
        "test_score": 0.9375172342632275,
        "num_samples": 5491,
        "fit_time": 665,
        "score_time": 294,
        "time": 959,
        "parameters": {
            "C": 10.0,
            "penalty": "l2"
        },
        "done_at": 1671010626162,
        "split_id": 0
    },
    {
        "test_score_gib": 0.9306502142830457,
        "train_score": 0.9419754728880838,
        "test_score": 0.9306502142830457,
        "num_samples": 5491,
        "fit_time": 998,
        "score_time": 310,
        "time": 1308,
        "parameters": {
            "C": 10.0,
            "penalty": "l2"
        },
        "done_at": 1671010626574,
        "split_id": 1
    },
    {
        "test_score_gib": 0.9389342242669101,
        "train_score": 0.9404583790018263,
        "test_score": 0.9389342242669101,
        "num_samples": 5491,
        "fit_time": 1200,
        "score_time": 507,
        "time": 1707,
        "parameters": {
            "C": 10.0,
            "penalty": "l2"
        },
        "done_at": 1671010627170,
        "split_id": 2
    },
    {
        "test_score_gib": 0.9468167732946857,
        "train_score": 0.9380915969815637,
        "test_score": 0.9468167732946857,
        "num_samples": 5490,
        "fit_time": 827,
        "score_time": 289,
        "time": 1116,
        "parameters": {
            "C": 10.0,
            "penalty": "l2"
        },
        "done_at": 1671010626977,
        "split_id": 3
    },
    {
        "test_score_gib": 0.941108798953093,
        "train_score": 0.9400781316195215,
        "test_score": 0.941108798953093,
        "num_samples": 5489,
        "fit_time": 812,
        "score_time": 586,
        "time": 1398,
        "parameters": {
            "C": 10.0,
            "penalty": "l2"
        },
        "done_at": 1671010627562,
        "split_id": 4
    },
    {
        "test_score_gib": 0.9375465881051117,
        "train_score": 0.9407228990776866,
        "test_score": 0.9375465881051117,
        "num_samples": 5491,
        "fit_time": 614,
        "score_time": 272,
        "time": 886,
        "parameters": {
            "C": 1.0,
            "penalty": "l2"
        },
        "done_at": 1671010627464,
        "split_id": 0
    },
    {
        "test_score_gib": 0.930659109386647,
        "train_score": 0.9420012457826806,
        "test_score": 0.930659109386647,
        "num_samples": 5491,
        "fit_time": 419,
        "score_time": 391,
        "time": 810,
        "parameters": {
            "C": 1.0,
            "penalty": "l2"
        },
        "done_at": 1671010627873,
        "split_id": 1
    },
    {
        "test_score_gib": 0.9389644676191544,
        "train_score": 0.940478919386505,
        "test_score": 0.9389644676191544,
        "num_samples": 5491,
        "fit_time": 588,
        "score_time": 409,
        "time": 997,
        "parameters": {
            "C": 1.0,
            "penalty": "l2"
        },
        "done_at": 1671010628170,
        "split_id": 2
    },
    {
        "test_score_gib": 0.9468746024247309,
        "train_score": 0.9381156987844621,
        "test_score": 0.9468746024247309,
        "num_samples": 5490,
        "fit_time": 518,
        "score_time": 286,
        "time": 804,
        "parameters": {
            "C": 1.0,
            "penalty": "l2"
        },
        "done_at": 1671010628272,
        "split_id": 3
    },
    {
        "test_score_gib": 0.9411293580901098,
        "train_score": 0.9401028167012592,
        "test_score": 0.9411293580901098,
        "num_samples": 5489,
        "fit_time": 603,
        "score_time": 506,
        "time": 1109,
        "parameters": {
            "C": 1.0,
            "penalty": "l2"
        },
        "done_at": 1671010628773,
        "split_id": 4
    },
    {
        "test_score_gib": 0.9375172342632275,
        "train_score": 0.9406996867730499,
        "test_score": 0.9375172342632275,
        "num_samples": 5491,
        "fit_time": 791,
        "score_time": 307,
        "time": 1098,
        "parameters": {
            "C": 100.0,
            "penalty": "l2"
        },
        "done_at": 1671010628972,
        "split_id": 0
    },
    {
        "test_score_gib": 0.9306430982001647,
        "train_score": 0.941972077323137,
        "test_score": 0.9306430982001647,
        "num_samples": 5491,
        "fit_time": 908,
        "score_time": 396,
        "time": 1304,
        "parameters": {
            "C": 100.0,
            "penalty": "l2"
        },
        "done_at": 1671010629477,
        "split_id": 1
    },
    {
        "test_score_gib": 0.9389368927979904,
        "train_score": 0.9404571543718455,
        "test_score": 0.9389368927979904,
        "num_samples": 5491,
        "fit_time": 890,
        "score_time": 301,
        "time": 1191,
        "parameters": {
            "C": 100.0,
            "penalty": "l2"
        },
        "done_at": 1671010629466,
        "split_id": 2
    },
    {
        "test_score_gib": 0.946807876505448,
        "train_score": 0.9380906507214037,
        "test_score": 0.946807876505448,
        "num_samples": 5490,
        "fit_time": 698,
        "score_time": 127,
        "time": 825,
        "parameters": {
            "C": 100.0,
            "penalty": "l2"
        },
        "done_at": 1671010629688,
        "split_id": 3
    },
    {
        "test_score_gib": 0.9411034356999582,
        "train_score": 0.9400765193056242,
        "test_score": 0.9411034356999582,
        "num_samples": 5489,
        "fit_time": 833,
        "score_time": 179,
        "time": 1012,
        "parameters": {
            "C": 100.0,
            "penalty": "l2"
        },
        "done_at": 1671010630080,
        "split_id": 4
    }
]