{
    "startedAt": 1671010623039,
    "gridSize": 5,
    "nThreads": 4,
    "nSplits": 5,
    "metric": "ROC_AUC",
    "timeout": null,
    "gridPoints": [
        {
            "finishedAt": 1671010624477,
            "score": 0.9392626534933525,
            "testScoreGibMean": 0.9392626534933525,
            "testScoreMean": 0.9392626534933525,
            "testScoreStd": 0.005325235337679696,
            "trainScoreMean": 0.9404334805217943,
            "trainScoreStd": 0.001263766076754674,
            "time": 4660,
            "fitTimeMean": 377.4,
            "fitTimeStd": 108.4686129716795,
            "scoreTimeMean": 554.6,
            "scoreTimeStd": 198.0086866781354,
            "parameters": {
                "C": 0.1,
                "penalty": "l2"
            }
        },
        {
            "finishedAt": 1671010625769,
            "score": 0.9394795782205062,
            "testScoreGibMean": 0.9394795782205062,
            "testScoreMean": 0.9394795782205062,
            "testScoreStd": 0.005300626298446378,
            "trainScoreMean": 0.9404004887326013,
            "trainScoreStd": 0.0012553088288401733,
            "time": 4363,
            "fitTimeMean": 456.8,
            "fitTimeStd": 104.5588829320589,
            "scoreTimeMean": 415.8,
            "scoreTimeStd": 97.73719865025804,
            "parameters": {
                "C": 0.01,
                "penalty": "l2"
            }
        },
        {
            "finishedAt": 1671010627562,
            "score": 0.9390050112290013,
            "testScoreGibMean": 0.9390050112290013,
            "testScoreMean": 0.9390050112290013,
            "testScoreStd": 0.005243528747668847,
            "trainScoreMean": 0.9402610129842233,
            "trainScoreStd": 0.0012579142497307482,
            "time": 6488,
            "fitTimeMean": 900.4,
            "fitTimeStd": 183.24912005245756,
            "scoreTimeMean": 397.2,
            "scoreTimeStd": 124.62969148641906,
            "parameters": {
                "C": 10.0,
                "penalty": "l2"
            }
        },
        {
            "finishedAt": 1671010628773,
            "score": 0.9390343869478512,
            "testScoreGibMean": 0.9390343869478512,
            "testScoreMean": 0.9390343869478512,
            "testScoreStd": 0.0052578303844079645,
            "trainScoreMean": 0.940284408166235,
            "trainScoreStd": 0.001258086827789062,
            "time": 4606,
            "fitTimeMean": 548.4,
            "fitTimeStd": 72.83021351060287,
            "scoreTimeMean": 372.8,
            "scoreTimeStd": 86.11480708914118,
            "parameters": {
                "C": 1.0,
                "penalty": "l2"
            }
        },
        {
            "finishedAt": 1671010630080,
            "score": 0.9390012700161092,
            "testScoreGibMean": 0.9390012700161092,
            "testScoreMean": 0.9390012700161092,
            "testScoreStd": 0.005242710305291419,
            "trainScoreMean": 0.9402593100042635,
            "trainScoreStd": 0.001257230002943297,
            "time": 5430,
            "fitTimeMean": 824.0,
            "fitTimeStd": 75.44269348319955,
            "scoreTimeMean": 262.0,
            "scoreTimeStd": 96.55671908262003,
            "parameters": {
                "C": 100.0,
                "penalty": "l2"
            }
        }
    ]
}