{
    "modelInputNRows": 27452,
    "modelInputNCols": 20,
    "modelInputIsSparse": false,
    "modelInputMemory": 4392320,
    "usedGridSearch": true,
    "gridSize": 5,
    "gridBestScore": 0.9394795782205062,
    "gridCells": [
        {
            "params": {
                "C": 0.1,
                "penalty": "l2"
            },
            "score": 0.9392626534933525,
            "scoreStd": 0.005325235337679696,
            "fitTime": 0.37739999999999996,
            "fitTimeStd": 0.1084686129716795,
            "scoreTime": 0.5546,
            "scoreTimeStd": 0.1980086866781354
        },
        {
            "params": {
                "C": 0.01,
                "penalty": "l2"
            },
            "score": 0.9394795782205062,
            "scoreStd": 0.005300626298446378,
            "fitTime": 0.4568,
            "fitTimeStd": 0.10455888293205891,
            "scoreTime": 0.4158,
            "scoreTimeStd": 0.09773719865025804
        },
        {
            "params": {
                "C": 10.0,
                "penalty": "l2"
            },
            "score": 0.9390050112290013,
            "scoreStd": 0.005243528747668847,
            "fitTime": 0.9004,
            "fitTimeStd": 0.18324912005245755,
            "scoreTime": 0.3972,
            "scoreTimeStd": 0.12462969148641906
        },
        {
            "params": {
                "C": 1.0,
                "penalty": "l2"
            },
            "score": 0.9390343869478512,
            "scoreStd": 0.0052578303844079645,
            "fitTime": 0.5484,
            "fitTimeStd": 0.07283021351060287,
            "scoreTime": 0.3728,
            "scoreTimeStd": 0.08611480708914118
        },
        {
            "params": {
                "C": 100.0,
                "penalty": "l2"
            },
            "score": 0.9390012700161092,
            "scoreStd": 0.005242710305291419,
            "fitTime": 0.824,
            "fitTimeStd": 0.07544269348319955,
            "scoreTime": 0.262,
            "scoreTimeStd": 0.09655671908262003
        }
    ],
    "lmCoefficients": {
        "variables": [
            "severity",
            "tip_adm",
            "expected_length",
            "mortality_ratio",
            "num_proc",
            "origin",
            "ambulatory",
            "age",
            "dummy:date:2016-01",
            "dummy:date:2016-08",
            "dummy:date:2016-02",
            "dummy:date:2016-05",
            "dummy:date:2016-06",
            "dummy:date:2016-09",
            "dummy:date:2016-04",
            "dummy:date:2016-11",
            "dummy:date:2016-12",
            "dummy:tip_grd:M"
        ],
        "coefs": [
            0.413001867383465,
            -0.45837234343886163,
            -0.016820831391455283,
            0.8414631730964717,
            0.012990642993253334,
            0.1972248080841131,
            -0.22750384000397927,
            1.14085267859908,
            -0.42773971058598087,
            -0.3958511207110793,
            -0.25687133725202116,
            -0.10967741689658508,
            -0.13540225055266905,
            -0.1389254816143153,
            -0.17889504011528032,
            -0.0062730796619310455,
            -0.15298759580038498,
            0.14556369550971776
        ],
        "interceptStderr": null,
        "interceptTstat": null,
        "interceptPvalue": null,
        "interceptCoef": -1.8971966344745201,
        "rescaledCoefs": [
            0.4474023130125246,
            -0.9716918355002655,
            -0.0022569628191892715,
            12.573183759418475,
            0.004622652469302179,
            0.14233767291845328,
            -0.9475508490100275,
            0.00012271288189720568,
            -0.42773971058598087,
            -0.3958511207110793,
            -0.25687133725202116,
            -0.10967741689658508,
            -0.13540225055266905,
            -0.1389254816143153,
            -0.17889504011528032,
            -0.0062730796619310455,
            -0.15298759580038498,
            0.14556369550971776
        ],
        "rescaledInterceptCoef": -4.275375561131609
    },
    "probaAware": true
}