{
  "state": "DONE",
  "preSearchDescription": {
    "gridLength": 5,
    "searchStrategy": "GRID",
    "importantParams": [
      {
        "name": "penalty",
        "vals": [
          "l2"
        ]
      },
      {
        "name": "C",
        "vals": [
          "0.01",
          "0.1",
          "1.0",
          "10.0",
          "100.0"
        ]
      }
    ]
  },
  "postSearchDescription": {
    "importantParams": [
      {
        "name": "C",
        "val": "0.01"
      },
      {
        "name": "penalty",
        "val": "l2"
      }
    ]
  },
  "resumed": false,
  "timeOrderingEnabled": false,
  "sampleWeightsEnabled": false,
  "modelId": "m1",
  "progress": {
    "top_level_todo": [],
    "stack": [],
    "top_level_done": [
      {
        "name": "Loading train set",
        "time": 61
      },
      {
        "name": "Loading test set",
        "time": 14
      },
      {
        "name": "Collecting statistics",
        "time": 41
      },
      {
        "name": "Preprocessing train set",
        "time": 86
      },
      {
        "name": "Preprocessing test set",
        "time": 36
      },
      {
        "name": "Hyperparameter searching",
        "time": 7759
      },
      {
        "name": "Fitting model",
        "time": 84
      },
      {
        "name": "Saving model",
        "time": 2
      },
      {
        "name": "Scoring model",
        "time": 1507
      }
    ]
  },
  "startTime": 1671010622767,
  "endTime": 1671010632829,
  "preprocessingTime": 244,
  "trainingTime": 9818,
  "hyperparamsSearchTime": 7759
}