{
    "metrics": {
        "inertia": 1853.996977642805,
        "silhouette": 0.2545874283465425,
        "nbClusters": 7
    },
    "processed_feature_names": [
        "B",
        "TAX",
        "CRIM",
        "PTRATIO",
        "MEDV",
        "DIS",
        "ZN",
        "INDUS",
        "RAD",
        "LSTAT",
        "NOX",
        "RM",
        "AGE",
        "dummy:CHAS:0",
        "dummy:CHAS:N/A",
        "dummy:CHAS:__Others__"
    ],
    "variables_importance": {
        "variables": [
            "B",
            "TAX",
            "CRIM",
            "PTRATIO",
            "MEDV",
            "DIS",
            "ZN",
            "INDUS",
            "RAD",
            "LSTAT",
            "NOX",
            "RM",
            "AGE",
            "dummy:CHAS:0",
            "dummy:CHAS:__Others__"
        ],
        "importances": [
            0.07274808840722059,
            0.07299874152091046,
            0.07349479307348618,
            0.022758975490001353,
            0.08489853266092964,
            0.07709468800650879,
            0.09912793344738775,
            0.12168499119592369,
            0.06274234371416494,
            0.05281401340958177,
            0.09186384391398915,
            0.06629277531897519,
            0.09847212545091794,
            0.0015779477715308114,
            0.0014302066184717147
        ]
    },
    "reduce_vars": [],
    "train_nb_records": 431,
    "train_nb_features": 16,
    "train_nb_outliers": 0,
    "cluster_description": [
        {
            "variable": "dummy:CHAS:0",
            "var": 0.0,
            "values": [
                {
                    "cluster": "cluster_0",
                    "value": 0.9302325581395349
                },
                {
                    "cluster": "cluster_1",
                    "value": 0.9
                },
                {
                    "cluster": "cluster_2",
                    "value": 1.0
                },
                {
                    "cluster": "cluster_3",
                    "value": 0.9574468085106383
                },
                {
                    "cluster": "cluster_4",
                    "value": 0.8640776699029126
                },
                {
                    "cluster": "cluster_5",
                    "value": 0.9012345679012346
                },
                {
                    "cluster": "cluster_6",
                    "value": 0.9876543209876543
                }
            ]
        },
        {
            "variable": "dummy:CHAS:N/A",
            "var": 0.0,
            "values": [
                {
                    "cluster": "cluster_0",
                    "value": 0.0
                },
                {
                    "cluster": "cluster_1",
                    "value": 0.0
                },
                {
                    "cluster": "cluster_2",
                    "value": 0.0
                },
                {
                    "cluster": "cluster_3",
                    "value": 0.0
                },
                {
                    "cluster": "cluster_4",
                    "value": 0.0
                },
                {
                    "cluster": "cluster_5",
                    "value": 0.0
                },
                {
                    "cluster": "cluster_6",
                    "value": 0.0
                }
            ]
        },
        {
            "variable": "dummy:CHAS:__Others__",
            "var": 0.0,
            "values": [
                {
                    "cluster": "cluster_0",
                    "value": 0.06976744186046512
                },
                {
                    "cluster": "cluster_1",
                    "value": 0.1
                },
                {
                    "cluster": "cluster_2",
                    "value": 0.0
                },
                {
                    "cluster": "cluster_3",
                    "value": 0.0425531914893617
                },
                {
                    "cluster": "cluster_4",
                    "value": 0.13592233009708737
                },
                {
                    "cluster": "cluster_5",
                    "value": 0.09876543209876543
                },
                {
                    "cluster": "cluster_6",
                    "value": 0.012345679012345678
                }
            ]
        },
        {
            "variable": "B",
            "var": 11092.69,
            "values": [
                {
                    "cluster": "cluster_0",
                    "value": 348.85023255813945
                },
                {
                    "cluster": "cluster_1",
                    "value": 387.71700000000004
                },
                {
                    "cluster": "cluster_2",
                    "value": 102.44999999999999
                },
                {
                    "cluster": "cluster_3",
                    "value": 390.109574468085
                },
                {
                    "cluster": "cluster_4",
                    "value": 380.58330097087395
                },
                {
                    "cluster": "cluster_5",
                    "value": 372.9304938271605
                },
                {
                    "cluster": "cluster_6",
                    "value": 390.353827160494
                }
            ]
        },
        {
            "variable": "TAX",
            "var": 30122.82,
            "values": [
                {
                    "cluster": "cluster_0",
                    "value": 418.30232558139534
                },
                {
                    "cluster": "cluster_1",
                    "value": 273.125
                },
                {
                    "cluster": "cluster_2",
                    "value": 666.0
                },
                {
                    "cluster": "cluster_3",
                    "value": 318.2340425531915
                },
                {
                    "cluster": "cluster_4",
                    "value": 314.4854368932039
                },
                {
                    "cluster": "cluster_5",
                    "value": 666.0
                },
                {
                    "cluster": "cluster_6",
                    "value": 290.9753086419753
                }
            ]
        },
        {
            "variable": "CRIM",
            "var": 58.38,
            "values": [
                {
                    "cluster": "cluster_0",
                    "value": 1.2499120930232552
                },
                {
                    "cluster": "cluster_1",
                    "value": 0.6141566985596708
                },
                {
                    "cluster": "cluster_2",
                    "value": 20.42547094364426
                },
                {
                    "cluster": "cluster_3",
                    "value": 0.35028055073986514
                },
                {
                    "cluster": "cluster_4",
                    "value": 0.423126776139678
                },
                {
                    "cluster": "cluster_5",
                    "value": 8.877729874765025
                },
                {
                    "cluster": "cluster_6",
                    "value": 0.2518436038713611
                }
            ]
        },
        {
            "variable": "PTRATIO",
            "var": 2.91,
            "values": [
                {
                    "cluster": "cluster_0",
                    "value": 17.75581395348838
                },
                {
                    "cluster": "cluster_1",
                    "value": 15.929999999999996
                },
                {
                    "cluster": "cluster_2",
                    "value": 20.200000000000006
                },
                {
                    "cluster": "cluster_3",
                    "value": 16.278723404255313
                },
                {
                    "cluster": "cluster_4",
                    "value": 18.831067961165058
                },
                {
                    "cluster": "cluster_5",
                    "value": 20.200000000000028
                },
                {
                    "cluster": "cluster_6",
                    "value": 18.302469135802475
                }
            ]
        },
        {
            "variable": "MEDV",
            "var": 87.38,
            "values": [
                {
                    "cluster": "cluster_0",
                    "value": 17.758139534883725
                },
                {
                    "cluster": "cluster_1",
                    "value": 39.955
                },
                {
                    "cluster": "cluster_2",
                    "value": 11.894444444444444
                },
                {
                    "cluster": "cluster_3",
                    "value": 30.874468085106376
                },
                {
                    "cluster": "cluster_4",
                    "value": 20.68932038834951
                },
                {
                    "cluster": "cluster_5",
                    "value": 18.63086419753086
                },
                {
                    "cluster": "cluster_6",
                    "value": 23.617283950617278
                }
            ]
        },
        {
            "variable": "DIS",
            "var": 4.14,
            "values": [
                {
                    "cluster": "cluster_0",
                    "value": 1.8626488372093022
                },
                {
                    "cluster": "cluster_1",
                    "value": 3.1110549999999995
                },
                {
                    "cluster": "cluster_2",
                    "value": 1.944966666666667
                },
                {
                    "cluster": "cluster_3",
                    "value": 7.069721276595746
                },
                {
                    "cluster": "cluster_4",
                    "value": 3.4904485436893222
                },
                {
                    "cluster": "cluster_5",
                    "value": 2.108888888888888
                },
                {
                    "cluster": "cluster_6",
                    "value": 5.7399604938271604
                }
            ]
        },
        {
            "variable": "ZN",
            "var": 660.51,
            "values": [
                {
                    "cluster": "cluster_0",
                    "value": 0.0
                },
                {
                    "cluster": "cluster_1",
                    "value": 7.825
                },
                {
                    "cluster": "cluster_2",
                    "value": 0.0
                },
                {
                    "cluster": "cluster_3",
                    "value": 70.36170212765957
                },
                {
                    "cluster": "cluster_4",
                    "value": 1.266990291262136
                },
                {
                    "cluster": "cluster_5",
                    "value": 0.0
                },
                {
                    "cluster": "cluster_6",
                    "value": 11.882716049382717
                }
            ]
        },
        {
            "variable": "INDUS",
            "var": 52.73,
            "values": [
                {
                    "cluster": "cluster_0",
                    "value": 21.62530194276965
                },
                {
                    "cluster": "cluster_1",
                    "value": 5.794499999999998
                },
                {
                    "cluster": "cluster_2",
                    "value": 17.905110882487435
                },
                {
                    "cluster": "cluster_3",
                    "value": 3.2137868838105246
                },
                {
                    "cluster": "cluster_4",
                    "value": 8.779708338327543
                },
                {
                    "cluster": "cluster_5",
                    "value": 17.75353045775541
                },
                {
                    "cluster": "cluster_6",
                    "value": 6.471950414062898
                }
            ]
        },
        {
            "variable": "RAD",
            "var": 91.39,
            "values": [
                {
                    "cluster": "cluster_0",
                    "value": 4.186046511627907
                },
                {
                    "cluster": "cluster_1",
                    "value": 5.05
                },
                {
                    "cluster": "cluster_2",
                    "value": 24.0
                },
                {
                    "cluster": "cluster_3",
                    "value": 3.6382978723404253
                },
                {
                    "cluster": "cluster_4",
                    "value": 4.592233009708738
                },
                {
                    "cluster": "cluster_5",
                    "value": 24.0
                },
                {
                    "cluster": "cluster_6",
                    "value": 4.679012345679013
                }
            ]
        },
        {
            "variable": "LSTAT",
            "var": 41.4,
            "values": [
                {
                    "cluster": "cluster_0",
                    "value": 17.848139534883718
                },
                {
                    "cluster": "cluster_1",
                    "value": 5.969771604938271
                },
                {
                    "cluster": "cluster_2",
                    "value": 22.225833333333338
                },
                {
                    "cluster": "cluster_3",
                    "value": 5.547872340425532
                },
                {
                    "cluster": "cluster_4",
                    "value": 13.754632626153661
                },
                {
                    "cluster": "cluster_5",
                    "value": 16.906744398719706
                },
                {
                    "cluster": "cluster_6",
                    "value": 8.643421734491692
                }
            ]
        },
        {
            "variable": "NOX",
            "var": 0.01,
            "values": [
                {
                    "cluster": "cluster_0",
                    "value": 0.6816511627906978
                },
                {
                    "cluster": "cluster_1",
                    "value": 0.53104
                },
                {
                    "cluster": "cluster_2",
                    "value": 0.6758888888888888
                },
                {
                    "cluster": "cluster_3",
                    "value": 0.4166425531914893
                },
                {
                    "cluster": "cluster_4",
                    "value": 0.5246019417475724
                },
                {
                    "cluster": "cluster_5",
                    "value": 0.6732469135802469
                },
                {
                    "cluster": "cluster_6",
                    "value": 0.4560000000000002
                }
            ]
        },
        {
            "variable": "RM",
            "var": 0.39,
            "values": [
                {
                    "cluster": "cluster_0",
                    "value": 5.833627906976743
                },
                {
                    "cluster": "cluster_1",
                    "value": 7.5912500000000005
                },
                {
                    "cluster": "cluster_2",
                    "value": 5.97861111111111
                },
                {
                    "cluster": "cluster_3",
                    "value": 6.842382978723406
                },
                {
                    "cluster": "cluster_4",
                    "value": 6.052563106796118
                },
                {
                    "cluster": "cluster_5",
                    "value": 6.064469135802465
                },
                {
                    "cluster": "cluster_6",
                    "value": 6.299135802469138
                }
            ]
        },
        {
            "variable": "AGE",
            "var": 657.21,
            "values": [
                {
                    "cluster": "cluster_0",
                    "value": 92.9640826873385
                },
                {
                    "cluster": "cluster_1",
                    "value": 72.50388888888888
                },
                {
                    "cluster": "cluster_2",
                    "value": 90.3977366255144
                },
                {
                    "cluster": "cluster_3",
                    "value": 30.834436564223804
                },
                {
                    "cluster": "cluster_4",
                    "value": 76.74070478245238
                },
                {
                    "cluster": "cluster_5",
                    "value": 89.42761774119795
                },
                {
                    "cluster": "cluster_6",
                    "value": 37.8
                }
            ]
        },
        {
            "variable": "cluster_size",
            "var": 691.29,
            "values": [
                {
                    "cluster": "cluster_4",
                    "value": 103
                },
                {
                    "cluster": "cluster_5",
                    "value": 81
                },
                {
                    "cluster": "cluster_6",
                    "value": 81
                },
                {
                    "cluster": "cluster_3",
                    "value": 47
                },
                {
                    "cluster": "cluster_0",
                    "value": 43
                },
                {
                    "cluster": "cluster_1",
                    "value": 40
                },
                {
                    "cluster": "cluster_2",
                    "value": 36
                }
            ]
        }
    ],
    "summary": {
        "clusters": []
    }
}