{"global": {"size": 431, "facts": [{"type": "numerical", "feature_label": "CRIM", "cluster_label": "cluster_7", "mean": 69.04429999999999, "std": 17.902581910067237, "diff": 7.458020927762191, "global_mean": 3.742854147355657, "global_std": 8.755867875023286}, {"type": "numerical", "feature_label": "B", "cluster_label": "cluster_5", "mean": 54.188928571428576, "std": 48.75751143189884, "diff": -3.2972576236335347, "global_mean": 356.2846867749414, "global_std": 91.62030774853658}, {"type": "numerical", "feature_label": "ZN", "cluster_label": "cluster_13", "mean": 86.16666666666667, "std": 8.60163328898037, "diff": 3.234083887396197, "global_mean": 10.935034802784223, "global_std": 23.262115171802925}, {"type": "numerical", "feature_label": "NOX", "cluster_label": "cluster_11", "mean": 0.8710000000000003, "std": 3.493235195007277e-16, "diff": 2.7360221660960105, "global_mean": 0.5567744779582383, "global_std": 0.11484757906407088}, {"type": "numerical", "feature_label": "ZN", "cluster_label": "cluster_9", "mean": 72.875, "std": 13.185792792962712, "diff": 2.662697039360206, "global_mean": 10.935034802784223, "global_std": 23.262115171802925}, {"type": "numerical", "feature_label": "MEDV", "cluster_label": "cluster_0", "mean": 46.25, "std": 9.185586535436919, "diff": 2.472330835412696, "global_mean": 22.724361948955938, "global_std": 9.515570373540653}, {"type": "numerical", "feature_label": "MEDV", "cluster_label": "cluster_10", "mean": 43.6, "std": 6.635689937932676, "diff": 2.1938399099114054, "global_mean": 22.724361948955938, "global_std": 9.515570373540653}, {"type": "numerical", "feature_label": "DIS", "cluster_label": "cluster_9", "mean": 8.091279999999998, "std": 1.9897859383942733, "diff": 2.103384333324876, "global_mean": 3.7171805104408326, "global_std": 2.079553137416836}, {"type": "numerical", "feature_label": "RM", "cluster_label": "cluster_10", "mean": 7.839681818181819, "std": 0.5370989432979503, "diff": 2.095100999463844, "global_mean": 6.302051044083534, "global_std": 0.7339172548205453}, {"type": "numerical", "feature_label": "INDUS", "cluster_label": "cluster_6", "mean": 24.142608695652168, "std": 2.515682118579199, "diff": 1.9111578554261375, "global_mean": 11.19228275710616, "global_std": 6.7761676000638}]}, "clusters": [{"cluster": "cluster_0", "size": 6, "facts": [{"type": "numerical", "feature_label": "MEDV", "cluster_label": "cluster_0", "mean": 46.25, "std": 9.185586535436919, "diff": 2.472330835412696, "global_mean": 22.724361948955938, "global_std": 9.515570373540653}, {"type": "numerical", "feature_label": "RAD", "cluster_label": "cluster_0", "mean": 24.0, "std": 0.0, "diff": 1.6149334258185704, "global_mean": 9.77494199535963, "global_std": 8.808448557209122}, {"type": "numerical", "feature_label": "TAX", "cluster_label": "cluster_0", "mean": 666.0, "std": 0.0, "diff": 1.4848729393217464, "global_mean": 412.41763341067286, "global_std": 170.77714858562737}]}, {"cluster": "cluster_1", "size": 65, "facts": [{"type": "numerical", "feature_label": "AGE", "cluster_label": "cluster_1", "mean": 39.067977207977215, "std": 17.559645042404686, "diff": -1.0980460368751577, "global_mean": 69.16676978602732, "global_std": 27.411230100794203}, {"type": "numerical", "feature_label": "DIS", "cluster_label": "cluster_1", "mean": 5.748213846153847, "std": 1.3141662312656797, "diff": 0.9766681596969956, "global_mean": 3.7171805104408326, "global_std": 2.079553137416836}, {"type": "numerical", "feature_label": "NOX", "cluster_label": "cluster_1", "mean": 0.4582600000000001, "std": 0.0348309793861729, "diff": -0.857784541572959, "global_mean": 0.5567744779582383, "global_std": 0.11484757906407088}]}, {"cluster": "cluster_2", "size": 29, "facts": [{"type": "numerical", "feature_label": "AGE", "cluster_label": "cluster_2", "mean": 35.22541507024266, "std": 17.112546170958954, "diff": -1.2382280762657656, "global_mean": 69.16676978602732, "global_std": 27.411230100794203}, {"type": "numerical", "feature_label": "ZN", "cluster_label": "cluster_2", "mean": 35.1551724137931, "std": 14.229686930771994, "diff": 1.0411838060352834, "global_mean": 10.935034802784223, "global_std": 23.262115171802925}, {"type": "numerical", "feature_label": "DIS", "cluster_label": "cluster_2", "mean": 5.878258620689656, "std": 1.4479531796192369, "diff": 1.0392031207883707, "global_mean": 3.7171805104408326, "global_std": 2.079553137416836}]}, {"cluster": "cluster_3", "size": 13, "facts": [{"type": "numerical", "feature_label": "PTRATIO", "cluster_label": "cluster_3", "mean": 14.961538461538463, "std": 0.9429903335828891, "diff": -1.604124714379278, "global_mean": 18.44849187935028, "global_std": 2.173742095333968}, {"type": "numerical", "feature_label": "INDUS", "cluster_label": "cluster_3", "mean": 16.850307059195945, "std": 4.862617176719569, "diff": 0.8349888367632042, "global_mean": 11.19228275710616, "global_std": 6.7761676000638}, {"type": "numerical", "feature_label": "AGE", "cluster_label": "cluster_3", "mean": 88.47692307692309, "std": 13.961444161580243, "diff": 0.704461391184932, "global_mean": 69.16676978602732, "global_std": 27.411230100794203}]}, {"cluster": "cluster_4", "size": 41, "facts": [{"type": "numerical", "feature_label": "INDUS", "cluster_label": "cluster_4", "mean": 5.51790223828164, "std": 2.930233454807045, "diff": -0.8374026225046579, "global_mean": 11.19228275710616, "global_std": 6.7761676000638}, {"type": "numerical", "feature_label": "TAX", "cluster_label": "cluster_4", "mean": 277.5121951219512, "std": 53.31515823441748, "diff": -0.7899501742827162, "global_mean": 412.41763341067286, "global_std": 170.77714858562737}, {"type": "numerical", "feature_label": "LSTAT", "cluster_label": "cluster_4", "mean": 7.17170731707317, "std": 2.277002308342072, "diff": -0.7862041010105006, "global_mean": 12.884991836383959, "global_std": 7.2669228155482255}]}, {"cluster": "cluster_5", "size": 28, "facts": [{"type": "numerical", "feature_label": "B", "cluster_label": "cluster_5", "mean": 54.188928571428576, "std": 48.75751143189884, "diff": -3.2972576236335347, "global_mean": 356.2846867749414, "global_std": 91.62030774853658}, {"type": "numerical", "feature_label": "RAD", "cluster_label": "cluster_5", "mean": 24.0, "std": 0.0, "diff": 1.6149334258185704, "global_mean": 9.77494199535963, "global_std": 8.808448557209122}, {"type": "numerical", "feature_label": "TAX", "cluster_label": "cluster_5", "mean": 666.0, "std": 0.0, "diff": 1.4848729393217464, "global_mean": 412.41763341067286, "global_std": 170.77714858562737}]}, {"cluster": "cluster_6", "size": 23, "facts": [{"type": "numerical", "feature_label": "INDUS", "cluster_label": "cluster_6", "mean": 24.142608695652168, "std": 2.515682118579199, "diff": 1.9111578554261375, "global_mean": 11.19228275710616, "global_std": 6.7761676000638}, {"type": "numerical", "feature_label": "PTRATIO", "cluster_label": "cluster_6", "mean": 20.41304347826087, "std": 0.9111951930524521, "diff": 0.9037648040802945, "global_mean": 18.44849187935028, "global_std": 2.173742095333968}, {"type": "numerical", "feature_label": "DIS", "cluster_label": "cluster_6", "mean": 1.921260869565218, "std": 0.23121706593810856, "diff": -0.8636084399874758, "global_mean": 3.7171805104408326, "global_std": 2.079553137416836}]}, {"cluster": "cluster_7", "size": 4, "facts": [{"type": "numerical", "feature_label": "CRIM", "cluster_label": "cluster_7", "mean": 69.04429999999999, "std": 17.902581910067237, "diff": 7.458020927762191, "global_mean": 3.742854147355657, "global_std": 8.755867875023286}, {"type": "numerical", "feature_label": "RAD", "cluster_label": "cluster_7", "mean": 24.0, "std": 0.0, "diff": 1.6149334258185704, "global_mean": 9.77494199535963, "global_std": 8.808448557209122}, {"type": "numerical", "feature_label": "LSTAT", "cluster_label": "cluster_7", "mean": 24.447499999999998, "std": 8.684243874204975, "diff": 1.5911147616535886, "global_mean": 12.884991836383959, "global_std": 7.2669228155482255}]}, {"cluster": "cluster_8", "size": 58, "facts": [{"type": "numerical", "feature_label": "RAD", "cluster_label": "cluster_8", "mean": 24.0, "std": 0.0, "diff": 1.6149334258185704, "global_mean": 9.77494199535963, "global_std": 8.808448557209122}, {"type": "numerical", "feature_label": "TAX", "cluster_label": "cluster_8", "mean": 666.0, "std": 0.0, "diff": 1.4848729393217464, "global_mean": 412.41763341067286, "global_std": 170.77714858562737}, {"type": "numerical", "feature_label": "NOX", "cluster_label": "cluster_8", "mean": 0.6750344827586202, "std": 0.07268387825714653, "diff": 1.0297126483999048, "global_mean": 0.5567744779582383, "global_std": 0.11484757906407088}]}, {"cluster": "cluster_9", "size": 20, "facts": [{"type": "numerical", "feature_label": "ZN", "cluster_label": "cluster_9", "mean": 72.875, "std": 13.185792792962712, "diff": 2.662697039360206, "global_mean": 10.935034802784223, "global_std": 23.262115171802925}, {"type": "numerical", "feature_label": "DIS", "cluster_label": "cluster_9", "mean": 8.091279999999998, "std": 1.9897859383942733, "diff": 2.103384333324876, "global_mean": 3.7171805104408326, "global_std": 2.079553137416836}, {"type": "numerical", "feature_label": "AGE", "cluster_label": "cluster_9", "mean": 30.689999999999998, "std": 9.549312458028202, "diff": -1.4036863593696405, "global_mean": 69.16676978602732, "global_std": 27.411230100794203}]}, {"cluster": "cluster_10", "size": 22, "facts": [{"type": "numerical", "feature_label": "MEDV", "cluster_label": "cluster_10", "mean": 43.6, "std": 6.635689937932676, "diff": 2.1938399099114054, "global_mean": 22.724361948955938, "global_std": 9.515570373540653}, {"type": "numerical", "feature_label": "RM", "cluster_label": "cluster_10", "mean": 7.839681818181819, "std": 0.5370989432979503, "diff": 2.095100999463844, "global_mean": 6.302051044083534, "global_std": 0.7339172548205453}, {"type": "numerical", "feature_label": "PTRATIO", "cluster_label": "cluster_10", "mean": 14.813636363636363, "std": 1.976118237870216, "diff": -1.6721650298424506, "global_mean": 18.44849187935028, "global_std": 2.173742095333968}]}, {"cluster": "cluster_11", "size": 11, "facts": [{"type": "numerical", "feature_label": "NOX", "cluster_label": "cluster_11", "mean": 0.8710000000000003, "std": 3.493235195007277e-16, "diff": 2.7360221660960105, "global_mean": 0.5567744779582383, "global_std": 0.11484757906407088}, {"type": "numerical", "feature_label": "PTRATIO", "cluster_label": "cluster_11", "mean": 14.7, "std": 0.0, "diff": -1.7244418679642723, "global_mean": 18.44849187935028, "global_std": 2.173742095333968}, {"type": "numerical", "feature_label": "LSTAT", "cluster_label": "cluster_11", "mean": 22.13363636363636, "std": 6.89017165639184, "diff": 1.272704384235939, "global_mean": 12.884991836383959, "global_std": 7.2669228155482255}]}, {"cluster": "cluster_12", "size": 75, "facts": [{"type": "numerical", "feature_label": "RAD", "cluster_label": "cluster_12", "mean": 4.52, "std": 1.4080847640332959, "diff": -0.5965797451423853, "global_mean": 9.77494199535963, "global_std": 8.808448557209122}, {"type": "numerical", "feature_label": "TAX", "cluster_label": "cluster_12", "mean": 322.6933333333333, "std": 59.073013304730814, "diff": -0.5253882080854156, "global_mean": 412.41763341067286, "global_std": 170.77714858562737}, {"type": "numerical", "feature_label": "RM", "cluster_label": "cluster_12", "mean": 5.925839999999999, "std": 0.3118107118108677, "diff": -0.5126068935053508, "global_mean": 6.302051044083534, "global_std": 0.7339172548205453}]}, {"cluster": "cluster_13", "size": 15, "facts": [{"type": "numerical", "feature_label": "ZN", "cluster_label": "cluster_13", "mean": 86.16666666666667, "std": 8.60163328898037, "diff": 3.234083887396197, "global_mean": 10.935034802784223, "global_std": 23.262115171802925}, {"type": "numerical", "feature_label": "MEDV", "cluster_label": "cluster_13", "mean": 38.6, "std": 7.9384237370255955, "diff": 1.6683853334938754, "global_mean": 22.724361948955938, "global_std": 9.515570373540653}, {"type": "numerical", "feature_label": "PTRATIO", "cluster_label": "cluster_13", "mean": 14.946666666666665, "std": 1.7743677613113218, "diff": -1.6109662780145046, "global_mean": 18.44849187935028, "global_std": 2.173742095333968}]}, {"cluster": "cluster_14", "size": 21, "facts": [{"type": "numerical", "feature_label": "LSTAT", "cluster_label": "cluster_14", "mean": 26.617619047619037, "std": 4.9356224579701236, "diff": 1.8897444709131772, "global_mean": 12.884991836383959, "global_std": 7.2669228155482255}, {"type": "numerical", "feature_label": "CRIM", "cluster_label": "cluster_14", "mean": 18.573277619047616, "std": 9.46332594857902, "diff": 1.6937696734776868, "global_mean": 3.742854147355657, "global_std": 8.755867875023286}, {"type": "numerical", "feature_label": "RAD", "cluster_label": "cluster_14", "mean": 24.0, "std": 0.0, "diff": 1.6149334258185704, "global_mean": 9.77494199535963, "global_std": 8.808448557209122}]}]}