{
    "metrics": {
        "inertia": 1185.1502510574173,
        "silhouette": 0.2563904075387101,
        "nbClusters": 15
    },
    "processed_feature_names": [
        "B",
        "TAX",
        "CRIM",
        "PTRATIO",
        "MEDV",
        "DIS",
        "ZN",
        "INDUS",
        "RAD",
        "LSTAT",
        "NOX",
        "RM",
        "AGE",
        "dummy:CHAS:0",
        "dummy:CHAS:N/A",
        "dummy:CHAS:__Others__"
    ],
    "variables_importance": {
        "variables": [
            "B",
            "TAX",
            "CRIM",
            "PTRATIO",
            "MEDV",
            "DIS",
            "ZN",
            "INDUS",
            "RAD",
            "LSTAT",
            "NOX",
            "RM",
            "AGE",
            "dummy:CHAS:0",
            "dummy:CHAS:__Others__"
        ],
        "importances": [
            0.08038455716977616,
            0.05140409097317878,
            0.0725844501291753,
            0.05199205148102324,
            0.10316893864155828,
            0.10810545738419286,
            0.06052611226127782,
            0.0840878993724808,
            0.053410116115533784,
            0.07761316669480803,
            0.0891420847717503,
            0.09687535292630285,
            0.06619458540679993,
            0.0025299208695611897,
            0.001981215802580752
        ]
    },
    "reduce_vars": [],
    "train_nb_records": 431,
    "train_nb_features": 16,
    "train_nb_outliers": 0,
    "cluster_description": [
        {
            "variable": "dummy:CHAS:0",
            "var": 0.02,
            "values": [
                {
                    "cluster": "cluster_0",
                    "value": 0.5
                },
                {
                    "cluster": "cluster_1",
                    "value": 1.0
                },
                {
                    "cluster": "cluster_10",
                    "value": 0.9090909090909091
                },
                {
                    "cluster": "cluster_11",
                    "value": 0.8181818181818182
                },
                {
                    "cluster": "cluster_12",
                    "value": 0.9066666666666666
                },
                {
                    "cluster": "cluster_13",
                    "value": 0.9333333333333333
                },
                {
                    "cluster": "cluster_14",
                    "value": 1.0
                },
                {
                    "cluster": "cluster_2",
                    "value": 0.896551724137931
                },
                {
                    "cluster": "cluster_3",
                    "value": 0.6923076923076923
                },
                {
                    "cluster": "cluster_4",
                    "value": 0.8780487804878049
                },
                {
                    "cluster": "cluster_5",
                    "value": 1.0
                },
                {
                    "cluster": "cluster_6",
                    "value": 1.0
                },
                {
                    "cluster": "cluster_7",
                    "value": 1.0
                },
                {
                    "cluster": "cluster_8",
                    "value": 0.9137931034482759
                },
                {
                    "cluster": "cluster_9",
                    "value": 1.0
                }
            ]
        },
        {
            "variable": "dummy:CHAS:N/A",
            "var": 0.0,
            "values": [
                {
                    "cluster": "cluster_0",
                    "value": 0.0
                },
                {
                    "cluster": "cluster_1",
                    "value": 0.0
                },
                {
                    "cluster": "cluster_10",
                    "value": 0.0
                },
                {
                    "cluster": "cluster_11",
                    "value": 0.0
                },
                {
                    "cluster": "cluster_12",
                    "value": 0.0
                },
                {
                    "cluster": "cluster_13",
                    "value": 0.0
                },
                {
                    "cluster": "cluster_14",
                    "value": 0.0
                },
                {
                    "cluster": "cluster_2",
                    "value": 0.0
                },
                {
                    "cluster": "cluster_3",
                    "value": 0.0
                },
                {
                    "cluster": "cluster_4",
                    "value": 0.0
                },
                {
                    "cluster": "cluster_5",
                    "value": 0.0
                },
                {
                    "cluster": "cluster_6",
                    "value": 0.0
                },
                {
                    "cluster": "cluster_7",
                    "value": 0.0
                },
                {
                    "cluster": "cluster_8",
                    "value": 0.0
                },
                {
                    "cluster": "cluster_9",
                    "value": 0.0
                }
            ]
        },
        {
            "variable": "dummy:CHAS:__Others__",
            "var": 0.02,
            "values": [
                {
                    "cluster": "cluster_0",
                    "value": 0.5
                },
                {
                    "cluster": "cluster_1",
                    "value": 0.0
                },
                {
                    "cluster": "cluster_10",
                    "value": 0.09090909090909091
                },
                {
                    "cluster": "cluster_11",
                    "value": 0.18181818181818182
                },
                {
                    "cluster": "cluster_12",
                    "value": 0.09333333333333334
                },
                {
                    "cluster": "cluster_13",
                    "value": 0.06666666666666667
                },
                {
                    "cluster": "cluster_14",
                    "value": 0.0
                },
                {
                    "cluster": "cluster_2",
                    "value": 0.10344827586206896
                },
                {
                    "cluster": "cluster_3",
                    "value": 0.3076923076923077
                },
                {
                    "cluster": "cluster_4",
                    "value": 0.12195121951219512
                },
                {
                    "cluster": "cluster_5",
                    "value": 0.0
                },
                {
                    "cluster": "cluster_6",
                    "value": 0.0
                },
                {
                    "cluster": "cluster_7",
                    "value": 0.0
                },
                {
                    "cluster": "cluster_8",
                    "value": 0.08620689655172414
                },
                {
                    "cluster": "cluster_9",
                    "value": 0.0
                }
            ]
        },
        {
            "variable": "B",
            "var": 8322.98,
            "values": [
                {
                    "cluster": "cluster_0",
                    "value": 368.605
                },
                {
                    "cluster": "cluster_1",
                    "value": 390.9876923076925
                },
                {
                    "cluster": "cluster_10",
                    "value": 384.9440909090909
                },
                {
                    "cluster": "cluster_11",
                    "value": 309.6027272727273
                },
                {
                    "cluster": "cluster_12",
                    "value": 375.9714666666669
                },
                {
                    "cluster": "cluster_13",
                    "value": 388.88400000000007
                },
                {
                    "cluster": "cluster_14",
                    "value": 360.56380952380954
                },
                {
                    "cluster": "cluster_2",
                    "value": 390.04689655172405
                },
                {
                    "cluster": "cluster_3",
                    "value": 343.9307692307693
                },
                {
                    "cluster": "cluster_4",
                    "value": 391.1429268292683
                },
                {
                    "cluster": "cluster_5",
                    "value": 54.188928571428576
                },
                {
                    "cluster": "cluster_6",
                    "value": 378.24652173913046
                },
                {
                    "cluster": "cluster_7",
                    "value": 221.6475
                },
                {
                    "cluster": "cluster_8",
                    "value": 374.2796551724137
                },
                {
                    "cluster": "cluster_9",
                    "value": 391.22099999999995
                }
            ]
        },
        {
            "variable": "TAX",
            "var": 28662.53,
            "values": [
                {
                    "cluster": "cluster_0",
                    "value": 666.0
                },
                {
                    "cluster": "cluster_1",
                    "value": 294.0923076923077
                },
                {
                    "cluster": "cluster_10",
                    "value": 295.59090909090907
                },
                {
                    "cluster": "cluster_11",
                    "value": 403.0
                },
                {
                    "cluster": "cluster_12",
                    "value": 322.6933333333333
                },
                {
                    "cluster": "cluster_13",
                    "value": 283.93333333333334
                },
                {
                    "cluster": "cluster_14",
                    "value": 666.0
                },
                {
                    "cluster": "cluster_2",
                    "value": 302.9655172413793
                },
                {
                    "cluster": "cluster_3",
                    "value": 363.0
                },
                {
                    "cluster": "cluster_4",
                    "value": 277.5121951219512
                },
                {
                    "cluster": "cluster_5",
                    "value": 666.0
                },
                {
                    "cluster": "cluster_6",
                    "value": 431.60869565217394
                },
                {
                    "cluster": "cluster_7",
                    "value": 666.0
                },
                {
                    "cluster": "cluster_8",
                    "value": 666.0
                },
                {
                    "cluster": "cluster_9",
                    "value": 325.35
                }
            ]
        },
        {
            "variable": "CRIM",
            "var": 313.54,
            "values": [
                {
                    "cluster": "cluster_0",
                    "value": 6.184045661865571
                },
                {
                    "cluster": "cluster_1",
                    "value": 0.18594329186451408
                },
                {
                    "cluster": "cluster_10",
                    "value": 0.8340333623269736
                },
                {
                    "cluster": "cluster_11",
                    "value": 2.404149090909091
                },
                {
                    "cluster": "cluster_12",
                    "value": 0.45427271961591204
                },
                {
                    "cluster": "cluster_13",
                    "value": 0.26405626474622773
                },
                {
                    "cluster": "cluster_14",
                    "value": 18.573277619047616
                },
                {
                    "cluster": "cluster_2",
                    "value": 0.4491086866751809
                },
                {
                    "cluster": "cluster_3",
                    "value": 1.4695346153846154
                },
                {
                    "cluster": "cluster_4",
                    "value": 0.4423985832580548
                },
                {
                    "cluster": "cluster_5",
                    "value": 11.475986712228103
                },
                {
                    "cluster": "cluster_6",
                    "value": 0.4012517391304347
                },
                {
                    "cluster": "cluster_7",
                    "value": 69.04429999999999
                },
                {
                    "cluster": "cluster_8",
                    "value": 7.409743826096211
                },
                {
                    "cluster": "cluster_9",
                    "value": 0.2174921985596708
                }
            ]
        },
        {
            "variable": "PTRATIO",
            "var": 5.27,
            "values": [
                {
                    "cluster": "cluster_0",
                    "value": 20.2
                },
                {
                    "cluster": "cluster_1",
                    "value": 18.573846153846162
                },
                {
                    "cluster": "cluster_10",
                    "value": 14.813636363636363
                },
                {
                    "cluster": "cluster_11",
                    "value": 14.7
                },
                {
                    "cluster": "cluster_12",
                    "value": 19.245333333333342
                },
                {
                    "cluster": "cluster_13",
                    "value": 14.946666666666665
                },
                {
                    "cluster": "cluster_14",
                    "value": 20.199999999999996
                },
                {
                    "cluster": "cluster_2",
                    "value": 16.593103448275862
                },
                {
                    "cluster": "cluster_3",
                    "value": 14.961538461538463
                },
                {
                    "cluster": "cluster_4",
                    "value": 17.790243902439023
                },
                {
                    "cluster": "cluster_5",
                    "value": 20.199999999999996
                },
                {
                    "cluster": "cluster_6",
                    "value": 20.41304347826087
                },
                {
                    "cluster": "cluster_7",
                    "value": 20.2
                },
                {
                    "cluster": "cluster_8",
                    "value": 20.20000000000002
                },
                {
                    "cluster": "cluster_9",
                    "value": 17.54
                }
            ]
        },
        {
            "variable": "MEDV",
            "var": 136.66,
            "values": [
                {
                    "cluster": "cluster_0",
                    "value": 46.25
                },
                {
                    "cluster": "cluster_1",
                    "value": 22.204615384615384
                },
                {
                    "cluster": "cluster_10",
                    "value": 43.6
                },
                {
                    "cluster": "cluster_11",
                    "value": 15.799999999999999
                },
                {
                    "cluster": "cluster_12",
                    "value": 19.171999999999993
                },
                {
                    "cluster": "cluster_13",
                    "value": 38.6
                },
                {
                    "cluster": "cluster_14",
                    "value": 10.923809523809528
                },
                {
                    "cluster": "cluster_2",
                    "value": 31.568965517241388
                },
                {
                    "cluster": "cluster_3",
                    "value": 23.223076923076924
                },
                {
                    "cluster": "cluster_4",
                    "value": 29.11463414634147
                },
                {
                    "cluster": "cluster_5",
                    "value": 13.396428571428569
                },
                {
                    "cluster": "cluster_6",
                    "value": 16.456521739130437
                },
                {
                    "cluster": "cluster_7",
                    "value": 7.8
                },
                {
                    "cluster": "cluster_8",
                    "value": 17.65689655172414
                },
                {
                    "cluster": "cluster_9",
                    "value": 23.705000000000005
                }
            ]
        },
        {
            "variable": "DIS",
            "var": 4.75,
            "values": [
                {
                    "cluster": "cluster_0",
                    "value": 1.3005833333333334
                },
                {
                    "cluster": "cluster_1",
                    "value": 5.748213846153847
                },
                {
                    "cluster": "cluster_10",
                    "value": 2.616413636363636
                },
                {
                    "cluster": "cluster_11",
                    "value": 1.5182545454545455
                },
                {
                    "cluster": "cluster_12",
                    "value": 3.540177333333332
                },
                {
                    "cluster": "cluster_13",
                    "value": 6.767566666666665
                },
                {
                    "cluster": "cluster_14",
                    "value": 1.5482095238095237
                },
                {
                    "cluster": "cluster_2",
                    "value": 5.878258620689656
                },
                {
                    "cluster": "cluster_3",
                    "value": 2.350407692307692
                },
                {
                    "cluster": "cluster_4",
                    "value": 3.3976585365853653
                },
                {
                    "cluster": "cluster_5",
                    "value": 2.0414321428571425
                },
                {
                    "cluster": "cluster_6",
                    "value": 1.921260869565218
                },
                {
                    "cluster": "cluster_7",
                    "value": 1.575675
                },
                {
                    "cluster": "cluster_8",
                    "value": 2.3631051724137926
                },
                {
                    "cluster": "cluster_9",
                    "value": 8.091279999999998
                }
            ]
        },
        {
            "variable": "ZN",
            "var": 785.84,
            "values": [
                {
                    "cluster": "cluster_0",
                    "value": 0.0
                },
                {
                    "cluster": "cluster_1",
                    "value": 8.03076923076923
                },
                {
                    "cluster": "cluster_10",
                    "value": 9.090909090909092
                },
                {
                    "cluster": "cluster_11",
                    "value": 0.0
                },
                {
                    "cluster": "cluster_12",
                    "value": 1.4733333333333334
                },
                {
                    "cluster": "cluster_13",
                    "value": 86.16666666666667
                },
                {
                    "cluster": "cluster_14",
                    "value": 0.0
                },
                {
                    "cluster": "cluster_2",
                    "value": 35.1551724137931
                },
                {
                    "cluster": "cluster_3",
                    "value": 1.5384615384615385
                },
                {
                    "cluster": "cluster_4",
                    "value": 2.2195121951219514
                },
                {
                    "cluster": "cluster_5",
                    "value": 0.0
                },
                {
                    "cluster": "cluster_6",
                    "value": 0.0
                },
                {
                    "cluster": "cluster_7",
                    "value": 0.0
                },
                {
                    "cluster": "cluster_8",
                    "value": 0.0
                },
                {
                    "cluster": "cluster_9",
                    "value": 72.875
                }
            ]
        },
        {
            "variable": "INDUS",
            "var": 50.31,
            "values": [
                {
                    "cluster": "cluster_0",
                    "value": 18.099999999999998
                },
                {
                    "cluster": "cluster_1",
                    "value": 7.192430515986073
                },
                {
                    "cluster": "cluster_10",
                    "value": 7.318636363636364
                },
                {
                    "cluster": "cluster_11",
                    "value": 18.03527123082678
                },
                {
                    "cluster": "cluster_12",
                    "value": 9.138293004115223
                },
                {
                    "cluster": "cluster_13",
                    "value": 1.9693333333333334
                },
                {
                    "cluster": "cluster_14",
                    "value": 17.765904369978447
                },
                {
                    "cluster": "cluster_2",
                    "value": 4.526344543777494
                },
                {
                    "cluster": "cluster_3",
                    "value": 16.850307059195945
                },
                {
                    "cluster": "cluster_4",
                    "value": 5.51790223828164
                },
                {
                    "cluster": "cluster_5",
                    "value": 17.84942827748384
                },
                {
                    "cluster": "cluster_6",
                    "value": 24.142608695652168
                },
                {
                    "cluster": "cluster_7",
                    "value": 18.1
                },
                {
                    "cluster": "cluster_8",
                    "value": 17.737103022562806
                },
                {
                    "cluster": "cluster_9",
                    "value": 3.3801995884773666
                }
            ]
        },
        {
            "variable": "RAD",
            "var": 91.69,
            "values": [
                {
                    "cluster": "cluster_0",
                    "value": 24.0
                },
                {
                    "cluster": "cluster_1",
                    "value": 4.676923076923077
                },
                {
                    "cluster": "cluster_10",
                    "value": 5.7272727272727275
                },
                {
                    "cluster": "cluster_11",
                    "value": 5.0
                },
                {
                    "cluster": "cluster_12",
                    "value": 4.52
                },
                {
                    "cluster": "cluster_13",
                    "value": 3.066666666666667
                },
                {
                    "cluster": "cluster_14",
                    "value": 24.0
                },
                {
                    "cluster": "cluster_2",
                    "value": 4.758620689655173
                },
                {
                    "cluster": "cluster_3",
                    "value": 5.0
                },
                {
                    "cluster": "cluster_4",
                    "value": 4.390243902439025
                },
                {
                    "cluster": "cluster_5",
                    "value": 24.0
                },
                {
                    "cluster": "cluster_6",
                    "value": 3.4782608695652173
                },
                {
                    "cluster": "cluster_7",
                    "value": 24.0
                },
                {
                    "cluster": "cluster_8",
                    "value": 24.0
                },
                {
                    "cluster": "cluster_9",
                    "value": 3.6
                }
            ]
        },
        {
            "variable": "LSTAT",
            "var": 58.29,
            "values": [
                {
                    "cluster": "cluster_0",
                    "value": 5.913333333333334
                },
                {
                    "cluster": "cluster_1",
                    "value": 9.240026590693253
                },
                {
                    "cluster": "cluster_10",
                    "value": 6.489584736251402
                },
                {
                    "cluster": "cluster_11",
                    "value": 22.13363636363636
                },
                {
                    "cluster": "cluster_12",
                    "value": 15.349889711934157
                },
                {
                    "cluster": "cluster_13",
                    "value": 4.408666666666667
                },
                {
                    "cluster": "cluster_14",
                    "value": 26.617619047619037
                },
                {
                    "cluster": "cluster_2",
                    "value": 5.774325244785016
                },
                {
                    "cluster": "cluster_3",
                    "value": 10.74923076923077
                },
                {
                    "cluster": "cluster_4",
                    "value": 7.17170731707317
                },
                {
                    "cluster": "cluster_5",
                    "value": 21.058928571428567
                },
                {
                    "cluster": "cluster_6",
                    "value": 18.984347826086957
                },
                {
                    "cluster": "cluster_7",
                    "value": 24.447499999999998
                },
                {
                    "cluster": "cluster_8",
                    "value": 15.30493614303959
                },
                {
                    "cluster": "cluster_9",
                    "value": 7.088271604938271
                }
            ]
        },
        {
            "variable": "NOX",
            "var": 0.02,
            "values": [
                {
                    "cluster": "cluster_0",
                    "value": 0.6516666666666667
                },
                {
                    "cluster": "cluster_1",
                    "value": 0.4582600000000001
                },
                {
                    "cluster": "cluster_10",
                    "value": 0.5775863636363636
                },
                {
                    "cluster": "cluster_11",
                    "value": 0.8710000000000003
                },
                {
                    "cluster": "cluster_12",
                    "value": 0.529066666666667
                },
                {
                    "cluster": "cluster_13",
                    "value": 0.40808000000000005
                },
                {
                    "cluster": "cluster_14",
                    "value": 0.6808095238095239
                },
                {
                    "cluster": "cluster_2",
                    "value": 0.4384758620689654
                },
                {
                    "cluster": "cluster_3",
                    "value": 0.6159999999999999
                },
                {
                    "cluster": "cluster_4",
                    "value": 0.4953170731707317
                },
                {
                    "cluster": "cluster_5",
                    "value": 0.6703571428571429
                },
                {
                    "cluster": "cluster_6",
                    "value": 0.6095217391304348
                },
                {
                    "cluster": "cluster_7",
                    "value": 0.6839999999999999
                },
                {
                    "cluster": "cluster_8",
                    "value": 0.6750344827586202
                },
                {
                    "cluster": "cluster_9",
                    "value": 0.40889999999999993
                }
            ]
        },
        {
            "variable": "RM",
            "var": 0.49,
            "values": [
                {
                    "cluster": "cluster_0",
                    "value": 5.720166666666667
                },
                {
                    "cluster": "cluster_1",
                    "value": 6.1672769230769235
                },
                {
                    "cluster": "cluster_10",
                    "value": 7.839681818181819
                },
                {
                    "cluster": "cluster_11",
                    "value": 5.506454545454545
                },
                {
                    "cluster": "cluster_12",
                    "value": 5.925839999999999
                },
                {
                    "cluster": "cluster_13",
                    "value": 7.384666666666665
                },
                {
                    "cluster": "cluster_14",
                    "value": 5.256619047619049
                },
                {
                    "cluster": "cluster_2",
                    "value": 6.918172413793104
                },
                {
                    "cluster": "cluster_3",
                    "value": 6.079307692307693
                },
                {
                    "cluster": "cluster_4",
                    "value": 6.81229268292683
                },
                {
                    "cluster": "cluster_5",
                    "value": 6.16407142857143
                },
                {
                    "cluster": "cluster_6",
                    "value": 5.870260869565217
                },
                {
                    "cluster": "cluster_7",
                    "value": 5.781750000000001
                },
                {
                    "cluster": "cluster_8",
                    "value": 6.310706896551722
                },
                {
                    "cluster": "cluster_9",
                    "value": 6.3314499999999985
                }
            ]
        },
        {
            "variable": "AGE",
            "var": 680.99,
            "values": [
                {
                    "cluster": "cluster_0",
                    "value": 90.05308641975309
                },
                {
                    "cluster": "cluster_1",
                    "value": 39.067977207977215
                },
                {
                    "cluster": "cluster_10",
                    "value": 78.40622895622894
                },
                {
                    "cluster": "cluster_11",
                    "value": 95.07441077441077
                },
                {
                    "cluster": "cluster_12",
                    "value": 78.08365432098765
                },
                {
                    "cluster": "cluster_13",
                    "value": 26.913333333333334
                },
                {
                    "cluster": "cluster_14",
                    "value": 96.08095238095238
                },
                {
                    "cluster": "cluster_2",
                    "value": 35.22541507024266
                },
                {
                    "cluster": "cluster_3",
                    "value": 88.47692307692309
                },
                {
                    "cluster": "cluster_4",
                    "value": 69.53170731707318
                },
                {
                    "cluster": "cluster_5",
                    "value": 88.90066137566136
                },
                {
                    "cluster": "cluster_6",
                    "value": 91.58421900161031
                },
                {
                    "cluster": "cluster_7",
                    "value": 97.975
                },
                {
                    "cluster": "cluster_8",
                    "value": 87.22100893997445
                },
                {
                    "cluster": "cluster_9",
                    "value": 30.689999999999998
                }
            ]
        },
        {
            "variable": "cluster_size",
            "var": 468.35,
            "values": [
                {
                    "cluster": "cluster_12",
                    "value": 75
                },
                {
                    "cluster": "cluster_1",
                    "value": 65
                },
                {
                    "cluster": "cluster_8",
                    "value": 58
                },
                {
                    "cluster": "cluster_4",
                    "value": 41
                },
                {
                    "cluster": "cluster_2",
                    "value": 29
                },
                {
                    "cluster": "cluster_5",
                    "value": 28
                },
                {
                    "cluster": "cluster_6",
                    "value": 23
                },
                {
                    "cluster": "cluster_10",
                    "value": 22
                },
                {
                    "cluster": "cluster_14",
                    "value": 21
                },
                {
                    "cluster": "cluster_9",
                    "value": 20
                },
                {
                    "cluster": "cluster_13",
                    "value": 15
                },
                {
                    "cluster": "cluster_3",
                    "value": 13
                },
                {
                    "cluster": "cluster_11",
                    "value": 11
                },
                {
                    "cluster": "cluster_0",
                    "value": 6
                },
                {
                    "cluster": "cluster_7",
                    "value": 4
                }
            ]
        }
    ],
    "summary": {
        "clusters": []
    }
}