{
    "featuresDistribution": {
        "date": {
            "type": "CATEGORY",
            "nbDistinct": 10,
            "count": 21951,
            "missingCount": 0.0,
            "values": {
                "scale": [
                    "2016-01",
                    "2016-08",
                    "2016-02",
                    "2016-05",
                    "2016-06",
                    "2016-09",
                    "2016-04",
                    "2016-12",
                    "2016-11",
                    "2016-03"
                ],
                "distribution": [
                    0.15730490638239716,
                    0.1477837000592228,
                    0.13256799234659014,
                    0.1294701835907248,
                    0.10158990478793677,
                    0.10108878866566444,
                    0.06063505079495239,
                    0.05758279805020272,
                    0.05639834176119539,
                    0.055578333561113386
                ]
            }
        },
        "severity": {
            "type": "NUMERIC",
            "nbDistinct": 4,
            "count": 21951,
            "missingCount": 0.0,
            "histogram": {
                "scale": [
                    1.0,
                    1.0612244897959184,
                    1.1224489795918366,
                    1.183673469387755,
                    1.2448979591836735,
                    1.306122448979592,
                    1.3673469387755102,
                    1.4285714285714286,
                    1.489795918367347,
                    1.5510204081632653,
                    1.6122448979591837,
                    1.6734693877551021,
                    1.7346938775510203,
                    1.7959183673469388,
                    1.8571428571428572,
                    1.9183673469387754,
                    1.9795918367346939,
                    2.0408163265306123,
                    2.1020408163265305,
                    2.163265306122449,
                    2.2244897959183674,
                    2.2857142857142856,
                    2.3469387755102042,
                    2.4081632653061225,
                    2.4693877551020407,
                    2.5306122448979593,
                    2.5918367346938775,
                    2.6530612244897958,
                    2.7142857142857144,
                    2.7755102040816326,
                    2.836734693877551,
                    2.8979591836734695,
                    2.9591836734693877,
                    3.020408163265306,
                    3.0816326530612246,
                    3.142857142857143,
                    3.204081632653061,
                    3.2653061224489797,
                    3.326530612244898,
                    3.387755102040816,
                    3.4489795918367347,
                    3.510204081632653,
                    3.571428571428571,
                    3.63265306122449,
                    3.693877551020408,
                    3.7551020408163263,
                    3.816326530612245,
                    3.877551020408163,
                    3.9387755102040813,
                    4.0
                ],
                "distribution": [
                    0.645300897453419,
                    0.0,
                    0.0,
                    0.0,
                    0.0,
                    0.0,
                    0.0,
                    0.0,
                    0.0,
                    0.0,
                    0.0,
                    0.0,
                    0.0,
                    0.0,
                    0.0,
                    0.0,
                    0.1569860143045875,
                    0.0,
                    0.0,
                    0.0,
                    0.0,
                    0.0,
                    0.0,
                    0.0,
                    0.0,
                    0.0,
                    0.0,
                    0.0,
                    0.0,
                    0.0,
                    0.0,
                    0.0,
                    0.14500478338116715,
                    0.0,
                    0.0,
                    0.0,
                    0.0,
                    0.0,
                    0.0,
                    0.0,
                    0.0,
                    0.0,
                    0.0,
                    0.0,
                    0.0,
                    0.0,
                    0.0,
                    0.0,
                    0.05270830486082639
                ]
            },
            "quantiles": {
                "scale": [
                    1.0,
                    1.0,
                    1.0,
                    1.0,
                    1.0,
                    1.0,
                    1.5,
                    2.0,
                    2.5,
                    3.5
                ],
                "distribution": [
                    0.0,
                    0.0,
                    0.0,
                    0.0,
                    0.0,
                    0.0,
                    0.645300897453419,
                    0.0,
                    0.1569860143045875,
                    0.19771308824199352
                ]
            },
            "topValues": [
                {
                    "value": 1.0,
                    "count": 14165.0
                },
                {
                    "value": 2.0,
                    "count": 3446.0
                },
                {
                    "value": 3.0,
                    "count": 3183.0
                },
                {
                    "value": 4.0,
                    "count": 1157.0
                }
            ]
        },
        "tip_adm": {
            "type": "NUMERIC",
            "nbDistinct": 4,
            "count": 21951,
            "missingCount": 2.0,
            "histogram": {
                "scale": [
                    1.0,
                    1.0408163265306123,
                    1.0816326530612246,
                    1.1224489795918366,
                    1.163265306122449,
                    1.2040816326530612,
                    1.2448979591836735,
                    1.2857142857142856,
                    1.3265306122448979,
                    1.3673469387755102,
                    1.4081632653061225,
                    1.4489795918367347,
                    1.489795918367347,
                    1.530612244897959,
                    1.5714285714285714,
                    1.6122448979591835,
                    1.6530612244897958,
                    1.693877551020408,
                    1.7346938775510203,
                    1.7755102040816326,
                    1.816326530612245,
                    1.8571428571428572,
                    1.8979591836734693,
                    1.9387755102040816,
                    1.9795918367346939,
                    2.020408163265306,
                    2.061224489795918,
                    2.1020408163265305,
                    2.142857142857143,
                    2.183673469387755,
                    2.224489795918367,
                    2.2653061224489797,
                    2.3061224489795915,
                    2.3469387755102042,
                    2.387755102040816,
                    2.4285714285714284,
                    2.4693877551020407,
                    2.510204081632653,
                    2.5510204081632653,
                    2.591836734693877,
                    2.63265306122449,
                    2.6734693877551017,
                    2.7142857142857144,
                    2.7551020408163263,
                    2.7959183673469385,
                    2.836734693877551,
                    2.877551020408163,
                    2.9183673469387754,
                    2.9591836734693877,
                    3.0
                ],
                "distribution": [
                    0.742676203927286,
                    0.0,
                    0.0,
                    0.0,
                    0.0,
                    0.0,
                    0.0,
                    0.0,
                    0.0,
                    0.0,
                    0.0,
                    0.0,
                    0.0,
                    0.0,
                    0.0,
                    0.0,
                    0.0,
                    0.0,
                    0.0,
                    0.0,
                    0.0,
                    0.0,
                    0.0,
                    0.0,
                    0.24411134903640258,
                    0.0,
                    0.0,
                    0.0,
                    0.0,
                    0.0,
                    0.0,
                    0.0,
                    0.0,
                    0.0,
                    0.0,
                    0.0,
                    0.0,
                    0.0,
                    0.0,
                    0.0,
                    0.0,
                    0.0,
                    0.0,
                    0.0,
                    0.0,
                    0.0,
                    0.0,
                    0.0,
                    0.013212447036311449
                ]
            },
            "quantiles": {
                "scale": [
                    1.0,
                    1.0,
                    1.0,
                    1.0,
                    1.0,
                    1.0,
                    1.0,
                    1.5,
                    2.0,
                    2.5
                ],
                "distribution": [
                    0.0,
                    0.0,
                    0.0,
                    0.0,
                    0.0,
                    0.0,
                    0.0,
                    0.742676203927286,
                    0.0,
                    0.257323796072714
                ]
            },
            "topValues": [
                {
                    "value": 1.0,
                    "count": 16301.0
                },
                {
                    "value": 2.0,
                    "count": 5358.0
                },
                {
                    "value": 3.0,
                    "count": 290.0
                }
            ]
        },
        "expected_length": {
            "type": "NUMERIC",
            "nbDistinct": 92,
            "count": 21951,
            "missingCount": 0.0,
            "histogram": {
                "scale": [
                    0.0,
                    8.979591836734693,
                    17.959183673469386,
                    26.93877551020408,
                    35.91836734693877,
                    44.897959183673464,
                    53.87755102040816,
                    62.857142857142854,
                    71.83673469387755,
                    80.81632653061224,
                    89.79591836734693,
                    98.77551020408163,
                    107.75510204081633,
                    116.73469387755101,
                    125.71428571428571,
                    134.6938775510204,
                    143.6734693877551,
                    152.6530612244898,
                    161.6326530612245,
                    170.61224489795916,
                    179.59183673469386,
                    188.57142857142856,
                    197.55102040816325,
                    206.53061224489795,
                    215.51020408163265,
                    224.48979591836732,
                    233.46938775510202,
                    242.44897959183672,
                    251.42857142857142,
                    260.4081632653061,
                    269.3877551020408,
                    278.3673469387755,
                    287.3469387755102,
                    296.3265306122449,
                    305.3061224489796,
                    314.2857142857143,
                    323.265306122449,
                    332.2448979591837,
                    341.2244897959183,
                    350.204081632653,
                    359.1836734693877,
                    368.1632653061224,
                    377.1428571428571,
                    386.1224489795918,
                    395.1020408163265,
                    404.0816326530612,
                    413.0612244897959,
                    422.0408163265306,
                    431.0204081632653,
                    440.0
                ],
                "distribution": [
                    0.8675231196756412,
                    0.09457427907612409,
                    0.02259578151337069,
                    0.007607853856316341,
                    0.0037355929114846705,
                    0.0014577923557013348,
                    0.0008655642111976675,
                    0.00045556011115666713,
                    0.0003644480889253337,
                    0.00022778005557833357,
                    0.0,
                    0.00013666803334700013,
                    4.555601111566671e-05,
                    4.555601111566671e-05,
                    0.0,
                    0.00013666803334700013,
                    0.00013666803334700013,
                    0.0,
                    0.0,
                    0.0,
                    0.0,
                    0.0,
                    0.0,
                    0.0,
                    4.555601111566671e-05,
                    0.0,
                    0.0,
                    0.0,
                    0.0,
                    0.0,
                    0.0,
                    0.0,
                    0.0,
                    0.0,
                    0.0,
                    0.0,
                    0.0,
                    0.0,
                    0.0,
                    0.0,
                    0.0,
                    0.0,
                    0.0,
                    0.0,
                    0.0,
                    0.0,
                    0.0,
                    0.0,
                    4.555601111566671e-05
                ]
            },
            "quantiles": {
                "scale": [
                    0.5,
                    1.5,
                    2.0,
                    2.0,
                    2.5,
                    3.5,
                    4.5,
                    6.0,
                    8.5,
                    225.0
                ],
                "distribution": [
                    0.03872260944831671,
                    0.16031160311603115,
                    0.0,
                    0.0,
                    0.2026786934536012,
                    0.1675094528723065,
                    0.09876543209876543,
                    0.1263268188237438,
                    0.09284315065372876,
                    0.11284223953350644
                ]
            },
            "topValues": [
                {
                    "value": 2.0,
                    "count": 4449.0
                },
                {
                    "value": 3.0,
                    "count": 3677.0
                },
                {
                    "value": 1.0,
                    "count": 3519.0
                },
                {
                    "value": 4.0,
                    "count": 2168.0
                },
                {
                    "value": 5.0,
                    "count": 1552.0
                },
                {
                    "value": 6.0,
                    "count": 1221.0
                },
                {
                    "value": 7.0,
                    "count": 928.0
                },
                {
                    "value": 0.0,
                    "count": 850.0
                },
                {
                    "value": 8.0,
                    "count": 679.0
                },
                {
                    "value": 9.0,
                    "count": 431.0
                },
                {
                    "value": 10.0,
                    "count": 394.0
                },
                {
                    "value": 11.0,
                    "count": 288.0
                },
                {
                    "value": 12.0,
                    "count": 253.0
                },
                {
                    "value": 13.0,
                    "count": 212.0
                },
                {
                    "value": 14.0,
                    "count": 165.0
                },
                {
                    "value": 15.0,
                    "count": 137.0
                },
                {
                    "value": 16.0,
                    "count": 107.0
                },
                {
                    "value": 18.0,
                    "count": 92.0
                },
                {
                    "value": 17.0,
                    "count": 89.0
                },
                {
                    "value": 20.0,
                    "count": 79.0
                },
                {
                    "value": 22.0,
                    "count": 62.0
                },
                {
                    "value": 19.0,
                    "count": 61.0
                },
                {
                    "value": 21.0,
                    "count": 60.0
                },
                {
                    "value": 23.0,
                    "count": 48.0
                },
                {
                    "value": 24.0,
                    "count": 37.0
                },
                {
                    "value": 25.0,
                    "count": 34.0
                },
                {
                    "value": 28.0,
                    "count": 27.0
                },
                {
                    "value": 29.0,
                    "count": 26.0
                },
                {
                    "value": 26.0,
                    "count": 23.0
                },
                {
                    "value": 27.0,
                    "count": 22.0
                },
                {
                    "value": 31.0,
                    "count": 21.0
                },
                {
                    "value": 35.0,
                    "count": 19.0
                },
                {
                    "value": 30.0,
                    "count": 17.0
                },
                {
                    "value": 32.0,
                    "count": 14.0
                },
                {
                    "value": 38.0,
                    "count": 14.0
                },
                {
                    "value": 36.0,
                    "count": 13.0
                },
                {
                    "value": 33.0,
                    "count": 11.0
                },
                {
                    "value": 34.0,
                    "count": 10.0
                },
                {
                    "value": 40.0,
                    "count": 10.0
                },
                {
                    "value": 41.0,
                    "count": 10.0
                },
                {
                    "value": 37.0,
                    "count": 8.0
                },
                {
                    "value": 43.0,
                    "count": 8.0
                },
                {
                    "value": 44.0,
                    "count": 7.0
                },
                {
                    "value": 39.0,
                    "count": 6.0
                },
                {
                    "value": 42.0,
                    "count": 6.0
                },
                {
                    "value": 48.0,
                    "count": 6.0
                },
                {
                    "value": 47.0,
                    "count": 5.0
                },
                {
                    "value": 61.0,
                    "count": 5.0
                },
                {
                    "value": 51.0,
                    "count": 4.0
                },
                {
                    "value": 52.0,
                    "count": 4.0
                }
            ]
        },
        "tip_grd": {
            "type": "CATEGORY",
            "nbDistinct": 2,
            "count": 21951,
            "missingCount": 0.0,
            "values": {
                "scale": [
                    "M",
                    "Q"
                ],
                "distribution": [
                    0.707758188692998,
                    0.29224181130700194
                ]
            }
        },
        "mortality_ratio": {
            "type": "NUMERIC",
            "nbDistinct": 617,
            "count": 21951,
            "missingCount": 0.0,
            "histogram": {
                "scale": [
                    0.0,
                    0.01360544218367347,
                    0.02721088436734694,
                    0.04081632655102041,
                    0.05442176873469388,
                    0.06802721091836735,
                    0.08163265310204082,
                    0.09523809528571428,
                    0.10884353746938775,
                    0.12244897965306123,
                    0.1360544218367347,
                    0.14965986402040815,
                    0.16326530620408164,
                    0.1768707483877551,
                    0.19047619057142856,
                    0.20408163275510205,
                    0.2176870749387755,
                    0.23129251712244897,
                    0.24489795930612246,
                    0.2585034014897959,
                    0.2721088436734694,
                    0.28571428585714287,
                    0.2993197280408163,
                    0.3129251702244898,
                    0.3265306124081633,
                    0.3401360545918367,
                    0.3537414967755102,
                    0.3673469389591837,
                    0.3809523811428571,
                    0.3945578233265306,
                    0.4081632655102041,
                    0.42176870769387753,
                    0.435374149877551,
                    0.4489795920612245,
                    0.46258503424489794,
                    0.47619047642857143,
                    0.4897959186122449,
                    0.5034013607959184,
                    0.5170068029795918,
                    0.5306122451632653,
                    0.5442176873469388,
                    0.5578231295306122,
                    0.5714285717142857,
                    0.5850340138979592,
                    0.5986394560816326,
                    0.6122448982653061,
                    0.6258503404489796,
                    0.639455782632653,
                    0.6530612248163266,
                    0.666666667
                ],
                "distribution": [
                    0.6996492187144093,
                    0.04669491139355838,
                    0.0697918090292014,
                    0.01079677463441301,
                    0.023051341624527356,
                    0.034531456425675365,
                    0.020409092979818688,
                    0.012664571090155346,
                    0.004555601111566671,
                    0.010705662612181678,
                    0.004510045100451004,
                    0.0024600246002460025,
                    0.02218577741332969,
                    0.000956676233429001,
                    0.0030978087558653365,
                    0.0007288961778506674,
                    0.0016400164001640015,
                    0.0013666803334700013,
                    0.0024144685891303356,
                    0.0006833401667350006,
                    0.004236709033757004,
                    0.012026786934536012,
                    0.000956676233429001,
                    0.0024144685891303356,
                    0.0005466721333880005,
                    0.00022778005557833357,
                    0.0013211243223543348,
                    0.000318892077809667,
                    0.000637784155619334,
                    0.0008655642111976675,
                    0.0013666803334700013,
                    0.000318892077809667,
                    9.111202223133342e-05,
                    0.00027333606669400026,
                    0.00022778005557833357,
                    0.00018222404446266685,
                    0.00022778005557833357,
                    0.0,
                    0.0,
                    0.0007744521889663341,
                    4.555601111566671e-05,
                    0.0,
                    0.0,
                    0.0,
                    0.0,
                    0.0,
                    0.0,
                    0.0,
                    4.555601111566671e-05
                ]
            },
            "quantiles": {
                "scale": [
                    0.0,
                    0.0,
                    0.0,
                    0.0001668225,
                    0.0006931385,
                    0.0016873065,
                    0.007990259,
                    0.0238560815,
                    0.0616004565,
                    0.37790697700000003
                ],
                "distribution": [
                    0.0,
                    0.0,
                    0.0,
                    0.38503940594961505,
                    0.11165778324449911,
                    0.09972210833219443,
                    0.1034577012436791,
                    0.0938909389093891,
                    0.10614550589950345,
                    0.10008655642111977
                ]
            },
            "topValues": [
                {
                    "value": 0.0,
                    "count": 6777.0
                },
                {
                    "value": 0.03042715,
                    "count": 562.0
                },
                {
                    "value": 0.000284118,
                    "count": 393.0
                },
                {
                    "value": 0.000333645,
                    "count": 365.0
                },
                {
                    "value": 0.074278233,
                    "count": 328.0
                },
                {
                    "value": 9.62e-05,
                    "count": 260.0
                },
                {
                    "value": 0.068581375,
                    "count": 255.0
                },
                {
                    "value": 0.000579912,
                    "count": 250.0
                },
                {
                    "value": 0.000413976,
                    "count": 243.0
                },
                {
                    "value": 0.002026479,
                    "count": 235.0
                },
                {
                    "value": 0.082355407,
                    "count": 218.0
                },
                {
                    "value": 0.000571919,
                    "count": 212.0
                },
                {
                    "value": 0.028365137,
                    "count": 206.0
                },
                {
                    "value": 0.000186324,
                    "count": 173.0
                },
                {
                    "value": 0.031821561,
                    "count": 169.0
                },
                {
                    "value": 0.172732638,
                    "count": 169.0
                },
                {
                    "value": 0.000171292,
                    "count": 164.0
                },
                {
                    "value": 0.034053626,
                    "count": 152.0
                },
                {
                    "value": 0.288880814,
                    "count": 142.0
                },
                {
                    "value": 0.000171821,
                    "count": 141.0
                },
                {
                    "value": 0.000191058,
                    "count": 140.0
                },
                {
                    "value": 0.015588723,
                    "count": 140.0
                },
                {
                    "value": 0.002287831,
                    "count": 139.0
                },
                {
                    "value": 0.000866176,
                    "count": 138.0
                },
                {
                    "value": 0.002093061,
                    "count": 135.0
                },
                {
                    "value": 0.000634618,
                    "count": 124.0
                },
                {
                    "value": 0.000299043,
                    "count": 123.0
                },
                {
                    "value": 0.004233188,
                    "count": 122.0
                },
                {
                    "value": 0.005004448,
                    "count": 122.0
                },
                {
                    "value": 0.001079447,
                    "count": 120.0
                },
                {
                    "value": 0.000343879,
                    "count": 118.0
                },
                {
                    "value": 0.174130864,
                    "count": 118.0
                },
                {
                    "value": 0.096312714,
                    "count": 115.0
                },
                {
                    "value": 0.166807551,
                    "count": 114.0
                },
                {
                    "value": 0.056943736,
                    "count": 113.0
                },
                {
                    "value": 0.000177778,
                    "count": 110.0
                },
                {
                    "value": 0.001937046,
                    "count": 110.0
                },
                {
                    "value": 0.002321981,
                    "count": 105.0
                },
                {
                    "value": 0.011334364,
                    "count": 101.0
                },
                {
                    "value": 0.000632511,
                    "count": 100.0
                },
                {
                    "value": 0.001052632,
                    "count": 99.0
                },
                {
                    "value": 0.05561993,
                    "count": 98.0
                },
                {
                    "value": 0.130859375,
                    "count": 93.0
                },
                {
                    "value": 0.000605816,
                    "count": 90.0
                },
                {
                    "value": 0.002006018,
                    "count": 88.0
                },
                {
                    "value": 0.040451895,
                    "count": 88.0
                },
                {
                    "value": 0.001605136,
                    "count": 84.0
                },
                {
                    "value": 0.015525334,
                    "count": 84.0
                },
                {
                    "value": 0.00109505,
                    "count": 80.0
                },
                {
                    "value": 0.001577785,
                    "count": 75.0
                }
            ]
        },
        "num_proc": {
            "type": "NUMERIC",
            "nbDistinct": 23,
            "count": 21951,
            "missingCount": 0.0,
            "histogram": {
                "scale": [
                    0.0,
                    0.4489795918367347,
                    0.8979591836734694,
                    1.346938775510204,
                    1.7959183673469388,
                    2.2448979591836733,
                    2.693877551020408,
                    3.142857142857143,
                    3.5918367346938775,
                    4.040816326530612,
                    4.489795918367347,
                    4.938775510204081,
                    5.387755102040816,
                    5.836734693877551,
                    6.285714285714286,
                    6.73469387755102,
                    7.183673469387755,
                    7.63265306122449,
                    8.081632653061224,
                    8.53061224489796,
                    8.979591836734693,
                    9.428571428571429,
                    9.877551020408163,
                    10.326530612244898,
                    10.775510204081632,
                    11.224489795918368,
                    11.673469387755102,
                    12.122448979591837,
                    12.571428571428571,
                    13.020408163265307,
                    13.46938775510204,
                    13.918367346938776,
                    14.36734693877551,
                    14.816326530612244,
                    15.26530612244898,
                    15.714285714285714,
                    16.163265306122447,
                    16.612244897959183,
                    17.06122448979592,
                    17.510204081632654,
                    17.959183673469386,
                    18.408163265306122,
                    18.857142857142858,
                    19.306122448979593,
                    19.755102040816325,
                    20.20408163265306,
                    20.653061224489797,
                    21.102040816326532,
                    21.551020408163264,
                    22.0
                ],
                "distribution": [
                    0.016536832034987018,
                    0.0,
                    0.12805794724613911,
                    0.0,
                    0.1783062275067195,
                    0.0,
                    0.17839733952895084,
                    0.0,
                    0.1543437656598788,
                    0.0,
                    0.0,
                    0.11143000318892078,
                    0.0,
                    0.07858411917452508,
                    0.0,
                    0.05498610541660972,
                    0.0,
                    0.03412145232563437,
                    0.0,
                    0.0,
                    0.023370233702337023,
                    0.0,
                    0.013211243223543346,
                    0.0,
                    0.008746754134208008,
                    0.0,
                    0.005785613411689672,
                    0.0,
                    0.0034167008336750035,
                    0.0,
                    0.0,
                    0.002870028700287003,
                    0.0,
                    0.0015033483668170015,
                    0.0,
                    0.001731128422395335,
                    0.0,
                    0.0010022322445446678,
                    0.0,
                    0.0,
                    0.0007288961778506674,
                    0.0,
                    0.0005011161222723339,
                    0.0,
                    0.000318892077809667,
                    0.0,
                    0.0005922281445036673,
                    0.0,
                    0.0014577923557013348
                ]
            },
            "quantiles": {
                "scale": [
                    0.5,
                    1.5,
                    2.0,
                    2.5,
                    3.0,
                    3.5,
                    4.5,
                    5.5,
                    6.5,
                    14.5
                ],
                "distribution": [
                    0.016536832034987018,
                    0.12805794724613911,
                    0.0,
                    0.1783062275067195,
                    0.0,
                    0.17839733952895084,
                    0.1543437656598788,
                    0.11143000318892078,
                    0.07858411917452508,
                    0.1543437656598788
                ]
            },
            "topValues": [
                {
                    "value": 3.0,
                    "count": 3916.0
                },
                {
                    "value": 2.0,
                    "count": 3914.0
                },
                {
                    "value": 4.0,
                    "count": 3388.0
                },
                {
                    "value": 1.0,
                    "count": 2811.0
                },
                {
                    "value": 5.0,
                    "count": 2446.0
                },
                {
                    "value": 6.0,
                    "count": 1725.0
                },
                {
                    "value": 7.0,
                    "count": 1207.0
                },
                {
                    "value": 8.0,
                    "count": 749.0
                },
                {
                    "value": 9.0,
                    "count": 513.0
                },
                {
                    "value": 0.0,
                    "count": 363.0
                },
                {
                    "value": 10.0,
                    "count": 290.0
                },
                {
                    "value": 11.0,
                    "count": 192.0
                },
                {
                    "value": 12.0,
                    "count": 127.0
                },
                {
                    "value": 13.0,
                    "count": 75.0
                },
                {
                    "value": 14.0,
                    "count": 63.0
                },
                {
                    "value": 16.0,
                    "count": 38.0
                },
                {
                    "value": 15.0,
                    "count": 33.0
                },
                {
                    "value": 22.0,
                    "count": 32.0
                },
                {
                    "value": 17.0,
                    "count": 22.0
                },
                {
                    "value": 18.0,
                    "count": 16.0
                },
                {
                    "value": 21.0,
                    "count": 13.0
                },
                {
                    "value": 19.0,
                    "count": 11.0
                },
                {
                    "value": 20.0,
                    "count": 7.0
                }
            ]
        },
        "origin": {
            "type": "NUMERIC",
            "nbDistinct": 8,
            "count": 21951,
            "missingCount": 0.0,
            "histogram": {
                "scale": [
                    1.0,
                    1.163265306122449,
                    1.3265306122448979,
                    1.489795918367347,
                    1.6530612244897958,
                    1.816326530612245,
                    1.9795918367346939,
                    2.142857142857143,
                    2.3061224489795915,
                    2.4693877551020407,
                    2.63265306122449,
                    2.7959183673469385,
                    2.9591836734693877,
                    3.1224489795918364,
                    3.2857142857142856,
                    3.4489795918367343,
                    3.6122448979591835,
                    3.7755102040816326,
                    3.9387755102040813,
                    4.1020408163265305,
                    4.26530612244898,
                    4.428571428571429,
                    4.591836734693877,
                    4.755102040816326,
                    4.918367346938775,
                    5.081632653061225,
                    5.244897959183673,
                    5.408163265306122,
                    5.571428571428571,
                    5.73469387755102,
                    5.897959183673469,
                    6.061224489795918,
                    6.224489795918367,
                    6.387755102040816,
                    6.551020408163265,
                    6.7142857142857135,
                    6.877551020408163,
                    7.040816326530612,
                    7.204081632653061,
                    7.367346938775509,
                    7.530612244897958,
                    7.693877551020408,
                    7.857142857142857,
                    8.020408163265305,
                    8.183673469387754,
                    8.346938775510203,
                    8.510204081632653,
                    8.673469387755102,
                    8.83673469387755,
                    9.0
                ],
                "distribution": [
                    0.7427452052298301,
                    0.0,
                    0.0,
                    0.0,
                    0.0,
                    0.0,
                    0.18021957997357752,
                    0.0,
                    0.0,
                    0.0,
                    0.0,
                    0.0,
                    0.01690128012391235,
                    0.0,
                    0.0,
                    0.0,
                    0.0,
                    0.0,
                    0.01981686483531502,
                    0.0,
                    0.0,
                    0.0,
                    0.0,
                    0.0,
                    0.0,
                    0.0,
                    0.0,
                    0.0,
                    0.0,
                    0.0,
                    0.013211243223543346,
                    0.0,
                    0.0,
                    0.0,
                    0.0,
                    0.0,
                    0.00013666803334700013,
                    0.0,
                    0.0,
                    0.0,
                    0.0,
                    0.0,
                    0.01858685253519202,
                    0.0,
                    0.0,
                    0.0,
                    0.0,
                    0.0,
                    0.008382306045282674
                ]
            },
            "quantiles": {
                "scale": [
                    1.0,
                    1.0,
                    1.0,
                    1.0,
                    1.0,
                    1.0,
                    1.0,
                    1.5,
                    2.0,
                    5.5
                ],
                "distribution": [
                    0.0,
                    0.0,
                    0.0,
                    0.0,
                    0.0,
                    0.0,
                    0.0,
                    0.7427452052298301,
                    0.0,
                    0.25725479477016994
                ]
            },
            "topValues": [
                {
                    "value": 1.0,
                    "count": 16304.0
                },
                {
                    "value": 2.0,
                    "count": 3956.0
                },
                {
                    "value": 4.0,
                    "count": 435.0
                },
                {
                    "value": 8.0,
                    "count": 408.0
                },
                {
                    "value": 3.0,
                    "count": 371.0
                },
                {
                    "value": 6.0,
                    "count": 290.0
                },
                {
                    "value": 9.0,
                    "count": 184.0
                },
                {
                    "value": 7.0,
                    "count": 3.0
                }
            ]
        },
        "ambulatory": {
            "type": "NUMERIC",
            "nbDistinct": 2,
            "count": 21951,
            "missingCount": 0.0,
            "histogram": {
                "scale": [
                    0.0,
                    0.02040816326530612,
                    0.04081632653061224,
                    0.061224489795918366,
                    0.08163265306122448,
                    0.1020408163265306,
                    0.12244897959183673,
                    0.14285714285714285,
                    0.16326530612244897,
                    0.18367346938775508,
                    0.2040816326530612,
                    0.22448979591836732,
                    0.24489795918367346,
                    0.26530612244897955,
                    0.2857142857142857,
                    0.3061224489795918,
                    0.32653061224489793,
                    0.3469387755102041,
                    0.36734693877551017,
                    0.3877551020408163,
                    0.4081632653061224,
                    0.42857142857142855,
                    0.44897959183673464,
                    0.4693877551020408,
                    0.4897959183673469,
                    0.5102040816326531,
                    0.5306122448979591,
                    0.5510204081632653,
                    0.5714285714285714,
                    0.5918367346938775,
                    0.6122448979591836,
                    0.6326530612244897,
                    0.6530612244897959,
                    0.673469387755102,
                    0.6938775510204082,
                    0.7142857142857142,
                    0.7346938775510203,
                    0.7551020408163265,
                    0.7755102040816326,
                    0.7959183673469387,
                    0.8163265306122448,
                    0.836734693877551,
                    0.8571428571428571,
                    0.8775510204081632,
                    0.8979591836734693,
                    0.9183673469387754,
                    0.9387755102040816,
                    0.9591836734693877,
                    0.9795918367346939,
                    1.0
                ],
                "distribution": [
                    0.938636053027197,
                    0.0,
                    0.0,
                    0.0,
                    0.0,
                    0.0,
                    0.0,
                    0.0,
                    0.0,
                    0.0,
                    0.0,
                    0.0,
                    0.0,
                    0.0,
                    0.0,
                    0.0,
                    0.0,
                    0.0,
                    0.0,
                    0.0,
                    0.0,
                    0.0,
                    0.0,
                    0.0,
                    0.0,
                    0.0,
                    0.0,
                    0.0,
                    0.0,
                    0.0,
                    0.0,
                    0.0,
                    0.0,
                    0.0,
                    0.0,
                    0.0,
                    0.0,
                    0.0,
                    0.0,
                    0.0,
                    0.0,
                    0.0,
                    0.0,
                    0.0,
                    0.0,
                    0.0,
                    0.0,
                    0.0,
                    0.06136394697280306
                ]
            },
            "quantiles": {
                "scale": [
                    0.0,
                    0.0,
                    0.0,
                    0.0,
                    0.0,
                    0.0,
                    0.0,
                    0.0,
                    0.0,
                    0.5
                ],
                "distribution": [
                    0.0,
                    0.0,
                    0.0,
                    0.0,
                    0.0,
                    0.0,
                    0.0,
                    0.0,
                    0.0,
                    1.0
                ]
            },
            "topValues": [
                {
                    "value": 0.0,
                    "count": 20604.0
                },
                {
                    "value": 1.0,
                    "count": 1347.0
                }
            ]
        },
        "age": {
            "type": "NUMERIC",
            "nbDistinct": 15265,
            "count": 21951,
            "missingCount": 0.0,
            "histogram": {
                "scale": [
                    0.0,
                    781.469387755102,
                    1562.938775510204,
                    2344.408163265306,
                    3125.877551020408,
                    3907.3469387755104,
                    4688.816326530612,
                    5470.285714285715,
                    6251.755102040816,
                    7033.224489795918,
                    7814.693877551021,
                    8596.163265306122,
                    9377.632653061224,
                    10159.102040816326,
                    10940.57142857143,
                    11722.040816326531,
                    12503.510204081633,
                    13284.979591836734,
                    14066.448979591836,
                    14847.91836734694,
                    15629.387755102041,
                    16410.85714285714,
                    17192.326530612245,
                    17973.79591836735,
                    18755.26530612245,
                    19536.73469387755,
                    20318.20408163265,
                    21099.673469387755,
                    21881.14285714286,
                    22662.61224489796,
                    23444.081632653062,
                    24225.551020408162,
                    25007.020408163266,
                    25788.48979591837,
                    26569.95918367347,
                    27351.428571428572,
                    28132.897959183672,
                    28914.367346938776,
                    29695.83673469388,
                    30477.30612244898,
                    31258.775510204083,
                    32040.244897959183,
                    32821.71428571428,
                    33603.183673469386,
                    34384.65306122449,
                    35166.12244897959,
                    35947.5918367347,
                    36729.06122448979,
                    37510.5306122449,
                    38292.0
                ],
                "distribution": [
                    0.044553778871122045,
                    0.011161222723338344,
                    0.009111202223133342,
                    0.007243405767391007,
                    0.004555601111566671,
                    0.004464489089335338,
                    0.004464489089335338,
                    0.005284497289417339,
                    0.008336750034167008,
                    0.009931210423215344,
                    0.013530135301353014,
                    0.016673500068334016,
                    0.02132021320213202,
                    0.02906473509179536,
                    0.03439478839232837,
                    0.03863149742608537,
                    0.04232153432645438,
                    0.03995262174843971,
                    0.03457701243679103,
                    0.025055806113616692,
                    0.021821329324404354,
                    0.017539064279531683,
                    0.01881463259077035,
                    0.019361304724158354,
                    0.01799462439068835,
                    0.018313516468498017,
                    0.019589084779736685,
                    0.024463577969113026,
                    0.02428135392465036,
                    0.029292515147373695,
                    0.0329825520477427,
                    0.0320258758143137,
                    0.031114755592000363,
                    0.03006696733634003,
                    0.029201403125142363,
                    0.026559154480433694,
                    0.02300578561341169,
                    0.026969158580474693,
                    0.027196938636053027,
                    0.028108058858366362,
                    0.025830258302583026,
                    0.022641337524486355,
                    0.019725752813083686,
                    0.014577923557013348,
                    0.007152293745159674,
                    0.004191153022641337,
                    0.0019589084779736685,
                    0.0005011161222723339,
                    9.111202223133342e-05
                ]
            },
            "quantiles": {
                "scale": [
                    3545.02,
                    9146.34,
                    12198.2,
                    14327.380000000001,
                    17496.5,
                    21275.5,
                    24265.5,
                    26854.04,
                    29685.780000000002,
                    34733.740000000005
                ],
                "distribution": [
                    0.09999544439888844,
                    0.09999544439888844,
                    0.09999544439888844,
                    0.09994988838777277,
                    0.1000410004100041,
                    0.0999043323766571,
                    0.10008655642111977,
                    0.1000410004100041,
                    0.09999544439888844,
                    0.09999544439888844
                ]
            },
            "topValues": [
                {
                    "value": 0.0,
                    "count": 209.0
                },
                {
                    "value": 1.0,
                    "count": 97.0
                },
                {
                    "value": 2.0,
                    "count": 59.0
                },
                {
                    "value": 3.0,
                    "count": 48.0
                },
                {
                    "value": 4.0,
                    "count": 15.0
                },
                {
                    "value": 5.0,
                    "count": 15.0
                },
                {
                    "value": 6.0,
                    "count": 10.0
                },
                {
                    "value": 33.0,
                    "count": 8.0
                },
                {
                    "value": 12350.0,
                    "count": 8.0
                },
                {
                    "value": 12017.0,
                    "count": 7.0
                },
                {
                    "value": 23846.0,
                    "count": 7.0
                },
                {
                    "value": 7.0,
                    "count": 6.0
                },
                {
                    "value": 42.0,
                    "count": 6.0
                },
                {
                    "value": 11161.0,
                    "count": 6.0
                },
                {
                    "value": 12717.0,
                    "count": 6.0
                },
                {
                    "value": 13304.0,
                    "count": 6.0
                },
                {
                    "value": 14278.0,
                    "count": 6.0
                },
                {
                    "value": 26155.0,
                    "count": 6.0
                },
                {
                    "value": 9.0,
                    "count": 5.0
                },
                {
                    "value": 11.0,
                    "count": 5.0
                },
                {
                    "value": 14.0,
                    "count": 5.0
                },
                {
                    "value": 17.0,
                    "count": 5.0
                },
                {
                    "value": 18.0,
                    "count": 5.0
                },
                {
                    "value": 40.0,
                    "count": 5.0
                },
                {
                    "value": 44.0,
                    "count": 5.0
                },
                {
                    "value": 56.0,
                    "count": 5.0
                },
                {
                    "value": 59.0,
                    "count": 5.0
                },
                {
                    "value": 97.0,
                    "count": 5.0
                },
                {
                    "value": 10078.0,
                    "count": 5.0
                },
                {
                    "value": 10550.0,
                    "count": 5.0
                },
                {
                    "value": 10675.0,
                    "count": 5.0
                },
                {
                    "value": 10736.0,
                    "count": 5.0
                },
                {
                    "value": 11379.0,
                    "count": 5.0
                },
                {
                    "value": 11493.0,
                    "count": 5.0
                },
                {
                    "value": 11538.0,
                    "count": 5.0
                },
                {
                    "value": 12312.0,
                    "count": 5.0
                },
                {
                    "value": 12317.0,
                    "count": 5.0
                },
                {
                    "value": 12490.0,
                    "count": 5.0
                },
                {
                    "value": 12634.0,
                    "count": 5.0
                },
                {
                    "value": 12802.0,
                    "count": 5.0
                },
                {
                    "value": 12812.0,
                    "count": 5.0
                },
                {
                    "value": 13152.0,
                    "count": 5.0
                },
                {
                    "value": 13363.0,
                    "count": 5.0
                },
                {
                    "value": 13573.0,
                    "count": 5.0
                },
                {
                    "value": 14072.0,
                    "count": 5.0
                },
                {
                    "value": 14165.0,
                    "count": 5.0
                },
                {
                    "value": 14284.0,
                    "count": 5.0
                },
                {
                    "value": 14368.0,
                    "count": 5.0
                },
                {
                    "value": 14466.0,
                    "count": 5.0
                },
                {
                    "value": 22187.0,
                    "count": 5.0
                }
            ]
        }
    }
}