[
    {
        "test_score_gib": 0.9345077350823412,
        "train_score": 0.9520584112016247,
        "test_score": 0.9345077350823412,
        "num_samples": 4391,
        "fit_time": 3402,
        "score_time": 805,
        "time": 4207,
        "parameters": {
            "max_depth": 6,
            "max_features": "auto",
            "min_samples_leaf": 1,
            "n_estimators": 100,
            "min_samples_split": 3
        },
        "done_at": 1671010325161,
        "split_id": 0
    },
    {
        "test_score_gib": 0.9268565740233663,
        "train_score": 0.9530755887371465,
        "test_score": 0.9268565740233663,
        "num_samples": 4390,
        "fit_time": 3587,
        "score_time": 730,
        "time": 4317,
        "parameters": {
            "max_depth": 6,
            "max_features": "auto",
            "min_samples_leaf": 1,
            "n_estimators": 100,
            "min_samples_split": 3
        },
        "done_at": 1671010325272,
        "split_id": 1
    },
    {
        "test_score_gib": 0.9377624132895217,
        "train_score": 0.9517534391575891,
        "test_score": 0.9377624132895217,
        "num_samples": 4390,
        "fit_time": 3590,
        "score_time": 795,
        "time": 4385,
        "parameters": {
            "max_depth": 6,
            "max_features": "auto",
            "min_samples_leaf": 1,
            "n_estimators": 100,
            "min_samples_split": 3
        },
        "done_at": 1671010325341,
        "split_id": 2
    },
    {
        "test_score_gib": 0.9463150899050748,
        "train_score": 0.9517118155999746,
        "test_score": 0.9463150899050748,
        "num_samples": 4390,
        "fit_time": 3584,
        "score_time": 1002,
        "time": 4586,
        "parameters": {
            "max_depth": 6,
            "max_features": "auto",
            "min_samples_leaf": 1,
            "n_estimators": 100,
            "min_samples_split": 3
        },
        "done_at": 1671010325544,
        "split_id": 3
    },
    {
        "test_score_gib": 0.9441016908543264,
        "train_score": 0.9519738122757943,
        "test_score": 0.9441016908543264,
        "num_samples": 4390,
        "fit_time": 3485,
        "score_time": 1107,
        "time": 4592,
        "parameters": {
            "max_depth": 6,
            "max_features": "auto",
            "min_samples_leaf": 1,
            "n_estimators": 100,
            "min_samples_split": 3
        },
        "done_at": 1671010329755,
        "split_id": 4
    },
    {
        "test_score_gib": 0.9305410993084765,
        "train_score": 0.9867484854189486,
        "test_score": 0.9305410993084765,
        "num_samples": 4391,
        "fit_time": 4074,
        "score_time": 1111,
        "time": 5185,
        "parameters": {
            "max_depth": 13,
            "max_features": "auto",
            "min_samples_leaf": 1,
            "n_estimators": 100,
            "min_samples_split": 3
        },
        "done_at": 1671010330460,
        "split_id": 0
    },
    {
        "test_score_gib": 0.9221124555038335,
        "train_score": 0.987850466789927,
        "test_score": 0.9221124555038335,
        "num_samples": 4390,
        "fit_time": 4102,
        "score_time": 1401,
        "time": 5503,
        "parameters": {
            "max_depth": 13,
            "max_features": "auto",
            "min_samples_leaf": 1,
            "n_estimators": 100,
            "min_samples_split": 3
        },
        "done_at": 1671010330849,
        "split_id": 1
    },
    {
        "test_score_gib": 0.9372775191675794,
        "train_score": 0.9876132927282307,
        "test_score": 0.9372775191675794,
        "num_samples": 4390,
        "fit_time": 3906,
        "score_time": 1591,
        "time": 5497,
        "parameters": {
            "max_depth": 13,
            "max_features": "auto",
            "min_samples_leaf": 1,
            "n_estimators": 100,
            "min_samples_split": 3
        },
        "done_at": 1671010331046,
        "split_id": 2
    },
    {
        "test_score_gib": 0.9467971317086529,
        "train_score": 0.9872460784726168,
        "test_score": 0.9467971317086529,
        "num_samples": 4390,
        "fit_time": 1889,
        "score_time": 621,
        "time": 2510,
        "parameters": {
            "max_depth": 13,
            "max_features": "auto",
            "min_samples_leaf": 1,
            "n_estimators": 100,
            "min_samples_split": 3
        },
        "done_at": 1671010332268,
        "split_id": 3
    },
    {
        "test_score_gib": 0.9404143562887917,
        "train_score": 0.987889327327657,
        "test_score": 0.9404143562887917,
        "num_samples": 4390,
        "fit_time": 1681,
        "score_time": 256,
        "time": 1937,
        "parameters": {
            "max_depth": 13,
            "max_features": "auto",
            "min_samples_leaf": 1,
            "n_estimators": 100,
            "min_samples_split": 3
        },
        "done_at": 1671010332399,
        "split_id": 4
    }
]