{
    "startedAt": 1671010320950,
    "gridSize": 2,
    "nThreads": 4,
    "nSplits": 5,
    "metric": "ROC_AUC",
    "timeout": null,
    "gridPoints": [
        {
            "finishedAt": 1671010329755,
            "score": 0.9379085456965016,
            "testScoreGibMean": 0.9379085456965016,
            "testScoreMean": 0.9379085456965016,
            "testScoreStd": 0.00696777659174208,
            "trainScoreMean": 0.9521146108340781,
            "trainScoreStd": 0.0004978141042769359,
            "time": 22087,
            "fitTimeMean": 3529.6,
            "fitTimeStd": 75.06423915553931,
            "scoreTimeMean": 887.8,
            "scoreTimeStd": 142.4491488216058,
            "parameters": {
                "max_depth": 6,
                "max_features": "auto",
                "min_samples_leaf": 1,
                "n_estimators": 100,
                "min_samples_split": 3
            }
        },
        {
            "finishedAt": 1671010332399,
            "score": 0.9354282897444219,
            "testScoreGibMean": 0.9354282897444219,
            "testScoreMean": 0.9354282897444219,
            "testScoreStd": 0.008470138685954339,
            "trainScoreMean": 0.9874694972995545,
            "trainScoreStd": 0.0004270651256756004,
            "time": 20632,
            "fitTimeMean": 3130.4,
            "fitTimeStd": 1102.5223081643292,
            "scoreTimeMean": 996.0,
            "scoreTimeStd": 493.8623289946298,
            "parameters": {
                "max_depth": 13,
                "max_features": "auto",
                "min_samples_leaf": 1,
                "n_estimators": 100,
                "min_samples_split": 3
            }
        }
    ]
}