{
    "modelInputNRows": 21951,
    "modelInputNCols": 24,
    "modelInputIsSparse": false,
    "modelInputMemory": 4214592,
    "usedGridSearch": true,
    "gridSize": 2,
    "gridBestScore": 0.9379085456965016,
    "gridCells": [
        {
            "params": {
                "max_depth": 6,
                "max_features": "auto",
                "min_samples_leaf": 1,
                "n_estimators": 100,
                "min_samples_split": 3
            },
            "score": 0.9379085456965016,
            "scoreStd": 0.00696777659174208,
            "fitTime": 3.5296,
            "fitTimeStd": 0.07506423915553931,
            "scoreTime": 0.8877999999999999,
            "scoreTimeStd": 0.1424491488216058
        },
        {
            "params": {
                "max_depth": 13,
                "max_features": "auto",
                "min_samples_leaf": 1,
                "n_estimators": 100,
                "min_samples_split": 3
            },
            "score": 0.9354282897444219,
            "scoreStd": 0.008470138685954339,
            "fitTime": 3.1304000000000003,
            "fitTimeStd": 1.1025223081643292,
            "scoreTime": 0.996,
            "scoreTimeStd": 0.49386232899462984
        }
    ],
    "rawImportance": {
        "variables": [
            "severity",
            "tip_adm",
            "expected_length",
            "mortality_ratio",
            "num_proc",
            "origin",
            "ambulatory",
            "age",
            "dummy:date:2016-01",
            "dummy:date:2016-08",
            "dummy:date:2016-02",
            "dummy:date:2016-05",
            "dummy:date:2016-06",
            "dummy:date:2016-09",
            "dummy:date:2016-04",
            "dummy:date:2016-12",
            "dummy:date:2016-11",
            "dummy:date:2016-03",
            "dummy:tip_grd:M",
            "dummy:tip_grd:Q"
        ],
        "importances": [
            0.2557592092309457,
            0.030225474875275035,
            0.023900276278513672,
            0.395594110594734,
            0.04712074331568772,
            0.02873043742533916,
            0.004835517297437201,
            0.1705826516438746,
            0.0009283543915956808,
            0.0014997529446720667,
            0.0006368122344256462,
            0.0007578076716551877,
            0.00054687718989067,
            0.0009402812253632187,
            0.0007037581955366571,
            0.0007349042054031131,
            0.0013635863082396373,
            0.0005902182413241364,
            0.022742570496135945,
            0.011806656233951045
        ]
    },
    "probaAware": true
}