{
  "state": "ABORTED",
  "preSearchDescription": {
    "gridLength": 2,
    "searchStrategy": "GRID",
    "importantParams": [
      {
        "name": "trees",
        "vals": [
          "100"
        ]
      },
      {
        "name": "depth",
        "vals": [
          "6",
          "13"
        ]
      },
      {
        "name": "min_samples",
        "vals": [
          "1"
        ]
      }
    ]
  },
  "postSearchDescription": {
    "importantParams": [
      {
        "name": "trees",
        "val": "100"
      },
      {
        "name": "depth",
        "val": "6"
      },
      {
        "name": "min_samples",
        "val": "1"
      }
    ]
  },
  "resumed": false,
  "timeOrderingEnabled": false,
  "sampleWeightsEnabled": false,
  "modelId": "m1",
  "progress": {
    "top_level_todo": [],
    "stack": [],
    "top_level_done": [
      {
        "name": "Loading train set",
        "time": 39
      },
      {
        "name": "Loading test set",
        "time": 12
      },
      {
        "name": "Collecting statistics",
        "time": 24
      },
      {
        "name": "Preprocessing train set",
        "time": 91
      },
      {
        "name": "Preprocessing test set",
        "time": 25
      },
      {
        "name": "Hyperparameter searching",
        "time": 12026
      },
      {
        "name": "Fitting model",
        "time": 1055
      },
      {
        "name": "Saving model",
        "time": 47
      },
      {
        "name": "Scoring model",
        "time": 1622
      }
    ]
  },
  "startTime": 1671010320725,
  "endTime": 1671010335950,
  "preprocessingTime": 195,
  "trainingTime": 15030,
  "hyperparamsSearchTime": 12026
}