{"global": {"size": 431, "facts": [{"type": "numerical", "feature_label": "CRIM", "cluster_label": "cluster_6", "mean": 76.81036666666667, "std": 10.903343970696945, "diff": 8.344976598806511, "global_mean": 3.742854147355657, "global_std": 8.755867875023286}, {"type": "numerical", "feature_label": "B", "cluster_label": "cluster_11", "mean": 49.1888, "std": 46.36727521647137, "diff": -3.351832080915997, "global_mean": 356.2846867749414, "global_std": 91.62030774853658}, {"type": "numerical", "feature_label": "ZN", "cluster_label": "cluster_15", "mean": 86.25, "std": 6.373774391990981, "diff": 3.2376662500798075, "global_mean": 10.935034802784223, "global_std": 23.262115171802925}, {"type": "numerical", "feature_label": "ZN", "cluster_label": "cluster_17", "mean": 76.875, "std": 13.225647929606124, "diff": 2.8346504481735444, "global_mean": 10.935034802784223, "global_std": 23.262115171802925}, {"type": "numerical", "feature_label": "NOX", "cluster_label": "cluster_1", "mean": 0.8710000000000003, "std": 3.4787703908662606e-16, "diff": 2.7360221660960105, "global_mean": 0.5567744779582383, "global_std": 0.11484757906407088}, {"type": "numerical", "feature_label": "RM", "cluster_label": "cluster_0", "mean": 7.995538461538461, "std": 0.3221993729004386, "diff": 2.3074636906704313, "global_mean": 6.302051044083534, "global_std": 0.7339172548205453}, {"type": "numerical", "feature_label": "DIS", "cluster_label": "cluster_17", "mean": 8.495079999999998, "std": 1.5765094650090616, "diff": 2.2975606651216145, "global_mean": 3.7171805104408326, "global_std": 2.079553137416836}, {"type": "numerical", "feature_label": "PTRATIO", "cluster_label": "cluster_8", "mean": 13.485714285714286, "std": 0.7969722925954418, "diff": -2.2830572238945965, "global_mean": 18.44849187935028, "global_std": 2.173742095333968}, {"type": "numerical", "feature_label": "CRIM", "cluster_label": "cluster_13", "mean": 23.275982352941178, "std": 10.286685299528907, "diff": 2.2308614616382125, "global_mean": 3.742854147355657, "global_std": 8.755867875023286}, {"type": "numerical", "feature_label": "MEDV", "cluster_label": "cluster_0", "mean": 43.69230769230769, "std": 4.766281139151979, "diff": 2.203540609783729, "global_mean": 22.724361948955938, "global_std": 9.515570373540653}]}, "clusters": [{"cluster": "cluster_0", "size": 13, "facts": [{"type": "numerical", "feature_label": "RM", "cluster_label": "cluster_0", "mean": 7.995538461538461, "std": 0.3221993729004386, "diff": 2.3074636906704313, "global_mean": 6.302051044083534, "global_std": 0.7339172548205453}, {"type": "numerical", "feature_label": "MEDV", "cluster_label": "cluster_0", "mean": 43.69230769230769, "std": 4.766281139151979, "diff": 2.203540609783729, "global_mean": 22.724361948955938, "global_std": 9.515570373540653}, {"type": "numerical", "feature_label": "LSTAT", "cluster_label": "cluster_0", "mean": 5.673912630579299, "std": 3.404051849191563, "diff": -0.9923153704585822, "global_mean": 12.884991836383959, "global_std": 7.2669228155482255}]}, {"cluster": "cluster_1", "size": 12, "facts": [{"type": "numerical", "feature_label": "NOX", "cluster_label": "cluster_1", "mean": 0.8710000000000003, "std": 3.4787703908662606e-16, "diff": 2.7360221660960105, "global_mean": 0.5567744779582383, "global_std": 0.11484757906407088}, {"type": "numerical", "feature_label": "PTRATIO", "cluster_label": "cluster_1", "mean": 14.699999999999998, "std": 1.8553442084620055e-15, "diff": -1.7244418679642732, "global_mean": 18.44849187935028, "global_std": 2.173742095333968}, {"type": "numerical", "feature_label": "LSTAT", "cluster_label": "cluster_1", "mean": 20.904999999999998, "std": 7.827718232491045, "diff": 1.103631945347833, "global_mean": 12.884991836383959, "global_std": 7.2669228155482255}]}, {"cluster": "cluster_2", "size": 45, "facts": [{"type": "numerical", "feature_label": "PTRATIO", "cluster_label": "cluster_2", "mean": 19.87333333333333, "std": 1.4044410081788927, "diff": 0.655478613144373, "global_mean": 18.44849187935028, "global_std": 2.173742095333968}, {"type": "numerical", "feature_label": "RAD", "cluster_label": "cluster_2", "mean": 4.222222222222222, "std": 1.5208981928884369, "diff": -0.6303856731493176, "global_mean": 9.77494199535963, "global_std": 8.808448557209122}, {"type": "numerical", "feature_label": "AGE", "cluster_label": "cluster_2", "mean": 86.05012345679012, "std": 10.213853702559526, "diff": 0.6159283479318802, "global_mean": 69.16676978602732, "global_std": 27.411230100794203}]}, {"cluster": "cluster_3", "size": 46, "facts": [{"type": "numerical", "feature_label": "RAD", "cluster_label": "cluster_3", "mean": 24.0, "std": 0.0, "diff": 1.6149334258185704, "global_mean": 9.77494199535963, "global_std": 8.808448557209122}, {"type": "numerical", "feature_label": "TAX", "cluster_label": "cluster_3", "mean": 666.0, "std": 0.0, "diff": 1.4848729393217464, "global_mean": 412.41763341067286, "global_std": 170.77714858562737}, {"type": "numerical", "feature_label": "NOX", "cluster_label": "cluster_3", "mean": 0.6931086956521738, "std": 0.049813085411976536, "diff": 1.1870883026439565, "global_mean": 0.5567744779582383, "global_std": 0.11484757906407088}]}, {"cluster": "cluster_4", "size": 18, "facts": [{"type": "numerical", "feature_label": "DIS", "cluster_label": "cluster_4", "mean": 7.8243222222222215, "std": 0.7887674245716283, "diff": 1.9750116685564323, "global_mean": 3.7171805104408326, "global_std": 2.079553137416836}, {"type": "numerical", "feature_label": "NOX", "cluster_label": "cluster_4", "mean": 0.44600555555555554, "std": 0.02747192089950204, "diff": -0.9644863505645799, "global_mean": 0.5567744779582383, "global_std": 0.11484757906407088}, {"type": "numerical", "feature_label": "AGE", "cluster_label": "cluster_4", "mean": 43.4, "std": 20.09978050802019, "diff": -0.9400077884604223, "global_mean": 69.16676978602732, "global_std": 27.411230100794203}]}, {"cluster": "cluster_5", "size": 35, "facts": [{"type": "numerical", "feature_label": "AGE", "cluster_label": "cluster_5", "mean": 29.02285714285714, "std": 16.336643865038784, "diff": -1.4645060617694445, "global_mean": 69.16676978602732, "global_std": 27.411230100794203}, {"type": "numerical", "feature_label": "NOX", "cluster_label": "cluster_5", "mean": 0.4435685714285716, "std": 0.030218661661381412, "diff": -0.9857056409217968, "global_mean": 0.5567744779582383, "global_std": 0.11484757906407088}, {"type": "numerical", "feature_label": "DIS", "cluster_label": "cluster_5", "mean": 5.73488, "std": 0.8149052686915068, "diff": 0.9702562792242467, "global_mean": 3.7171805104408326, "global_std": 2.079553137416836}]}, {"cluster": "cluster_6", "size": 3, "facts": [{"type": "numerical", "feature_label": "CRIM", "cluster_label": "cluster_6", "mean": 76.81036666666667, "std": 10.903343970696945, "diff": 8.344976598806511, "global_mean": 3.742854147355657, "global_std": 8.755867875023286}, {"type": "numerical", "feature_label": "RAD", "cluster_label": "cluster_6", "mean": 24.0, "std": 0.0, "diff": 1.6149334258185704, "global_mean": 9.77494199535963, "global_std": 8.808448557209122}, {"type": "numerical", "feature_label": "MEDV", "cluster_label": "cluster_6", "mean": 8.066666666666668, "std": 2.7736858750286295, "diff": -1.5403906131625067, "global_mean": 22.724361948955938, "global_std": 9.515570373540653}]}, {"cluster": "cluster_7", "size": 41, "facts": [{"type": "numerical", "feature_label": "AGE", "cluster_label": "cluster_7", "mean": 49.50334236675698, "std": 14.596487278837353, "diff": -0.7173493253300082, "global_mean": 69.16676978602732, "global_std": 27.411230100794203}, {"type": "numerical", "feature_label": "TAX", "cluster_label": "cluster_7", "mean": 290.780487804878, "std": 54.95112018654485, "diff": -0.7122565671882394, "global_mean": 412.41763341067286, "global_std": 170.77714858562737}, {"type": "numerical", "feature_label": "RAD", "cluster_label": "cluster_7", "mean": 4.414634146341464, "std": 1.0718117781611085, "diff": -0.608541653414223, "global_mean": 9.77494199535963, "global_std": 8.808448557209122}]}, {"cluster": "cluster_8", "size": 14, "facts": [{"type": "numerical", "feature_label": "PTRATIO", "cluster_label": "cluster_8", "mean": 13.485714285714286, "std": 0.7969722925954418, "diff": -2.2830572238945965, "global_mean": 18.44849187935028, "global_std": 2.173742095333968}, {"type": "numerical", "feature_label": "MEDV", "cluster_label": "cluster_8", "mean": 42.478571428571435, "std": 7.591308650882733, "diff": 2.0759879549149027, "global_mean": 22.724361948955938, "global_std": 9.515570373540653}, {"type": "numerical", "feature_label": "RM", "cluster_label": "cluster_8", "mean": 7.680071428571428, "std": 0.5723330746616418, "diff": 1.8776236359572207, "global_mean": 6.302051044083534, "global_std": 0.7339172548205453}]}, {"cluster": "cluster_9", "size": 22, "facts": [{"type": "numerical", "feature_label": "ZN", "cluster_label": "cluster_9", "mean": 49.09090909090909, "std": 16.945034645411592, "diff": 1.6402581625240749, "global_mean": 10.935034802784223, "global_std": 23.262115171802925}, {"type": "numerical", "feature_label": "AGE", "cluster_label": "cluster_9", "mean": 33.22356902356903, "std": 14.12502933729402, "diff": -1.3112582189960489, "global_mean": 69.16676978602732, "global_std": 27.411230100794203}, {"type": "numerical", "feature_label": "LSTAT", "cluster_label": "cluster_9", "mean": 5.207519640852973, "std": 2.1848087596508146, "diff": -1.0564956296362957, "global_mean": 12.884991836383959, "global_std": 7.2669228155482255}]}, {"cluster": "cluster_10", "size": 26, "facts": [{"type": "numerical", "feature_label": "RAD", "cluster_label": "cluster_10", "mean": 24.0, "std": 0.0, "diff": 1.6149334258185704, "global_mean": 9.77494199535963, "global_std": 8.808448557209122}, {"type": "numerical", "feature_label": "TAX", "cluster_label": "cluster_10", "mean": 666.0, "std": 0.0, "diff": 1.4848729393217464, "global_mean": 412.41763341067286, "global_std": 170.77714858562737}, {"type": "numerical", "feature_label": "INDUS", "cluster_label": "cluster_10", "mean": 17.830153529597982, "std": 1.3759524182540674, "diff": 0.9795907014503782, "global_mean": 11.19228275710616, "global_std": 6.7761676000638}]}, {"cluster": "cluster_11", "size": 25, "facts": [{"type": "numerical", "feature_label": "B", "cluster_label": "cluster_11", "mean": 49.1888, "std": 46.36727521647137, "diff": -3.351832080915997, "global_mean": 356.2846867749414, "global_std": 91.62030774853658}, {"type": "numerical", "feature_label": "RAD", "cluster_label": "cluster_11", "mean": 24.0, "std": 0.0, "diff": 1.6149334258185704, "global_mean": 9.77494199535963, "global_std": 8.808448557209122}, {"type": "numerical", "feature_label": "TAX", "cluster_label": "cluster_11", "mean": 666.0, "std": 0.0, "diff": 1.4848729393217464, "global_mean": 412.41763341067286, "global_std": 170.77714858562737}]}, {"cluster": "cluster_12", "size": 32, "facts": [{"type": "numerical", "feature_label": "INDUS", "cluster_label": "cluster_12", "mean": 5.0375000000000005, "std": 2.314485938883691, "diff": -0.9082984837990444, "global_mean": 11.19228275710616, "global_std": 6.7761676000638}, {"type": "numerical", "feature_label": "TAX", "cluster_label": "cluster_12", "mean": 272.5, "std": 50.94209236175472, "diff": -0.8192995056391775, "global_mean": 412.41763341067286, "global_std": 170.77714858562737}, {"type": "numerical", "feature_label": "LSTAT", "cluster_label": "cluster_12", "mean": 7.095937500000002, "std": 2.1179141585684054, "diff": -0.7966307725187011, "global_mean": 12.884991836383959, "global_std": 7.2669228155482255}]}, {"cluster": "cluster_13", "size": 17, "facts": [{"type": "numerical", "feature_label": "CRIM", "cluster_label": "cluster_13", "mean": 23.275982352941178, "std": 10.286685299528907, "diff": 2.2308614616382125, "global_mean": 3.742854147355657, "global_std": 8.755867875023286}, {"type": "numerical", "feature_label": "LSTAT", "cluster_label": "cluster_13", "mean": 28.078235294117647, "std": 6.554498679622757, "diff": 2.0907396216217404, "global_mean": 12.884991836383959, "global_std": 7.2669228155482255}, {"type": "numerical", "feature_label": "RM", "cluster_label": "cluster_13", "mean": 4.836705882352941, "std": 0.5036234660817894, "diff": -1.9966081354619376, "global_mean": 6.302051044083534, "global_std": 0.7339172548205453}]}, {"cluster": "cluster_14", "size": 29, "facts": [{"type": "numerical", "feature_label": "PTRATIO", "cluster_label": "cluster_14", "mean": 16.337931034482754, "std": 1.517614150355619, "diff": -0.9709343391738768, "global_mean": 18.44849187935028, "global_std": 2.173742095333968}, {"type": "numerical", "feature_label": "AGE", "cluster_label": "cluster_14", "mean": 83.62068965517243, "std": 11.442570244184802, "diff": 0.5272992060551973, "global_mean": 69.16676978602732, "global_std": 27.411230100794203}, {"type": "numerical", "feature_label": "RAD", "cluster_label": "cluster_14", "mean": 5.172413793103448, "std": 0.6017216678143152, "diff": -0.5225129229470633, "global_mean": 9.77494199535963, "global_std": 8.808448557209122}]}, {"cluster": "cluster_15", "size": 10, "facts": [{"type": "numerical", "feature_label": "ZN", "cluster_label": "cluster_15", "mean": 86.25, "std": 6.373774391990981, "diff": 3.2376662500798075, "global_mean": 10.935034802784223, "global_std": 23.262115171802925}, {"type": "numerical", "feature_label": "PTRATIO", "cluster_label": "cluster_15", "mean": 14.110000000000003, "std": 1.1948500603283523, "diff": -1.9958632114927695, "global_mean": 18.44849187935028, "global_std": 2.173742095333968}, {"type": "numerical", "feature_label": "MEDV", "cluster_label": "cluster_15", "mean": 41.519999999999996, "std": 8.160991225199165, "diff": 1.9752508061217124, "global_mean": 22.724361948955938, "global_std": 9.515570373540653}]}, {"cluster": "cluster_16", "size": 23, "facts": [{"type": "numerical", "feature_label": "INDUS", "cluster_label": "cluster_16", "mean": 24.142608695652168, "std": 2.515682118579199, "diff": 1.9111578554261375, "global_mean": 11.19228275710616, "global_std": 6.7761676000638}, {"type": "numerical", "feature_label": "PTRATIO", "cluster_label": "cluster_16", "mean": 20.41304347826087, "std": 0.9111951930524521, "diff": 0.9037648040802945, "global_mean": 18.44849187935028, "global_std": 2.173742095333968}, {"type": "numerical", "feature_label": "DIS", "cluster_label": "cluster_16", "mean": 1.921260869565218, "std": 0.23121706593810856, "diff": -0.8636084399874758, "global_mean": 3.7171805104408326, "global_std": 2.079553137416836}]}, {"cluster": "cluster_17", "size": 20, "facts": [{"type": "numerical", "feature_label": "ZN", "cluster_label": "cluster_17", "mean": 76.875, "std": 13.225647929606124, "diff": 2.8346504481735444, "global_mean": 10.935034802784223, "global_std": 23.262115171802925}, {"type": "numerical", "feature_label": "DIS", "cluster_label": "cluster_17", "mean": 8.495079999999998, "std": 1.5765094650090616, "diff": 2.2975606651216145, "global_mean": 3.7171805104408326, "global_std": 2.079553137416836}, {"type": "numerical", "feature_label": "AGE", "cluster_label": "cluster_17", "mean": 29.625, "std": 11.329787241928615, "diff": -1.4425390484348108, "global_mean": 69.16676978602732, "global_std": 27.411230100794203}]}]}