{
    "metrics": {
        "inertia": 1090.6577558370682,
        "silhouette": 0.21896446811228915,
        "nbClusters": 18
    },
    "processed_feature_names": [
        "B",
        "TAX",
        "CRIM",
        "PTRATIO",
        "MEDV",
        "DIS",
        "ZN",
        "INDUS",
        "RAD",
        "LSTAT",
        "NOX",
        "RM",
        "AGE",
        "dummy:CHAS:0",
        "dummy:CHAS:N/A",
        "dummy:CHAS:__Others__"
    ],
    "variables_importance": {
        "variables": [
            "B",
            "TAX",
            "CRIM",
            "PTRATIO",
            "MEDV",
            "DIS",
            "ZN",
            "INDUS",
            "RAD",
            "LSTAT",
            "NOX",
            "RM",
            "AGE",
            "dummy:CHAS:0",
            "dummy:CHAS:__Others__"
        ],
        "importances": [
            0.06913609058681343,
            0.04593078778580611,
            0.06386409403327103,
            0.07329768107746781,
            0.09692792019672698,
            0.1163390268822947,
            0.047818215462383046,
            0.07886132474702817,
            0.05148801607252346,
            0.07842052602699459,
            0.09544594741382535,
            0.09243261559813015,
            0.08667330067020465,
            0.001528652939860346,
            0.0018358005066701475
        ]
    },
    "reduce_vars": [],
    "train_nb_records": 431,
    "train_nb_features": 16,
    "train_nb_outliers": 0,
    "cluster_description": [
        {
            "variable": "dummy:CHAS:0",
            "var": 0.01,
            "values": [
                {
                    "cluster": "cluster_0",
                    "value": 0.8461538461538461
                },
                {
                    "cluster": "cluster_1",
                    "value": 0.8333333333333334
                },
                {
                    "cluster": "cluster_10",
                    "value": 0.7692307692307693
                },
                {
                    "cluster": "cluster_11",
                    "value": 1.0
                },
                {
                    "cluster": "cluster_12",
                    "value": 0.875
                },
                {
                    "cluster": "cluster_13",
                    "value": 1.0
                },
                {
                    "cluster": "cluster_14",
                    "value": 0.8620689655172413
                },
                {
                    "cluster": "cluster_15",
                    "value": 0.9
                },
                {
                    "cluster": "cluster_16",
                    "value": 1.0
                },
                {
                    "cluster": "cluster_17",
                    "value": 1.0
                },
                {
                    "cluster": "cluster_2",
                    "value": 0.9111111111111111
                },
                {
                    "cluster": "cluster_3",
                    "value": 0.9565217391304348
                },
                {
                    "cluster": "cluster_4",
                    "value": 1.0
                },
                {
                    "cluster": "cluster_5",
                    "value": 1.0
                },
                {
                    "cluster": "cluster_6",
                    "value": 1.0
                },
                {
                    "cluster": "cluster_7",
                    "value": 0.926829268292683
                },
                {
                    "cluster": "cluster_8",
                    "value": 0.8571428571428571
                },
                {
                    "cluster": "cluster_9",
                    "value": 0.9090909090909091
                }
            ]
        },
        {
            "variable": "dummy:CHAS:N/A",
            "var": 0.0,
            "values": [
                {
                    "cluster": "cluster_0",
                    "value": 0.0
                },
                {
                    "cluster": "cluster_1",
                    "value": 0.0
                },
                {
                    "cluster": "cluster_10",
                    "value": 0.0
                },
                {
                    "cluster": "cluster_11",
                    "value": 0.0
                },
                {
                    "cluster": "cluster_12",
                    "value": 0.0
                },
                {
                    "cluster": "cluster_13",
                    "value": 0.0
                },
                {
                    "cluster": "cluster_14",
                    "value": 0.0
                },
                {
                    "cluster": "cluster_15",
                    "value": 0.0
                },
                {
                    "cluster": "cluster_16",
                    "value": 0.0
                },
                {
                    "cluster": "cluster_17",
                    "value": 0.0
                },
                {
                    "cluster": "cluster_2",
                    "value": 0.0
                },
                {
                    "cluster": "cluster_3",
                    "value": 0.0
                },
                {
                    "cluster": "cluster_4",
                    "value": 0.0
                },
                {
                    "cluster": "cluster_5",
                    "value": 0.0
                },
                {
                    "cluster": "cluster_6",
                    "value": 0.0
                },
                {
                    "cluster": "cluster_7",
                    "value": 0.0
                },
                {
                    "cluster": "cluster_8",
                    "value": 0.0
                },
                {
                    "cluster": "cluster_9",
                    "value": 0.0
                }
            ]
        },
        {
            "variable": "dummy:CHAS:__Others__",
            "var": 0.01,
            "values": [
                {
                    "cluster": "cluster_0",
                    "value": 0.15384615384615385
                },
                {
                    "cluster": "cluster_1",
                    "value": 0.16666666666666666
                },
                {
                    "cluster": "cluster_10",
                    "value": 0.23076923076923078
                },
                {
                    "cluster": "cluster_11",
                    "value": 0.0
                },
                {
                    "cluster": "cluster_12",
                    "value": 0.125
                },
                {
                    "cluster": "cluster_13",
                    "value": 0.0
                },
                {
                    "cluster": "cluster_14",
                    "value": 0.13793103448275862
                },
                {
                    "cluster": "cluster_15",
                    "value": 0.1
                },
                {
                    "cluster": "cluster_16",
                    "value": 0.0
                },
                {
                    "cluster": "cluster_17",
                    "value": 0.0
                },
                {
                    "cluster": "cluster_2",
                    "value": 0.08888888888888889
                },
                {
                    "cluster": "cluster_3",
                    "value": 0.043478260869565216
                },
                {
                    "cluster": "cluster_4",
                    "value": 0.0
                },
                {
                    "cluster": "cluster_5",
                    "value": 0.0
                },
                {
                    "cluster": "cluster_6",
                    "value": 0.0
                },
                {
                    "cluster": "cluster_7",
                    "value": 0.07317073170731707
                },
                {
                    "cluster": "cluster_8",
                    "value": 0.14285714285714285
                },
                {
                    "cluster": "cluster_9",
                    "value": 0.09090909090909091
                }
            ]
        },
        {
            "variable": "B",
            "var": 6948.36,
            "values": [
                {
                    "cluster": "cluster_0",
                    "value": 386.96692307692314
                },
                {
                    "cluster": "cluster_1",
                    "value": 314.1616666666667
                },
                {
                    "cluster": "cluster_10",
                    "value": 383.8865384615384
                },
                {
                    "cluster": "cluster_11",
                    "value": 49.1888
                },
                {
                    "cluster": "cluster_12",
                    "value": 390.6778124999999
                },
                {
                    "cluster": "cluster_13",
                    "value": 298.4129411764706
                },
                {
                    "cluster": "cluster_14",
                    "value": 368.881724137931
                },
                {
                    "cluster": "cluster_15",
                    "value": 389.293
                },
                {
                    "cluster": "cluster_16",
                    "value": 378.24652173913046
                },
                {
                    "cluster": "cluster_17",
                    "value": 389.49249999999995
                },
                {
                    "cluster": "cluster_2",
                    "value": 372.05688888888886
                },
                {
                    "cluster": "cluster_3",
                    "value": 365.51
                },
                {
                    "cluster": "cluster_4",
                    "value": 389.0733333333333
                },
                {
                    "cluster": "cluster_5",
                    "value": 389.10371428571415
                },
                {
                    "cluster": "cluster_6",
                    "value": 266.1066666666667
                },
                {
                    "cluster": "cluster_7",
                    "value": 387.6626829268291
                },
                {
                    "cluster": "cluster_8",
                    "value": 385.14500000000004
                },
                {
                    "cluster": "cluster_9",
                    "value": 392.28181818181804
                }
            ]
        },
        {
            "variable": "TAX",
            "var": 27228.47,
            "values": [
                {
                    "cluster": "cluster_0",
                    "value": 264.2307692307692
                },
                {
                    "cluster": "cluster_1",
                    "value": 403.0
                },
                {
                    "cluster": "cluster_10",
                    "value": 666.0
                },
                {
                    "cluster": "cluster_11",
                    "value": 666.0
                },
                {
                    "cluster": "cluster_12",
                    "value": 272.5
                },
                {
                    "cluster": "cluster_13",
                    "value": 666.0
                },
                {
                    "cluster": "cluster_14",
                    "value": 359.86206896551727
                },
                {
                    "cluster": "cluster_15",
                    "value": 276.5
                },
                {
                    "cluster": "cluster_16",
                    "value": 431.60869565217394
                },
                {
                    "cluster": "cluster_17",
                    "value": 333.6
                },
                {
                    "cluster": "cluster_2",
                    "value": 313.68888888888887
                },
                {
                    "cluster": "cluster_3",
                    "value": 666.0
                },
                {
                    "cluster": "cluster_4",
                    "value": 300.8888888888889
                },
                {
                    "cluster": "cluster_5",
                    "value": 303.22857142857146
                },
                {
                    "cluster": "cluster_6",
                    "value": 666.0
                },
                {
                    "cluster": "cluster_7",
                    "value": 290.780487804878
                },
                {
                    "cluster": "cluster_8",
                    "value": 303.7142857142857
                },
                {
                    "cluster": "cluster_9",
                    "value": 305.45454545454544
                }
            ]
        },
        {
            "variable": "CRIM",
            "var": 334.9,
            "values": [
                {
                    "cluster": "cluster_0",
                    "value": 0.23637692307692307
                },
                {
                    "cluster": "cluster_1",
                    "value": 2.322555
                },
                {
                    "cluster": "cluster_10",
                    "value": 5.7016278450459
                },
                {
                    "cluster": "cluster_11",
                    "value": 10.522153117695474
                },
                {
                    "cluster": "cluster_12",
                    "value": 0.4032043106995884
                },
                {
                    "cluster": "cluster_13",
                    "value": 23.275982352941178
                },
                {
                    "cluster": "cluster_14",
                    "value": 0.8117049645239108
                },
                {
                    "cluster": "cluster_15",
                    "value": 0.3826433971193416
                },
                {
                    "cluster": "cluster_16",
                    "value": 0.4012517391304347
                },
                {
                    "cluster": "cluster_17",
                    "value": 0.2161436985596708
                },
                {
                    "cluster": "cluster_2",
                    "value": 0.4746873333333331
                },
                {
                    "cluster": "cluster_3",
                    "value": 9.065089606816962
                },
                {
                    "cluster": "cluster_4",
                    "value": 0.12569055555555556
                },
                {
                    "cluster": "cluster_5",
                    "value": 0.40000662610229276
                },
                {
                    "cluster": "cluster_6",
                    "value": 76.81036666666667
                },
                {
                    "cluster": "cluster_7",
                    "value": 0.2859939024390244
                },
                {
                    "cluster": "cluster_8",
                    "value": 1.1305417122281012
                },
                {
                    "cluster": "cluster_9",
                    "value": 0.40074990647212866
                }
            ]
        },
        {
            "variable": "PTRATIO",
            "var": 5.23,
            "values": [
                {
                    "cluster": "cluster_0",
                    "value": 17.261538461538464
                },
                {
                    "cluster": "cluster_1",
                    "value": 14.699999999999998
                },
                {
                    "cluster": "cluster_10",
                    "value": 20.199999999999992
                },
                {
                    "cluster": "cluster_11",
                    "value": 20.199999999999992
                },
                {
                    "cluster": "cluster_12",
                    "value": 17.803124999999994
                },
                {
                    "cluster": "cluster_13",
                    "value": 20.199999999999996
                },
                {
                    "cluster": "cluster_14",
                    "value": 16.337931034482754
                },
                {
                    "cluster": "cluster_15",
                    "value": 14.110000000000003
                },
                {
                    "cluster": "cluster_16",
                    "value": 20.41304347826087
                },
                {
                    "cluster": "cluster_17",
                    "value": 16.96
                },
                {
                    "cluster": "cluster_2",
                    "value": 19.87333333333333
                },
                {
                    "cluster": "cluster_3",
                    "value": 20.200000000000017
                },
                {
                    "cluster": "cluster_4",
                    "value": 19.411111111111108
                },
                {
                    "cluster": "cluster_5",
                    "value": 17.485714285714284
                },
                {
                    "cluster": "cluster_6",
                    "value": 20.2
                },
                {
                    "cluster": "cluster_7",
                    "value": 18.98536585365855
                },
                {
                    "cluster": "cluster_8",
                    "value": 13.485714285714286
                },
                {
                    "cluster": "cluster_9",
                    "value": 16.85909090909091
                }
            ]
        },
        {
            "variable": "MEDV",
            "var": 113.17,
            "values": [
                {
                    "cluster": "cluster_0",
                    "value": 43.69230769230769
                },
                {
                    "cluster": "cluster_1",
                    "value": 16.425
                },
                {
                    "cluster": "cluster_10",
                    "value": 27.661538461538463
                },
                {
                    "cluster": "cluster_11",
                    "value": 12.948000000000002
                },
                {
                    "cluster": "cluster_12",
                    "value": 28.80625
                },
                {
                    "cluster": "cluster_13",
                    "value": 11.447058823529414
                },
                {
                    "cluster": "cluster_14",
                    "value": 22.227586206896554
                },
                {
                    "cluster": "cluster_15",
                    "value": 41.519999999999996
                },
                {
                    "cluster": "cluster_16",
                    "value": 16.456521739130437
                },
                {
                    "cluster": "cluster_17",
                    "value": 24.460000000000004
                },
                {
                    "cluster": "cluster_2",
                    "value": 17.813333333333333
                },
                {
                    "cluster": "cluster_3",
                    "value": 14.68695652173913
                },
                {
                    "cluster": "cluster_4",
                    "value": 23.177777777777777
                },
                {
                    "cluster": "cluster_5",
                    "value": 23.340000000000003
                },
                {
                    "cluster": "cluster_6",
                    "value": 8.066666666666668
                },
                {
                    "cluster": "cluster_7",
                    "value": 21.951219512195124
                },
                {
                    "cluster": "cluster_8",
                    "value": 42.478571428571435
                },
                {
                    "cluster": "cluster_9",
                    "value": 32.368181818181824
                }
            ]
        },
        {
            "variable": "DIS",
            "var": 4.8,
            "values": [
                {
                    "cluster": "cluster_0",
                    "value": 3.621046153846154
                },
                {
                    "cluster": "cluster_1",
                    "value": 1.5388916666666665
                },
                {
                    "cluster": "cluster_10",
                    "value": 2.526903846153846
                },
                {
                    "cluster": "cluster_11",
                    "value": 2.0979240000000003
                },
                {
                    "cluster": "cluster_12",
                    "value": 3.569465624999999
                },
                {
                    "cluster": "cluster_13",
                    "value": 1.537294117647059
                },
                {
                    "cluster": "cluster_14",
                    "value": 2.890124137931035
                },
                {
                    "cluster": "cluster_15",
                    "value": 6.36098
                },
                {
                    "cluster": "cluster_16",
                    "value": 1.921260869565218
                },
                {
                    "cluster": "cluster_17",
                    "value": 8.495079999999998
                },
                {
                    "cluster": "cluster_2",
                    "value": 3.5969066666666665
                },
                {
                    "cluster": "cluster_3",
                    "value": 1.9981021739130438
                },
                {
                    "cluster": "cluster_4",
                    "value": 7.8243222222222215
                },
                {
                    "cluster": "cluster_5",
                    "value": 5.73488
                },
                {
                    "cluster": "cluster_6",
                    "value": 1.5481666666666667
                },
                {
                    "cluster": "cluster_7",
                    "value": 4.0637439024390245
                },
                {
                    "cluster": "cluster_8",
                    "value": 2.1283785714285712
                },
                {
                    "cluster": "cluster_9",
                    "value": 5.4617545454545455
                }
            ]
        },
        {
            "variable": "ZN",
            "var": 733.26,
            "values": [
                {
                    "cluster": "cluster_0",
                    "value": 4.615384615384615
                },
                {
                    "cluster": "cluster_1",
                    "value": 0.0
                },
                {
                    "cluster": "cluster_10",
                    "value": 0.0
                },
                {
                    "cluster": "cluster_11",
                    "value": 0.0
                },
                {
                    "cluster": "cluster_12",
                    "value": 3.625
                },
                {
                    "cluster": "cluster_13",
                    "value": 0.0
                },
                {
                    "cluster": "cluster_14",
                    "value": 2.5172413793103448
                },
                {
                    "cluster": "cluster_15",
                    "value": 86.25
                },
                {
                    "cluster": "cluster_16",
                    "value": 0.0
                },
                {
                    "cluster": "cluster_17",
                    "value": 76.875
                },
                {
                    "cluster": "cluster_2",
                    "value": 0.8333333333333334
                },
                {
                    "cluster": "cluster_3",
                    "value": 0.0
                },
                {
                    "cluster": "cluster_4",
                    "value": 18.694444444444443
                },
                {
                    "cluster": "cluster_5",
                    "value": 11.142857142857142
                },
                {
                    "cluster": "cluster_6",
                    "value": 0.0
                },
                {
                    "cluster": "cluster_7",
                    "value": 0.975609756097561
                },
                {
                    "cluster": "cluster_8",
                    "value": 12.857142857142858
                },
                {
                    "cluster": "cluster_9",
                    "value": 49.09090909090909
                }
            ]
        },
        {
            "variable": "INDUS",
            "var": 46.65,
            "values": [
                {
                    "cluster": "cluster_0",
                    "value": 4.7323076923076925
                },
                {
                    "cluster": "cluster_1",
                    "value": 18.163998628257882
                },
                {
                    "cluster": "cluster_10",
                    "value": 17.830153529597982
                },
                {
                    "cluster": "cluster_11",
                    "value": 17.8193596707819
                },
                {
                    "cluster": "cluster_12",
                    "value": 5.0375000000000005
                },
                {
                    "cluster": "cluster_13",
                    "value": 17.687293633502783
                },
                {
                    "cluster": "cluster_14",
                    "value": 12.524413225486017
                },
                {
                    "cluster": "cluster_15",
                    "value": 2.034
                },
                {
                    "cluster": "cluster_16",
                    "value": 24.142608695652168
                },
                {
                    "cluster": "cluster_17",
                    "value": 2.681
                },
                {
                    "cluster": "cluster_2",
                    "value": 8.878621856424324
                },
                {
                    "cluster": "cluster_3",
                    "value": 17.794956163893374
                },
                {
                    "cluster": "cluster_4",
                    "value": 5.0302217649748515
                },
                {
                    "cluster": "cluster_5",
                    "value": 7.181256907701353
                },
                {
                    "cluster": "cluster_6",
                    "value": 18.1
                },
                {
                    "cluster": "cluster_7",
                    "value": 8.459609555354811
                },
                {
                    "cluster": "cluster_8",
                    "value": 8.429999999999998
                },
                {
                    "cluster": "cluster_9",
                    "value": 4.628544706322484
                }
            ]
        },
        {
            "variable": "RAD",
            "var": 81.49,
            "values": [
                {
                    "cluster": "cluster_0",
                    "value": 5.461538461538462
                },
                {
                    "cluster": "cluster_1",
                    "value": 5.0
                },
                {
                    "cluster": "cluster_10",
                    "value": 24.0
                },
                {
                    "cluster": "cluster_11",
                    "value": 24.0
                },
                {
                    "cluster": "cluster_12",
                    "value": 4.5
                },
                {
                    "cluster": "cluster_13",
                    "value": 24.0
                },
                {
                    "cluster": "cluster_14",
                    "value": 5.172413793103448
                },
                {
                    "cluster": "cluster_15",
                    "value": 2.5
                },
                {
                    "cluster": "cluster_16",
                    "value": 3.4782608695652173
                },
                {
                    "cluster": "cluster_17",
                    "value": 3.9
                },
                {
                    "cluster": "cluster_2",
                    "value": 4.222222222222222
                },
                {
                    "cluster": "cluster_3",
                    "value": 24.0
                },
                {
                    "cluster": "cluster_4",
                    "value": 5.944444444444445
                },
                {
                    "cluster": "cluster_5",
                    "value": 4.485714285714286
                },
                {
                    "cluster": "cluster_6",
                    "value": 24.0
                },
                {
                    "cluster": "cluster_7",
                    "value": 4.414634146341464
                },
                {
                    "cluster": "cluster_8",
                    "value": 5.0
                },
                {
                    "cluster": "cluster_9",
                    "value": 4.181818181818182
                }
            ]
        },
        {
            "variable": "LSTAT",
            "var": 48.54,
            "values": [
                {
                    "cluster": "cluster_0",
                    "value": 5.673912630579299
                },
                {
                    "cluster": "cluster_1",
                    "value": 20.904999999999998
                },
                {
                    "cluster": "cluster_10",
                    "value": 10.229439696106361
                },
                {
                    "cluster": "cluster_11",
                    "value": 20.612399999999997
                },
                {
                    "cluster": "cluster_12",
                    "value": 7.095937500000002
                },
                {
                    "cluster": "cluster_13",
                    "value": 28.078235294117647
                },
                {
                    "cluster": "cluster_14",
                    "value": 11.791221796509152
                },
                {
                    "cluster": "cluster_15",
                    "value": 4.619999999999999
                },
                {
                    "cluster": "cluster_16",
                    "value": 18.984347826086957
                },
                {
                    "cluster": "cluster_17",
                    "value": 6.732499999999999
                },
                {
                    "cluster": "cluster_2",
                    "value": 16.557454046639236
                },
                {
                    "cluster": "cluster_3",
                    "value": 18.481757917337625
                },
                {
                    "cluster": "cluster_4",
                    "value": 9.178936899862826
                },
                {
                    "cluster": "cluster_5",
                    "value": 8.358310405643739
                },
                {
                    "cluster": "cluster_6",
                    "value": 20.27
                },
                {
                    "cluster": "cluster_7",
                    "value": 11.253080397470642
                },
                {
                    "cluster": "cluster_8",
                    "value": 6.71
                },
                {
                    "cluster": "cluster_9",
                    "value": 5.207519640852973
                }
            ]
        },
        {
            "variable": "NOX",
            "var": 0.02,
            "values": [
                {
                    "cluster": "cluster_0",
                    "value": 0.48044615384615386
                },
                {
                    "cluster": "cluster_1",
                    "value": 0.8710000000000003
                },
                {
                    "cluster": "cluster_10",
                    "value": 0.6419615384615385
                },
                {
                    "cluster": "cluster_11",
                    "value": 0.6745199999999998
                },
                {
                    "cluster": "cluster_12",
                    "value": 0.49140312499999983
                },
                {
                    "cluster": "cluster_13",
                    "value": 0.6697058823529412
                },
                {
                    "cluster": "cluster_14",
                    "value": 0.5583793103448278
                },
                {
                    "cluster": "cluster_15",
                    "value": 0.4076200000000001
                },
                {
                    "cluster": "cluster_16",
                    "value": 0.6095217391304348
                },
                {
                    "cluster": "cluster_17",
                    "value": 0.40580000000000005
                },
                {
                    "cluster": "cluster_2",
                    "value": 0.5327555555555558
                },
                {
                    "cluster": "cluster_3",
                    "value": 0.6931086956521738
                },
                {
                    "cluster": "cluster_4",
                    "value": 0.44600555555555554
                },
                {
                    "cluster": "cluster_5",
                    "value": 0.4435685714285716
                },
                {
                    "cluster": "cluster_6",
                    "value": 0.681
                },
                {
                    "cluster": "cluster_7",
                    "value": 0.4965609756097564
                },
                {
                    "cluster": "cluster_8",
                    "value": 0.6247142857142858
                },
                {
                    "cluster": "cluster_9",
                    "value": 0.43844999999999995
                }
            ]
        },
        {
            "variable": "RM",
            "var": 0.58,
            "values": [
                {
                    "cluster": "cluster_0",
                    "value": 7.995538461538461
                },
                {
                    "cluster": "cluster_1",
                    "value": 5.590083333333333
                },
                {
                    "cluster": "cluster_10",
                    "value": 6.226
                },
                {
                    "cluster": "cluster_11",
                    "value": 6.35196
                },
                {
                    "cluster": "cluster_12",
                    "value": 6.786812500000001
                },
                {
                    "cluster": "cluster_13",
                    "value": 4.836705882352941
                },
                {
                    "cluster": "cluster_14",
                    "value": 6.075241379310344
                },
                {
                    "cluster": "cluster_15",
                    "value": 7.5504999999999995
                },
                {
                    "cluster": "cluster_16",
                    "value": 5.870260869565217
                },
                {
                    "cluster": "cluster_17",
                    "value": 6.392249999999999
                },
                {
                    "cluster": "cluster_2",
                    "value": 5.940266666666665
                },
                {
                    "cluster": "cluster_3",
                    "value": 6.19445652173913
                },
                {
                    "cluster": "cluster_4",
                    "value": 6.336444444444444
                },
                {
                    "cluster": "cluster_5",
                    "value": 6.280828571428574
                },
                {
                    "cluster": "cluster_6",
                    "value": 6.2026666666666666
                },
                {
                    "cluster": "cluster_7",
                    "value": 5.995439024390243
                },
                {
                    "cluster": "cluster_8",
                    "value": 7.680071428571428
                },
                {
                    "cluster": "cluster_9",
                    "value": 6.929636363636363
                }
            ]
        },
        {
            "variable": "AGE",
            "var": 685.06,
            "values": [
                {
                    "cluster": "cluster_0",
                    "value": 63.26296296296295
                },
                {
                    "cluster": "cluster_1",
                    "value": 95.48487654320986
                },
                {
                    "cluster": "cluster_10",
                    "value": 79.13532763532764
                },
                {
                    "cluster": "cluster_11",
                    "value": 88.00474074074074
                },
                {
                    "cluster": "cluster_12",
                    "value": 71.53495370370372
                },
                {
                    "cluster": "cluster_13",
                    "value": 96.79411764705883
                },
                {
                    "cluster": "cluster_14",
                    "value": 83.62068965517243
                },
                {
                    "cluster": "cluster_15",
                    "value": 30.160000000000004
                },
                {
                    "cluster": "cluster_16",
                    "value": 91.58421900161031
                },
                {
                    "cluster": "cluster_17",
                    "value": 29.625
                },
                {
                    "cluster": "cluster_2",
                    "value": 86.05012345679012
                },
                {
                    "cluster": "cluster_3",
                    "value": 93.54170692431562
                },
                {
                    "cluster": "cluster_4",
                    "value": 43.4
                },
                {
                    "cluster": "cluster_5",
                    "value": 29.02285714285714
                },
                {
                    "cluster": "cluster_6",
                    "value": 97.3
                },
                {
                    "cluster": "cluster_7",
                    "value": 49.50334236675698
                },
                {
                    "cluster": "cluster_8",
                    "value": 85.72989417989416
                },
                {
                    "cluster": "cluster_9",
                    "value": 33.22356902356903
                }
            ]
        },
        {
            "variable": "cluster_size",
            "var": 149.23,
            "values": [
                {
                    "cluster": "cluster_3",
                    "value": 46
                },
                {
                    "cluster": "cluster_2",
                    "value": 45
                },
                {
                    "cluster": "cluster_7",
                    "value": 41
                },
                {
                    "cluster": "cluster_5",
                    "value": 35
                },
                {
                    "cluster": "cluster_12",
                    "value": 32
                },
                {
                    "cluster": "cluster_14",
                    "value": 29
                },
                {
                    "cluster": "cluster_10",
                    "value": 26
                },
                {
                    "cluster": "cluster_11",
                    "value": 25
                },
                {
                    "cluster": "cluster_16",
                    "value": 23
                },
                {
                    "cluster": "cluster_9",
                    "value": 22
                },
                {
                    "cluster": "cluster_17",
                    "value": 20
                },
                {
                    "cluster": "cluster_4",
                    "value": 18
                },
                {
                    "cluster": "cluster_13",
                    "value": 17
                },
                {
                    "cluster": "cluster_8",
                    "value": 14
                },
                {
                    "cluster": "cluster_0",
                    "value": 13
                },
                {
                    "cluster": "cluster_1",
                    "value": 12
                },
                {
                    "cluster": "cluster_15",
                    "value": 10
                },
                {
                    "cluster": "cluster_6",
                    "value": 3
                }
            ]
        }
    ],
    "summary": {
        "clusters": []
    }
}