{
  "dataSpec": {
    "inputDatasetSmartName": "mtcars_missing__1__prepared",
    "datasetSelection": {
      "useMemTable": false,
      "filter": {
        "distinct": false,
        "enabled": false
      },
      "partitionSelectionMethod": "ALL",
      "latestPartitionsN": 1,
      "ordering": {
        "enabled": false,
        "rules": []
      },
      "samplingMethod": "HEAD_SEQUENTIAL",
      "maxRecords": 100000,
      "targetRatio": 0.02,
      "withinFirstN": -1,
      "maxReadUncompressedBytes": -1
    },
    "autoRefreshSample": true,
    "refreshTrigger": 0,
    "containerSelection": {
      "containerMode": "INHERIT"
    }
  },
  "rootCard": {
    "type": "worksheet_root",
    "confidenceLevel": 0.95,
    "showConfidenceInterval": false,
    "cards": [
      {
        "type": "correlation_matrix",
        "heatmapParams": {
          "showValues": true,
          "showColors": true,
          "showAbsValues": false,
          "threshold": 0.0,
          "filterVariablesWithoutValues": false
        },
        "metric": "SPEARMAN",
        "columns": [
          {
            "name": "mpg",
            "type": "CONTINUOUS"
          },
          {
            "name": "cyl",
            "type": "CONTINUOUS"
          },
          {
            "name": "disp",
            "type": "CONTINUOUS"
          },
          {
            "name": "hp",
            "type": "CONTINUOUS"
          },
          {
            "name": "drat",
            "type": "CONTINUOUS"
          },
          {
            "name": "wt",
            "type": "CONTINUOUS"
          },
          {
            "name": "qsec",
            "type": "CONTINUOUS"
          },
          {
            "name": "vs",
            "type": "CONTINUOUS"
          },
          {
            "name": "am",
            "type": "CONTINUOUS"
          },
          {
            "name": "gear",
            "type": "CONTINUOUS"
          },
          {
            "name": "carb",
            "type": "CONTINUOUS"
          }
        ],
        "id": "kpK8jxE"
      }
    ],
    "id": "rXPakgE"
  },
  "name": "Worksheet",
  "versionTag": {
    "versionNumber": 1,
    "lastModifiedBy": {
      "login": "97vigneshvn@student.ie.edu"
    },
    "lastModifiedOn": 1667378674940
  },
  "creationTag": {
    "versionNumber": 0,
    "lastModifiedBy": {
      "login": "97vigneshvn@student.ie.edu"
    },
    "lastModifiedOn": 1667378659876
  },
  "tags": [],
  "customFields": {},
  "checklists": {
    "checklists": []
  }
}