{
    "per_feature": {
        "date": {
            "stats": {
                "mostFrequentValue": "2016-01",
                "leastFrequentValue": "2016-03"
            },
            "dropped_modality": "2016-03",
            "category_possible_values": [
                "2016-01",
                "2016-08",
                "2016-02",
                "2016-05",
                "2016-06",
                "2016-09",
                "2016-04",
                "2016-12",
                "2016-11"
            ],
            "category_possible_counts": [
                3453,
                3244,
                2910,
                2842,
                2230,
                2219,
                1331,
                1264,
                1238
            ]
        },
        "severity": {
            "stats": {
                "min": 1.0,
                "average": 1.605120495649401,
                "median": 1.0,
                "max": 4.0,
                "p99": 4.0,
                "std": 0.9193734733121742
            },
            "missing_impute_with_value": 1.605120495649401
        },
        "tip_adm": {
            "stats": {
                "min": 1.0,
                "average": 1.2705362431090255,
                "median": 1.0,
                "max": 3.0,
                "p99": 3.0,
                "std": 0.47305546595127085
            },
            "missing_impute_with_value": 1.2705362431090255
        },
        "expected_length": {
            "stats": {
                "min": 0.0,
                "average": 4.9530773085508635,
                "median": 3.0,
                "max": 440.0,
                "p99": 32.0,
                "std": 7.463989997319041
            },
            "missing_impute_with_value": 4.9530773085508635
        },
        "tip_grd": {
            "stats": {
                "mostFrequentValue": "M",
                "leastFrequentValue": "Q"
            },
            "dropped_modality": "Q",
            "category_possible_values": [
                "M"
            ],
            "category_possible_counts": [
                15536
            ]
        },
        "mortality_ratio": {
            "stats": {
                "min": 0.0,
                "average": 0.02950198214445787,
                "median": 0.001052632,
                "max": 0.666666667,
                "p99": 0.306930693,
                "std": 0.06621183910866398
            },
            "missing_impute_with_value": 0.02950198214445787
        },
        "num_proc": {
            "stats": {
                "min": 0.0,
                "average": 4.057263905972393,
                "median": 3.0,
                "max": 22.0,
                "p99": 14.0,
                "std": 2.7885792078837857
            },
            "missing_impute_with_value": 4.057263905972393
        },
        "origin": {
            "stats": {
                "min": 1.0,
                "average": 1.5375153751537516,
                "median": 1.0,
                "max": 9.0,
                "p99": 8.0,
                "std": 1.3855560808706433
            },
            "missing_impute_with_value": 1.5375153751537516
        },
        "exitus": {
            "stats": {}
        },
        "ambulatory": {
            "stats": {
                "min": 0.0,
                "average": 0.06136394697280306,
                "median": 0.0,
                "max": 1.0,
                "p99": 1.0,
                "std": 0.24000216052819373
            },
            "missing_impute_with_value": 0.06136394697280306
        },
        "age": {
            "stats": {
                "min": 0.0,
                "average": 19072.302081909707,
                "median": 19532.0,
                "max": 38292.0,
                "p99": 34727.5,
                "std": 9293.190133250864
            },
            "missing_impute_with_value": 19072.302081909707
        }
    },
    "feature_order": [
        "date",
        "severity",
        "tip_adm",
        "expected_length",
        "tip_grd",
        "mortality_ratio",
        "num_proc",
        "origin",
        "exitus",
        "ambulatory",
        "age"
    ]
}