{"global": {"size": 431, "facts": [{"type": "numerical", "feature_label": "CRIM", "cluster_label": "cluster_6", "mean": 76.81036666666667, "std": 10.903343970696945, "diff": 8.344976598806511, "global_mean": 3.742854147355657, "global_std": 8.755867875023286}, {"type": "numerical", "feature_label": "B", "cluster_label": "cluster_11", "mean": 49.1888, "std": 46.36727521647137, "diff": -3.351832080915997, "global_mean": 356.2846867749414, "global_std": 91.62030774853658}, {"type": "numerical", "feature_label": "ZN", "cluster_label": "cluster_15", "mean": 86.25, "std": 6.373774391990981, "diff": 3.2376662500798075, "global_mean": 10.935034802784223, "global_std": 23.262115171802925}, {"type": "numerical", "feature_label": "ZN", "cluster_label": "cluster_17", "mean": 76.875, "std": 13.225647929606124, "diff": 2.8346504481735444, "global_mean": 10.935034802784223, "global_std": 23.262115171802925}, {"type": "numerical", "feature_label": "NOX", "cluster_label": "cluster_1", "mean": 0.8710000000000001, "std": 1.2161883888976234e-16, "diff": 2.7360221660960082, "global_mean": 0.5567744779582383, "global_std": 0.11484757906407088}, {"type": "numerical", "feature_label": "MEDV", "cluster_label": "cluster_10", "mean": 46.25, "std": 9.185586535436919, "diff": 2.472330835412696, "global_mean": 22.724361948955938, "global_std": 9.515570373540653}, {"type": "numerical", "feature_label": "CRIM", "cluster_label": "cluster_13", "mean": 24.60602666666667, "std": 10.217522752777397, "diff": 2.3827646576103145, "global_mean": 3.742854147355657, "global_std": 8.755867875023286}, {"type": "numerical", "feature_label": "RM", "cluster_label": "cluster_0", "mean": 7.995538461538461, "std": 0.3221993729004386, "diff": 2.3074636906704313, "global_mean": 6.302051044083534, "global_std": 0.7339172548205453}, {"type": "numerical", "feature_label": "DIS", "cluster_label": "cluster_17", "mean": 8.495079999999998, "std": 1.5765094650090616, "diff": 2.2975606651216145, "global_mean": 3.7171805104408326, "global_std": 2.079553137416836}, {"type": "numerical", "feature_label": "PTRATIO", "cluster_label": "cluster_8", "mean": 13.485714285714286, "std": 0.7969722925954418, "diff": -2.2830572238945965, "global_mean": 18.44849187935028, "global_std": 2.173742095333968}]}, "clusters": [{"cluster": "cluster_0", "size": 13, "facts": [{"type": "numerical", "feature_label": "RM", "cluster_label": "cluster_0", "mean": 7.995538461538461, "std": 0.3221993729004386, "diff": 2.3074636906704313, "global_mean": 6.302051044083534, "global_std": 0.7339172548205453}, {"type": "numerical", "feature_label": "MEDV", "cluster_label": "cluster_0", "mean": 43.69230769230769, "std": 4.766281139151979, "diff": 2.203540609783729, "global_mean": 22.724361948955938, "global_std": 9.515570373540653}, {"type": "numerical", "feature_label": "LSTAT", "cluster_label": "cluster_0", "mean": 5.673912630579299, "std": 3.404051849191563, "diff": -0.9923153704585822, "global_mean": 12.884991836383959, "global_std": 7.2669228155482255}]}, {"cluster": "cluster_1", "size": 6, "facts": [{"type": "numerical", "feature_label": "NOX", "cluster_label": "cluster_1", "mean": 0.8710000000000001, "std": 1.2161883888976234e-16, "diff": 2.7360221660960082, "global_mean": 0.5567744779582383, "global_std": 0.11484757906407088}, {"type": "numerical", "feature_label": "LSTAT", "cluster_label": "cluster_1", "mean": 28.03, "std": 1.2673436787233363, "diff": 2.084101971086297, "global_mean": 12.884991836383959, "global_std": 7.2669228155482255}, {"type": "numerical", "feature_label": "PTRATIO", "cluster_label": "cluster_1", "mean": 14.700000000000001, "std": 1.9459014222361975e-15, "diff": -1.7244418679642715, "global_mean": 18.44849187935028, "global_std": 2.173742095333968}]}, {"cluster": "cluster_2", "size": 29, "facts": [{"type": "numerical", "feature_label": "LSTAT", "cluster_label": "cluster_2", "mean": 18.954827586206896, "std": 5.257198208639855, "diff": 0.8352690545764413, "global_mean": 12.884991836383959, "global_std": 7.2669228155482255}, {"type": "numerical", "feature_label": "AGE", "cluster_label": "cluster_2", "mean": 90.40344827586208, "std": 7.399251060489677, "diff": 0.774743724077507, "global_mean": 69.16676978602732, "global_std": 27.411230100794203}, {"type": "numerical", "feature_label": "PTRATIO", "cluster_label": "cluster_2", "mean": 19.96206896551724, "std": 1.5124279895734938, "diff": 0.6963002140023512, "global_mean": 18.44849187935028, "global_std": 2.173742095333968}]}, {"cluster": "cluster_3", "size": 30, "facts": [{"type": "numerical", "feature_label": "RAD", "cluster_label": "cluster_3", "mean": 24.0, "std": 0.0, "diff": 1.6149334258185704, "global_mean": 9.77494199535963, "global_std": 8.808448557209122}, {"type": "numerical", "feature_label": "TAX", "cluster_label": "cluster_3", "mean": 666.0, "std": 0.0, "diff": 1.4848729393217464, "global_mean": 412.41763341067286, "global_std": 170.77714858562737}, {"type": "numerical", "feature_label": "NOX", "cluster_label": "cluster_3", "mean": 0.6791999999999999, "std": 0.052901600262608574, "diff": 1.0659826096418032, "global_mean": 0.5567744779582383, "global_std": 0.11484757906407088}]}, {"cluster": "cluster_4", "size": 14, "facts": [{"type": "numerical", "feature_label": "DIS", "cluster_label": "cluster_4", "mean": 8.12089285714286, "std": 0.7012355331997786, "diff": 2.1176243431664354, "global_mean": 3.7171805104408326, "global_std": 2.079553137416836}, {"type": "numerical", "feature_label": "AGE", "cluster_label": "cluster_4", "mean": 35.72142857142857, "std": 19.378385205863083, "diff": -1.2201328102247304, "global_mean": 69.16676978602732, "global_std": 27.411230100794203}, {"type": "numerical", "feature_label": "NOX", "cluster_label": "cluster_4", "mean": 0.4367214285714286, "std": 0.011860482450391471, "diff": -1.0453250331017847, "global_mean": 0.5567744779582383, "global_std": 0.11484757906407088}]}, {"cluster": "cluster_5", "size": 31, "facts": [{"type": "numerical", "feature_label": "AGE", "cluster_label": "cluster_5", "mean": 28.57741935483871, "std": 16.89399715238955, "diff": -1.480756255080015, "global_mean": 69.16676978602732, "global_std": 27.411230100794203}, {"type": "numerical", "feature_label": "NOX", "cluster_label": "cluster_5", "mean": 0.44464193548387104, "std": 0.029512955055856962, "diff": -0.9763596532741108, "global_mean": 0.5567744779582383, "global_std": 0.11484757906407088}, {"type": "numerical", "feature_label": "DIS", "cluster_label": "cluster_5", "mean": 5.745770967741937, "std": 0.8481080666965142, "diff": 0.9754934465492734, "global_mean": 3.7171805104408326, "global_std": 2.079553137416836}]}, {"cluster": "cluster_6", "size": 3, "facts": [{"type": "numerical", "feature_label": "CRIM", "cluster_label": "cluster_6", "mean": 76.81036666666667, "std": 10.903343970696945, "diff": 8.344976598806511, "global_mean": 3.742854147355657, "global_std": 8.755867875023286}, {"type": "numerical", "feature_label": "RAD", "cluster_label": "cluster_6", "mean": 24.0, "std": 0.0, "diff": 1.6149334258185704, "global_mean": 9.77494199535963, "global_std": 8.808448557209122}, {"type": "numerical", "feature_label": "MEDV", "cluster_label": "cluster_6", "mean": 8.066666666666668, "std": 2.7736858750286295, "diff": -1.5403906131625067, "global_mean": 22.724361948955938, "global_std": 9.515570373540653}]}, {"cluster": "cluster_7", "size": 34, "facts": [{"type": "numerical", "feature_label": "AGE", "cluster_label": "cluster_7", "mean": 44.561764705882354, "std": 14.67316690747005, "diff": -0.8976249876298716, "global_mean": 69.16676978602732, "global_std": 27.411230100794203}, {"type": "numerical", "feature_label": "TAX", "cluster_label": "cluster_7", "mean": 273.70588235294116, "std": 47.264266348270816, "diff": -0.8122383597954376, "global_mean": 412.41763341067286, "global_std": 170.77714858562737}, {"type": "numerical", "feature_label": "NOX", "cluster_label": "cluster_7", "mean": 0.47870588235294126, "std": 0.03788941597778007, "diff": -0.6797583043674289, "global_mean": 0.5567744779582383, "global_std": 0.11484757906407088}]}, {"cluster": "cluster_8", "size": 14, "facts": [{"type": "numerical", "feature_label": "PTRATIO", "cluster_label": "cluster_8", "mean": 13.485714285714286, "std": 0.7969722925954418, "diff": -2.2830572238945965, "global_mean": 18.44849187935028, "global_std": 2.173742095333968}, {"type": "numerical", "feature_label": "MEDV", "cluster_label": "cluster_8", "mean": 42.478571428571435, "std": 7.591308650882733, "diff": 2.0759879549149027, "global_mean": 22.724361948955938, "global_std": 9.515570373540653}, {"type": "numerical", "feature_label": "RM", "cluster_label": "cluster_8", "mean": 7.680071428571428, "std": 0.5723330746616418, "diff": 1.8776236359572207, "global_mean": 6.302051044083534, "global_std": 0.7339172548205453}]}, {"cluster": "cluster_9", "size": 21, "facts": [{"type": "numerical", "feature_label": "ZN", "cluster_label": "cluster_9", "mean": 50.38095238095238, "std": 16.2187428319096, "diff": 1.6957149978340043, "global_mean": 10.935034802784223, "global_std": 23.262115171802925}, {"type": "numerical", "feature_label": "AGE", "cluster_label": "cluster_9", "mean": 34.405643738977076, "std": 13.312198610693331, "diff": -1.2681344806208856, "global_mean": 69.16676978602732, "global_std": 27.411230100794203}, {"type": "numerical", "feature_label": "LSTAT", "cluster_label": "cluster_9", "mean": 5.286925338036449, "std": 2.2059934647331354, "diff": -1.0455686252908554, "global_mean": 12.884991836383959, "global_std": 7.2669228155482255}]}, {"cluster": "cluster_10", "size": 6, "facts": [{"type": "numerical", "feature_label": "MEDV", "cluster_label": "cluster_10", "mean": 46.25, "std": 9.185586535436919, "diff": 2.472330835412696, "global_mean": 22.724361948955938, "global_std": 9.515570373540653}, {"type": "numerical", "feature_label": "RAD", "cluster_label": "cluster_10", "mean": 24.0, "std": 0.0, "diff": 1.6149334258185704, "global_mean": 9.77494199535963, "global_std": 8.808448557209122}, {"type": "numerical", "feature_label": "TAX", "cluster_label": "cluster_10", "mean": 666.0, "std": 0.0, "diff": 1.4848729393217464, "global_mean": 412.41763341067286, "global_std": 170.77714858562737}]}, {"cluster": "cluster_11", "size": 25, "facts": [{"type": "numerical", "feature_label": "B", "cluster_label": "cluster_11", "mean": 49.1888, "std": 46.36727521647137, "diff": -3.351832080915997, "global_mean": 356.2846867749414, "global_std": 91.62030774853658}, {"type": "numerical", "feature_label": "RAD", "cluster_label": "cluster_11", "mean": 24.0, "std": 0.0, "diff": 1.6149334258185704, "global_mean": 9.77494199535963, "global_std": 8.808448557209122}, {"type": "numerical", "feature_label": "TAX", "cluster_label": "cluster_11", "mean": 666.0, "std": 0.0, "diff": 1.4848729393217464, "global_mean": 412.41763341067286, "global_std": 170.77714858562737}]}, {"cluster": "cluster_12", "size": 26, "facts": [{"type": "numerical", "feature_label": "INDUS", "cluster_label": "cluster_12", "mean": 4.325384615384616, "std": 1.7555175436758945, "diff": -1.0133896543020704, "global_mean": 11.19228275710616, "global_std": 6.7761676000638}, {"type": "numerical", "feature_label": "TAX", "cluster_label": "cluster_12", "mean": 263.0769230769231, "std": 44.16688630811376, "diff": -0.8744771274762829, "global_mean": 412.41763341067286, "global_std": 170.77714858562737}, {"type": "numerical", "feature_label": "LSTAT", "cluster_label": "cluster_12", "mean": 6.969615384615386, "std": 2.201692950016838, "diff": -0.8140139371113314, "global_mean": 12.884991836383959, "global_std": 7.2669228155482255}]}, {"cluster": "cluster_13", "size": 15, "facts": [{"type": "numerical", "feature_label": "CRIM", "cluster_label": "cluster_13", "mean": 24.60602666666667, "std": 10.217522752777397, "diff": 2.3827646576103145, "global_mean": 3.742854147355657, "global_std": 8.755867875023286}, {"type": "numerical", "feature_label": "LSTAT", "cluster_label": "cluster_13", "mean": 28.449333333333332, "std": 6.915450059382218, "diff": 2.141806359033852, "global_mean": 12.884991836383959, "global_std": 7.2669228155482255}, {"type": "numerical", "feature_label": "RM", "cluster_label": "cluster_13", "mean": 4.7922666666666665, "std": 0.5189605636911794, "diff": -2.05715885203712, "global_mean": 6.302051044083534, "global_std": 0.7339172548205453}]}, {"cluster": "cluster_14", "size": 59, "facts": [{"type": "numerical", "feature_label": "RAD", "cluster_label": "cluster_14", "mean": 4.661016949152542, "std": 1.3847714798593707, "diff": -0.5805704617553433, "global_mean": 9.77494199535963, "global_std": 8.808448557209122}, {"type": "numerical", "feature_label": "TAX", "cluster_label": "cluster_14", "mean": 330.3728813559322, "std": 61.78965941417839, "diff": -0.48041996680606003, "global_mean": 412.41763341067286, "global_std": 170.77714858562737}, {"type": "numerical", "feature_label": "ZN", "cluster_label": "cluster_14", "mean": 1.2372881355932204, "std": 4.923865117101458, "diff": -0.4168901493079222, "global_mean": 10.935034802784223, "global_std": 23.262115171802925}]}, {"cluster": "cluster_15", "size": 10, "facts": [{"type": "numerical", "feature_label": "ZN", "cluster_label": "cluster_15", "mean": 86.25, "std": 6.373774391990981, "diff": 3.2376662500798075, "global_mean": 10.935034802784223, "global_std": 23.262115171802925}, {"type": "numerical", "feature_label": "PTRATIO", "cluster_label": "cluster_15", "mean": 14.110000000000003, "std": 1.1948500603283523, "diff": -1.9958632114927695, "global_mean": 18.44849187935028, "global_std": 2.173742095333968}, {"type": "numerical", "feature_label": "MEDV", "cluster_label": "cluster_15", "mean": 41.519999999999996, "std": 8.160991225199165, "diff": 1.9752508061217124, "global_mean": 22.724361948955938, "global_std": 9.515570373540653}]}, {"cluster": "cluster_16", "size": 23, "facts": [{"type": "numerical", "feature_label": "INDUS", "cluster_label": "cluster_16", "mean": 24.142608695652168, "std": 2.515682118579199, "diff": 1.9111578554261375, "global_mean": 11.19228275710616, "global_std": 6.7761676000638}, {"type": "numerical", "feature_label": "PTRATIO", "cluster_label": "cluster_16", "mean": 20.41304347826087, "std": 0.9111951930524521, "diff": 0.9037648040802945, "global_mean": 18.44849187935028, "global_std": 2.173742095333968}, {"type": "numerical", "feature_label": "DIS", "cluster_label": "cluster_16", "mean": 1.921260869565218, "std": 0.23121706593810856, "diff": -0.8636084399874758, "global_mean": 3.7171805104408326, "global_std": 2.079553137416836}]}, {"cluster": "cluster_17", "size": 20, "facts": [{"type": "numerical", "feature_label": "ZN", "cluster_label": "cluster_17", "mean": 76.875, "std": 13.225647929606124, "diff": 2.8346504481735444, "global_mean": 10.935034802784223, "global_std": 23.262115171802925}, {"type": "numerical", "feature_label": "DIS", "cluster_label": "cluster_17", "mean": 8.495079999999998, "std": 1.5765094650090616, "diff": 2.2975606651216145, "global_mean": 3.7171805104408326, "global_std": 2.079553137416836}, {"type": "numerical", "feature_label": "AGE", "cluster_label": "cluster_17", "mean": 29.625, "std": 11.329787241928615, "diff": -1.4425390484348108, "global_mean": 69.16676978602732, "global_std": 27.411230100794203}]}, {"cluster": "cluster_18", "size": 14, "facts": [{"type": "numerical", "feature_label": "PTRATIO", "cluster_label": "cluster_18", "mean": 14.699999999999998, "std": 1.8434126106923927e-15, "diff": -1.7244418679642732, "global_mean": 18.44849187935028, "global_std": 2.173742095333968}, {"type": "numerical", "feature_label": "NOX", "cluster_label": "cluster_18", "mean": 0.7190000000000003, "std": 0.13660498920948339, "diff": 1.4125288783950773, "global_mean": 0.5567744779582383, "global_std": 0.11484757906407088}, {"type": "numerical", "feature_label": "INDUS", "cluster_label": "cluster_18", "mean": 19.57999999999999, "std": 7.373650442769571e-15, "diff": 1.2378261191200257, "global_mean": 11.19228275710616, "global_std": 6.7761676000638}]}, {"cluster": "cluster_19", "size": 38, "facts": [{"type": "numerical", "feature_label": "RAD", "cluster_label": "cluster_19", "mean": 24.0, "std": 0.0, "diff": 1.6149334258185704, "global_mean": 9.77494199535963, "global_std": 8.808448557209122}, {"type": "numerical", "feature_label": "TAX", "cluster_label": "cluster_19", "mean": 666.0, "std": 0.0, "diff": 1.4848729393217464, "global_mean": 412.41763341067286, "global_std": 170.77714858562737}, {"type": "numerical", "feature_label": "NOX", "cluster_label": "cluster_19", "mean": 0.6737368421052629, "std": 0.0805161337569284, "diff": 1.0184138411988108, "global_mean": 0.5567744779582383, "global_std": 0.11484757906407088}]}]}