{
    "metrics": {
        "inertia": 1026.0517652695335,
        "silhouette": 0.20542025757966845,
        "nbClusters": 20
    },
    "processed_feature_names": [
        "B",
        "TAX",
        "CRIM",
        "PTRATIO",
        "MEDV",
        "DIS",
        "ZN",
        "INDUS",
        "RAD",
        "LSTAT",
        "NOX",
        "RM",
        "AGE",
        "dummy:CHAS:0",
        "dummy:CHAS:N/A",
        "dummy:CHAS:__Others__"
    ],
    "variables_importance": {
        "variables": [
            "B",
            "TAX",
            "CRIM",
            "PTRATIO",
            "MEDV",
            "DIS",
            "ZN",
            "INDUS",
            "RAD",
            "LSTAT",
            "NOX",
            "RM",
            "AGE",
            "dummy:CHAS:0",
            "dummy:CHAS:__Others__"
        ],
        "importances": [
            0.06827808469544808,
            0.04919618858936247,
            0.07580727891696432,
            0.06170944951283295,
            0.09850451305123943,
            0.10495553325189479,
            0.05322583470256044,
            0.09249741339839761,
            0.048055848944537315,
            0.08257087575453065,
            0.08326017758221463,
            0.08415967792729089,
            0.0922246717159119,
            0.003395103866831044,
            0.0021593480899835195
        ]
    },
    "reduce_vars": [],
    "train_nb_records": 431,
    "train_nb_features": 16,
    "train_nb_outliers": 0,
    "cluster_description": [
        {
            "variable": "dummy:CHAS:0",
            "var": 0.01,
            "values": [
                {
                    "cluster": "cluster_0",
                    "value": 0.8461538461538461
                },
                {
                    "cluster": "cluster_1",
                    "value": 0.8333333333333334
                },
                {
                    "cluster": "cluster_10",
                    "value": 0.5
                },
                {
                    "cluster": "cluster_11",
                    "value": 1.0
                },
                {
                    "cluster": "cluster_12",
                    "value": 0.8461538461538461
                },
                {
                    "cluster": "cluster_13",
                    "value": 1.0
                },
                {
                    "cluster": "cluster_14",
                    "value": 0.9152542372881356
                },
                {
                    "cluster": "cluster_15",
                    "value": 0.9
                },
                {
                    "cluster": "cluster_16",
                    "value": 1.0
                },
                {
                    "cluster": "cluster_17",
                    "value": 1.0
                },
                {
                    "cluster": "cluster_18",
                    "value": 0.8571428571428571
                },
                {
                    "cluster": "cluster_19",
                    "value": 0.868421052631579
                },
                {
                    "cluster": "cluster_2",
                    "value": 0.8620689655172413
                },
                {
                    "cluster": "cluster_3",
                    "value": 1.0
                },
                {
                    "cluster": "cluster_4",
                    "value": 1.0
                },
                {
                    "cluster": "cluster_5",
                    "value": 1.0
                },
                {
                    "cluster": "cluster_6",
                    "value": 1.0
                },
                {
                    "cluster": "cluster_7",
                    "value": 0.9705882352941176
                },
                {
                    "cluster": "cluster_8",
                    "value": 0.8571428571428571
                },
                {
                    "cluster": "cluster_9",
                    "value": 0.9047619047619048
                }
            ]
        },
        {
            "variable": "dummy:CHAS:N/A",
            "var": 0.0,
            "values": [
                {
                    "cluster": "cluster_0",
                    "value": 0.0
                },
                {
                    "cluster": "cluster_1",
                    "value": 0.0
                },
                {
                    "cluster": "cluster_10",
                    "value": 0.0
                },
                {
                    "cluster": "cluster_11",
                    "value": 0.0
                },
                {
                    "cluster": "cluster_12",
                    "value": 0.0
                },
                {
                    "cluster": "cluster_13",
                    "value": 0.0
                },
                {
                    "cluster": "cluster_14",
                    "value": 0.0
                },
                {
                    "cluster": "cluster_15",
                    "value": 0.0
                },
                {
                    "cluster": "cluster_16",
                    "value": 0.0
                },
                {
                    "cluster": "cluster_17",
                    "value": 0.0
                },
                {
                    "cluster": "cluster_18",
                    "value": 0.0
                },
                {
                    "cluster": "cluster_19",
                    "value": 0.0
                },
                {
                    "cluster": "cluster_2",
                    "value": 0.0
                },
                {
                    "cluster": "cluster_3",
                    "value": 0.0
                },
                {
                    "cluster": "cluster_4",
                    "value": 0.0
                },
                {
                    "cluster": "cluster_5",
                    "value": 0.0
                },
                {
                    "cluster": "cluster_6",
                    "value": 0.0
                },
                {
                    "cluster": "cluster_7",
                    "value": 0.0
                },
                {
                    "cluster": "cluster_8",
                    "value": 0.0
                },
                {
                    "cluster": "cluster_9",
                    "value": 0.0
                }
            ]
        },
        {
            "variable": "dummy:CHAS:__Others__",
            "var": 0.01,
            "values": [
                {
                    "cluster": "cluster_0",
                    "value": 0.15384615384615385
                },
                {
                    "cluster": "cluster_1",
                    "value": 0.16666666666666666
                },
                {
                    "cluster": "cluster_10",
                    "value": 0.5
                },
                {
                    "cluster": "cluster_11",
                    "value": 0.0
                },
                {
                    "cluster": "cluster_12",
                    "value": 0.15384615384615385
                },
                {
                    "cluster": "cluster_13",
                    "value": 0.0
                },
                {
                    "cluster": "cluster_14",
                    "value": 0.0847457627118644
                },
                {
                    "cluster": "cluster_15",
                    "value": 0.1
                },
                {
                    "cluster": "cluster_16",
                    "value": 0.0
                },
                {
                    "cluster": "cluster_17",
                    "value": 0.0
                },
                {
                    "cluster": "cluster_18",
                    "value": 0.14285714285714285
                },
                {
                    "cluster": "cluster_19",
                    "value": 0.13157894736842105
                },
                {
                    "cluster": "cluster_2",
                    "value": 0.13793103448275862
                },
                {
                    "cluster": "cluster_3",
                    "value": 0.0
                },
                {
                    "cluster": "cluster_4",
                    "value": 0.0
                },
                {
                    "cluster": "cluster_5",
                    "value": 0.0
                },
                {
                    "cluster": "cluster_6",
                    "value": 0.0
                },
                {
                    "cluster": "cluster_7",
                    "value": 0.029411764705882353
                },
                {
                    "cluster": "cluster_8",
                    "value": 0.14285714285714285
                },
                {
                    "cluster": "cluster_9",
                    "value": 0.09523809523809523
                }
            ]
        },
        {
            "variable": "B",
            "var": 6391.62,
            "values": [
                {
                    "cluster": "cluster_0",
                    "value": 386.96692307692314
                },
                {
                    "cluster": "cluster_1",
                    "value": 352.0516666666667
                },
                {
                    "cluster": "cluster_10",
                    "value": 368.605
                },
                {
                    "cluster": "cluster_11",
                    "value": 49.1888
                },
                {
                    "cluster": "cluster_12",
                    "value": 389.54499999999996
                },
                {
                    "cluster": "cluster_13",
                    "value": 288.4426666666667
                },
                {
                    "cluster": "cluster_14",
                    "value": 390.7513559322035
                },
                {
                    "cluster": "cluster_15",
                    "value": 389.293
                },
                {
                    "cluster": "cluster_16",
                    "value": 378.24652173913046
                },
                {
                    "cluster": "cluster_17",
                    "value": 389.49249999999995
                },
                {
                    "cluster": "cluster_18",
                    "value": 299.1842857142857
                },
                {
                    "cluster": "cluster_19",
                    "value": 376.9181578947368
                },
                {
                    "cluster": "cluster_2",
                    "value": 359.34931034482764
                },
                {
                    "cluster": "cluster_3",
                    "value": 366.879
                },
                {
                    "cluster": "cluster_4",
                    "value": 390.31285714285724
                },
                {
                    "cluster": "cluster_5",
                    "value": 388.94354838709666
                },
                {
                    "cluster": "cluster_6",
                    "value": 266.1066666666667
                },
                {
                    "cluster": "cluster_7",
                    "value": 388.1949999999998
                },
                {
                    "cluster": "cluster_8",
                    "value": 385.14500000000004
                },
                {
                    "cluster": "cluster_9",
                    "value": 392.06190476190466
                }
            ]
        },
        {
            "variable": "TAX",
            "var": 28135.12,
            "values": [
                {
                    "cluster": "cluster_0",
                    "value": 264.2307692307692
                },
                {
                    "cluster": "cluster_1",
                    "value": 403.0
                },
                {
                    "cluster": "cluster_10",
                    "value": 666.0
                },
                {
                    "cluster": "cluster_11",
                    "value": 666.0
                },
                {
                    "cluster": "cluster_12",
                    "value": 263.0769230769231
                },
                {
                    "cluster": "cluster_13",
                    "value": 666.0
                },
                {
                    "cluster": "cluster_14",
                    "value": 330.3728813559322
                },
                {
                    "cluster": "cluster_15",
                    "value": 276.5
                },
                {
                    "cluster": "cluster_16",
                    "value": 431.60869565217394
                },
                {
                    "cluster": "cluster_17",
                    "value": 333.6
                },
                {
                    "cluster": "cluster_18",
                    "value": 403.0
                },
                {
                    "cluster": "cluster_19",
                    "value": 666.0
                },
                {
                    "cluster": "cluster_2",
                    "value": 308.3448275862069
                },
                {
                    "cluster": "cluster_3",
                    "value": 666.0
                },
                {
                    "cluster": "cluster_4",
                    "value": 311.0
                },
                {
                    "cluster": "cluster_5",
                    "value": 303.06451612903226
                },
                {
                    "cluster": "cluster_6",
                    "value": 666.0
                },
                {
                    "cluster": "cluster_7",
                    "value": 273.70588235294116
                },
                {
                    "cluster": "cluster_8",
                    "value": 303.7142857142857
                },
                {
                    "cluster": "cluster_9",
                    "value": 304.2857142857143
                }
            ]
        },
        {
            "variable": "CRIM",
            "var": 303.91,
            "values": [
                {
                    "cluster": "cluster_0",
                    "value": 0.23637692307692307
                },
                {
                    "cluster": "cluster_1",
                    "value": 2.879523333333333
                },
                {
                    "cluster": "cluster_10",
                    "value": 6.184045661865571
                },
                {
                    "cluster": "cluster_11",
                    "value": 10.522153117695474
                },
                {
                    "cluster": "cluster_12",
                    "value": 0.44685222855333967
                },
                {
                    "cluster": "cluster_13",
                    "value": 24.60602666666667
                },
                {
                    "cluster": "cluster_14",
                    "value": 0.29643871137615946
                },
                {
                    "cluster": "cluster_15",
                    "value": 0.3826433971193416
                },
                {
                    "cluster": "cluster_16",
                    "value": 0.4012517391304347
                },
                {
                    "cluster": "cluster_17",
                    "value": 0.2161436985596708
                },
                {
                    "cluster": "cluster_18",
                    "value": 1.9457350000000002
                },
                {
                    "cluster": "cluster_19",
                    "value": 6.144992051115441
                },
                {
                    "cluster": "cluster_2",
                    "value": 0.6362993103448273
                },
                {
                    "cluster": "cluster_3",
                    "value": 10.707459132373113
                },
                {
                    "cluster": "cluster_4",
                    "value": 0.14260214285714287
                },
                {
                    "cluster": "cluster_5",
                    "value": 0.431191997212266
                },
                {
                    "cluster": "cluster_6",
                    "value": 76.81036666666667
                },
                {
                    "cluster": "cluster_7",
                    "value": 0.19380558823529415
                },
                {
                    "cluster": "cluster_8",
                    "value": 1.1305417122281012
                },
                {
                    "cluster": "cluster_9",
                    "value": 0.4022646639231824
                }
            ]
        },
        {
            "variable": "PTRATIO",
            "var": 5.44,
            "values": [
                {
                    "cluster": "cluster_0",
                    "value": 17.261538461538464
                },
                {
                    "cluster": "cluster_1",
                    "value": 14.700000000000001
                },
                {
                    "cluster": "cluster_10",
                    "value": 20.2
                },
                {
                    "cluster": "cluster_11",
                    "value": 20.199999999999992
                },
                {
                    "cluster": "cluster_12",
                    "value": 17.442307692307686
                },
                {
                    "cluster": "cluster_13",
                    "value": 20.199999999999996
                },
                {
                    "cluster": "cluster_14",
                    "value": 18.405084745762714
                },
                {
                    "cluster": "cluster_15",
                    "value": 14.110000000000003
                },
                {
                    "cluster": "cluster_16",
                    "value": 20.41304347826087
                },
                {
                    "cluster": "cluster_17",
                    "value": 16.96
                },
                {
                    "cluster": "cluster_18",
                    "value": 14.699999999999998
                },
                {
                    "cluster": "cluster_19",
                    "value": 20.20000000000001
                },
                {
                    "cluster": "cluster_2",
                    "value": 19.96206896551724
                },
                {
                    "cluster": "cluster_3",
                    "value": 20.2
                },
                {
                    "cluster": "cluster_4",
                    "value": 19.3
                },
                {
                    "cluster": "cluster_5",
                    "value": 17.267741935483873
                },
                {
                    "cluster": "cluster_6",
                    "value": 20.2
                },
                {
                    "cluster": "cluster_7",
                    "value": 19.27352941176472
                },
                {
                    "cluster": "cluster_8",
                    "value": 13.485714285714286
                },
                {
                    "cluster": "cluster_9",
                    "value": 16.752380952380953
                }
            ]
        },
        {
            "variable": "MEDV",
            "var": 132.56,
            "values": [
                {
                    "cluster": "cluster_0",
                    "value": 43.69230769230769
                },
                {
                    "cluster": "cluster_1",
                    "value": 14.499999999999998
                },
                {
                    "cluster": "cluster_10",
                    "value": 46.25
                },
                {
                    "cluster": "cluster_11",
                    "value": 12.948000000000002
                },
                {
                    "cluster": "cluster_12",
                    "value": 29.72692307692308
                },
                {
                    "cluster": "cluster_13",
                    "value": 11.526666666666669
                },
                {
                    "cluster": "cluster_14",
                    "value": 21.350847457627115
                },
                {
                    "cluster": "cluster_15",
                    "value": 41.519999999999996
                },
                {
                    "cluster": "cluster_16",
                    "value": 16.456521739130437
                },
                {
                    "cluster": "cluster_17",
                    "value": 24.460000000000004
                },
                {
                    "cluster": "cluster_18",
                    "value": 21.292857142857144
                },
                {
                    "cluster": "cluster_19",
                    "value": 19.913157894736845
                },
                {
                    "cluster": "cluster_2",
                    "value": 16.96896551724138
                },
                {
                    "cluster": "cluster_3",
                    "value": 12.743333333333338
                },
                {
                    "cluster": "cluster_4",
                    "value": 25.87857142857143
                },
                {
                    "cluster": "cluster_5",
                    "value": 23.60967741935484
                },
                {
                    "cluster": "cluster_6",
                    "value": 8.066666666666668
                },
                {
                    "cluster": "cluster_7",
                    "value": 21.70588235294118
                },
                {
                    "cluster": "cluster_8",
                    "value": 42.478571428571435
                },
                {
                    "cluster": "cluster_9",
                    "value": 31.87142857142858
                }
            ]
        },
        {
            "variable": "DIS",
            "var": 4.97,
            "values": [
                {
                    "cluster": "cluster_0",
                    "value": 3.621046153846154
                },
                {
                    "cluster": "cluster_1",
                    "value": 1.4147999999999998
                },
                {
                    "cluster": "cluster_10",
                    "value": 1.3005833333333334
                },
                {
                    "cluster": "cluster_11",
                    "value": 2.0979240000000003
                },
                {
                    "cluster": "cluster_12",
                    "value": 3.551961538461538
                },
                {
                    "cluster": "cluster_13",
                    "value": 1.48422
                },
                {
                    "cluster": "cluster_14",
                    "value": 3.180781355932204
                },
                {
                    "cluster": "cluster_15",
                    "value": 6.36098
                },
                {
                    "cluster": "cluster_16",
                    "value": 1.921260869565218
                },
                {
                    "cluster": "cluster_17",
                    "value": 8.495079999999998
                },
                {
                    "cluster": "cluster_18",
                    "value": 1.958292857142857
                },
                {
                    "cluster": "cluster_19",
                    "value": 2.5651763157894734
                },
                {
                    "cluster": "cluster_2",
                    "value": 4.1334103448275865
                },
                {
                    "cluster": "cluster_3",
                    "value": 1.8734233333333334
                },
                {
                    "cluster": "cluster_4",
                    "value": 8.12089285714286
                },
                {
                    "cluster": "cluster_5",
                    "value": 5.745770967741937
                },
                {
                    "cluster": "cluster_6",
                    "value": 1.5481666666666667
                },
                {
                    "cluster": "cluster_7",
                    "value": 4.936485294117649
                },
                {
                    "cluster": "cluster_8",
                    "value": 2.1283785714285712
                },
                {
                    "cluster": "cluster_9",
                    "value": 5.297709523809523
                }
            ]
        },
        {
            "variable": "ZN",
            "var": 679.68,
            "values": [
                {
                    "cluster": "cluster_0",
                    "value": 4.615384615384615
                },
                {
                    "cluster": "cluster_1",
                    "value": 0.0
                },
                {
                    "cluster": "cluster_10",
                    "value": 0.0
                },
                {
                    "cluster": "cluster_11",
                    "value": 0.0
                },
                {
                    "cluster": "cluster_12",
                    "value": 2.730769230769231
                },
                {
                    "cluster": "cluster_13",
                    "value": 0.0
                },
                {
                    "cluster": "cluster_14",
                    "value": 1.2372881355932204
                },
                {
                    "cluster": "cluster_15",
                    "value": 86.25
                },
                {
                    "cluster": "cluster_16",
                    "value": 0.0
                },
                {
                    "cluster": "cluster_17",
                    "value": 76.875
                },
                {
                    "cluster": "cluster_18",
                    "value": 0.0
                },
                {
                    "cluster": "cluster_19",
                    "value": 0.0
                },
                {
                    "cluster": "cluster_2",
                    "value": 2.0517241379310347
                },
                {
                    "cluster": "cluster_3",
                    "value": 0.0
                },
                {
                    "cluster": "cluster_4",
                    "value": 20.678571428571427
                },
                {
                    "cluster": "cluster_5",
                    "value": 11.370967741935484
                },
                {
                    "cluster": "cluster_6",
                    "value": 0.0
                },
                {
                    "cluster": "cluster_7",
                    "value": 4.985294117647059
                },
                {
                    "cluster": "cluster_8",
                    "value": 12.857142857142858
                },
                {
                    "cluster": "cluster_9",
                    "value": 50.38095238095238
                }
            ]
        },
        {
            "variable": "INDUS",
            "var": 48.28,
            "values": [
                {
                    "cluster": "cluster_0",
                    "value": 4.7323076923076925
                },
                {
                    "cluster": "cluster_1",
                    "value": 16.747997256515777
                },
                {
                    "cluster": "cluster_10",
                    "value": 18.099999999999998
                },
                {
                    "cluster": "cluster_11",
                    "value": 17.8193596707819
                },
                {
                    "cluster": "cluster_12",
                    "value": 4.325384615384616
                },
                {
                    "cluster": "cluster_13",
                    "value": 17.63226611796982
                },
                {
                    "cluster": "cluster_14",
                    "value": 9.712745344214262
                },
                {
                    "cluster": "cluster_15",
                    "value": 2.034
                },
                {
                    "cluster": "cluster_16",
                    "value": 24.142608695652168
                },
                {
                    "cluster": "cluster_17",
                    "value": 2.681
                },
                {
                    "cluster": "cluster_18",
                    "value": 19.57999999999999
                },
                {
                    "cluster": "cluster_19",
                    "value": 17.546104613385324
                },
                {
                    "cluster": "cluster_2",
                    "value": 8.586964665815243
                },
                {
                    "cluster": "cluster_3",
                    "value": 18.10000000000001
                },
                {
                    "cluster": "cluster_4",
                    "value": 4.567857142857142
                },
                {
                    "cluster": "cluster_5",
                    "value": 7.168515863533786
                },
                {
                    "cluster": "cluster_6",
                    "value": 18.1
                },
                {
                    "cluster": "cluster_7",
                    "value": 7.093823529411765
                },
                {
                    "cluster": "cluster_8",
                    "value": 8.429999999999998
                },
                {
                    "cluster": "cluster_9",
                    "value": 4.5699039780521264
                }
            ]
        },
        {
            "variable": "RAD",
            "var": 84.6,
            "values": [
                {
                    "cluster": "cluster_0",
                    "value": 5.461538461538462
                },
                {
                    "cluster": "cluster_1",
                    "value": 5.0
                },
                {
                    "cluster": "cluster_10",
                    "value": 24.0
                },
                {
                    "cluster": "cluster_11",
                    "value": 24.0
                },
                {
                    "cluster": "cluster_12",
                    "value": 4.576923076923077
                },
                {
                    "cluster": "cluster_13",
                    "value": 24.0
                },
                {
                    "cluster": "cluster_14",
                    "value": 4.661016949152542
                },
                {
                    "cluster": "cluster_15",
                    "value": 2.5
                },
                {
                    "cluster": "cluster_16",
                    "value": 3.4782608695652173
                },
                {
                    "cluster": "cluster_17",
                    "value": 3.9
                },
                {
                    "cluster": "cluster_18",
                    "value": 5.0
                },
                {
                    "cluster": "cluster_19",
                    "value": 24.0
                },
                {
                    "cluster": "cluster_2",
                    "value": 4.482758620689655
                },
                {
                    "cluster": "cluster_3",
                    "value": 24.0
                },
                {
                    "cluster": "cluster_4",
                    "value": 5.857142857142857
                },
                {
                    "cluster": "cluster_5",
                    "value": 4.516129032258065
                },
                {
                    "cluster": "cluster_6",
                    "value": 24.0
                },
                {
                    "cluster": "cluster_7",
                    "value": 4.411764705882353
                },
                {
                    "cluster": "cluster_8",
                    "value": 5.0
                },
                {
                    "cluster": "cluster_9",
                    "value": 4.0476190476190474
                }
            ]
        },
        {
            "variable": "LSTAT",
            "var": 58.46,
            "values": [
                {
                    "cluster": "cluster_0",
                    "value": 5.673912630579299
                },
                {
                    "cluster": "cluster_1",
                    "value": 28.03
                },
                {
                    "cluster": "cluster_10",
                    "value": 5.913333333333334
                },
                {
                    "cluster": "cluster_11",
                    "value": 20.612399999999997
                },
                {
                    "cluster": "cluster_12",
                    "value": 6.969615384615386
                },
                {
                    "cluster": "cluster_13",
                    "value": 28.449333333333332
                },
                {
                    "cluster": "cluster_14",
                    "value": 12.003249633814612
                },
                {
                    "cluster": "cluster_15",
                    "value": 4.619999999999999
                },
                {
                    "cluster": "cluster_16",
                    "value": 18.984347826086957
                },
                {
                    "cluster": "cluster_17",
                    "value": 6.732499999999999
                },
                {
                    "cluster": "cluster_18",
                    "value": 11.617857142857142
                },
                {
                    "cluster": "cluster_19",
                    "value": 13.526338531513973
                },
                {
                    "cluster": "cluster_2",
                    "value": 18.954827586206896
                },
                {
                    "cluster": "cluster_3",
                    "value": 20.57451440329218
                },
                {
                    "cluster": "cluster_4",
                    "value": 8.015776014109347
                },
                {
                    "cluster": "cluster_5",
                    "value": 8.255189167662289
                },
                {
                    "cluster": "cluster_6",
                    "value": 20.27
                },
                {
                    "cluster": "cluster_7",
                    "value": 10.281924473493103
                },
                {
                    "cluster": "cluster_8",
                    "value": 6.71
                },
                {
                    "cluster": "cluster_9",
                    "value": 5.286925338036449
                }
            ]
        },
        {
            "variable": "NOX",
            "var": 0.02,
            "values": [
                {
                    "cluster": "cluster_0",
                    "value": 0.48044615384615386
                },
                {
                    "cluster": "cluster_1",
                    "value": 0.8710000000000001
                },
                {
                    "cluster": "cluster_10",
                    "value": 0.6516666666666667
                },
                {
                    "cluster": "cluster_11",
                    "value": 0.6745199999999998
                },
                {
                    "cluster": "cluster_12",
                    "value": 0.48872692307692284
                },
                {
                    "cluster": "cluster_13",
                    "value": 0.6713999999999999
                },
                {
                    "cluster": "cluster_14",
                    "value": 0.5331864406779664
                },
                {
                    "cluster": "cluster_15",
                    "value": 0.4076200000000001
                },
                {
                    "cluster": "cluster_16",
                    "value": 0.6095217391304348
                },
                {
                    "cluster": "cluster_17",
                    "value": 0.40580000000000005
                },
                {
                    "cluster": "cluster_18",
                    "value": 0.7190000000000003
                },
                {
                    "cluster": "cluster_19",
                    "value": 0.6737368421052629
                },
                {
                    "cluster": "cluster_2",
                    "value": 0.5191724137931035
                },
                {
                    "cluster": "cluster_3",
                    "value": 0.6791999999999999
                },
                {
                    "cluster": "cluster_4",
                    "value": 0.4367214285714286
                },
                {
                    "cluster": "cluster_5",
                    "value": 0.44464193548387104
                },
                {
                    "cluster": "cluster_6",
                    "value": 0.681
                },
                {
                    "cluster": "cluster_7",
                    "value": 0.47870588235294126
                },
                {
                    "cluster": "cluster_8",
                    "value": 0.6247142857142858
                },
                {
                    "cluster": "cluster_9",
                    "value": 0.4388047619047618
                }
            ]
        },
        {
            "variable": "RM",
            "var": 0.59,
            "values": [
                {
                    "cluster": "cluster_0",
                    "value": 7.995538461538461
                },
                {
                    "cluster": "cluster_1",
                    "value": 5.335999999999999
                },
                {
                    "cluster": "cluster_10",
                    "value": 5.720166666666667
                },
                {
                    "cluster": "cluster_11",
                    "value": 6.35196
                },
                {
                    "cluster": "cluster_12",
                    "value": 6.819653846153847
                },
                {
                    "cluster": "cluster_13",
                    "value": 4.7922666666666665
                },
                {
                    "cluster": "cluster_14",
                    "value": 6.065457627118643
                },
                {
                    "cluster": "cluster_15",
                    "value": 7.5504999999999995
                },
                {
                    "cluster": "cluster_16",
                    "value": 5.870260869565217
                },
                {
                    "cluster": "cluster_17",
                    "value": 6.392249999999999
                },
                {
                    "cluster": "cluster_18",
                    "value": 5.986714285714285
                },
                {
                    "cluster": "cluster_19",
                    "value": 6.363526315789476
                },
                {
                    "cluster": "cluster_2",
                    "value": 5.877827586206895
                },
                {
                    "cluster": "cluster_3",
                    "value": 6.034199999999999
                },
                {
                    "cluster": "cluster_4",
                    "value": 6.624999999999999
                },
                {
                    "cluster": "cluster_5",
                    "value": 6.315967741935485
                },
                {
                    "cluster": "cluster_6",
                    "value": 6.2026666666666666
                },
                {
                    "cluster": "cluster_7",
                    "value": 6.050147058823531
                },
                {
                    "cluster": "cluster_8",
                    "value": 7.680071428571428
                },
                {
                    "cluster": "cluster_9",
                    "value": 6.8663333333333325
                }
            ]
        },
        {
            "variable": "AGE",
            "var": 711.52,
            "values": [
                {
                    "cluster": "cluster_0",
                    "value": 63.26296296296295
                },
                {
                    "cluster": "cluster_1",
                    "value": 97.88333333333333
                },
                {
                    "cluster": "cluster_10",
                    "value": 90.05308641975309
                },
                {
                    "cluster": "cluster_11",
                    "value": 88.00474074074074
                },
                {
                    "cluster": "cluster_12",
                    "value": 70.7314814814815
                },
                {
                    "cluster": "cluster_13",
                    "value": 96.74666666666666
                },
                {
                    "cluster": "cluster_14",
                    "value": 73.12529817953548
                },
                {
                    "cluster": "cluster_15",
                    "value": 30.160000000000004
                },
                {
                    "cluster": "cluster_16",
                    "value": 91.58421900161031
                },
                {
                    "cluster": "cluster_17",
                    "value": 29.625
                },
                {
                    "cluster": "cluster_18",
                    "value": 93.12275132275133
                },
                {
                    "cluster": "cluster_19",
                    "value": 82.50311890838206
                },
                {
                    "cluster": "cluster_2",
                    "value": 90.40344827586208
                },
                {
                    "cluster": "cluster_3",
                    "value": 95.97666666666669
                },
                {
                    "cluster": "cluster_4",
                    "value": 35.72142857142857
                },
                {
                    "cluster": "cluster_5",
                    "value": 28.57741935483871
                },
                {
                    "cluster": "cluster_6",
                    "value": 97.3
                },
                {
                    "cluster": "cluster_7",
                    "value": 44.561764705882354
                },
                {
                    "cluster": "cluster_8",
                    "value": 85.72989417989416
                },
                {
                    "cluster": "cluster_9",
                    "value": 34.405643738977076
                }
            ]
        },
        {
            "variable": "cluster_size",
            "var": 175.21,
            "values": [
                {
                    "cluster": "cluster_14",
                    "value": 59
                },
                {
                    "cluster": "cluster_19",
                    "value": 38
                },
                {
                    "cluster": "cluster_7",
                    "value": 34
                },
                {
                    "cluster": "cluster_5",
                    "value": 31
                },
                {
                    "cluster": "cluster_3",
                    "value": 30
                },
                {
                    "cluster": "cluster_2",
                    "value": 29
                },
                {
                    "cluster": "cluster_12",
                    "value": 26
                },
                {
                    "cluster": "cluster_11",
                    "value": 25
                },
                {
                    "cluster": "cluster_16",
                    "value": 23
                },
                {
                    "cluster": "cluster_9",
                    "value": 21
                },
                {
                    "cluster": "cluster_17",
                    "value": 20
                },
                {
                    "cluster": "cluster_13",
                    "value": 15
                },
                {
                    "cluster": "cluster_18",
                    "value": 14
                },
                {
                    "cluster": "cluster_4",
                    "value": 14
                },
                {
                    "cluster": "cluster_8",
                    "value": 14
                },
                {
                    "cluster": "cluster_0",
                    "value": 13
                },
                {
                    "cluster": "cluster_15",
                    "value": 10
                },
                {
                    "cluster": "cluster_1",
                    "value": 6
                },
                {
                    "cluster": "cluster_10",
                    "value": 6
                },
                {
                    "cluster": "cluster_6",
                    "value": 3
                }
            ]
        }
    ],
    "summary": {
        "clusters": []
    }
}