{
  "starred": false,
  "clusterMetas": {
    "cluster_9": {
      "name": "cluster_9",
      "color": "#7BC9A6"
    },
    "cluster_7": {
      "name": "cluster_7",
      "color": "#F06548"
    },
    "cluster_8": {
      "name": "cluster_8",
      "color": "#FDC766"
    },
    "cluster_5": {
      "name": "cluster_5",
      "color": "#97668F"
    },
    "cluster_6": {
      "name": "cluster_6",
      "color": "#5E2974"
    },
    "cluster_3": {
      "name": "cluster_3",
      "color": "#4EC5DA"
    },
    "cluster_4": {
      "name": "cluster_4",
      "color": "#548ECB"
    },
    "cluster_1": {
      "name": "cluster_1",
      "color": "#FDC766"
    },
    "cluster_2": {
      "name": "cluster_2",
      "color": "#7BC9A6"
    },
    "cluster_12": {
      "name": "cluster_12",
      "color": "#97668F"
    },
    "cluster_0": {
      "name": "cluster_0",
      "color": "#F06548"
    },
    "cluster_13": {
      "name": "cluster_13",
      "color": "#5E2974"
    },
    "cluster_10": {
      "name": "cluster_10",
      "color": "#4EC5DA"
    },
    "cluster_11": {
      "name": "cluster_11",
      "color": "#548ECB"
    },
    "cluster_16": {
      "name": "cluster_16",
      "color": "#7BC9A6"
    },
    "cluster_17": {
      "name": "cluster_17",
      "color": "#4EC5DA"
    },
    "cluster_14": {
      "name": "cluster_14",
      "color": "#F06548"
    },
    "cluster_15": {
      "name": "cluster_15",
      "color": "#FDC766"
    },
    "cluster_18": {
      "name": "cluster_18",
      "color": "#548ECB"
    },
    "cluster_19": {
      "name": "cluster_19",
      "color": "#97668F"
    }
  },
  "customMeta": {
    "kv": {}
  },
  "tags": [],
  "activeClassifierThreshold": 0.0,
  "description": "KMeans (k\u003d20)\nDrop outliers\n\nTrained in 1 seconds on 431 records\n",
  "name": "KMeans (k\u003d20) (s1)",
  "labels": [
    {
      "key": "trainDataset:dataset-name",
      "value": "train"
    },
    {
      "key": "testDataset:dataset-name",
      "value": "train"
    },
    {
      "key": "evaluationDataset:dataset-name",
      "value": "train"
    },
    {
      "key": "model:algorithm",
      "value": "KMEANS"
    },
    {
      "key": "model:name",
      "value": "KMeans (k\u003d20) (s1)"
    },
    {
      "key": "model:date",
      "value": "2022-11-02T09:16:51.219+0000"
    },
    {
      "key": "evaluation:date",
      "value": "2022-11-02T09:16:51.219+0000"
    }
  ]
}