{
    "metrics": {
        "inertia": 2611.393111522304,
        "silhouette": 0.26085272017232414,
        "nbClusters": 4
    },
    "processed_feature_names": [
        "B",
        "TAX",
        "CRIM",
        "PTRATIO",
        "MEDV",
        "DIS",
        "ZN",
        "INDUS",
        "RAD",
        "LSTAT",
        "NOX",
        "RM",
        "AGE",
        "dummy:CHAS:0",
        "dummy:CHAS:N/A",
        "dummy:CHAS:__Others__"
    ],
    "variables_importance": {
        "variables": [
            "B",
            "TAX",
            "CRIM",
            "PTRATIO",
            "MEDV",
            "DIS",
            "ZN",
            "INDUS",
            "RAD",
            "LSTAT",
            "NOX",
            "RM",
            "AGE",
            "dummy:CHAS:0",
            "dummy:CHAS:__Others__"
        ],
        "importances": [
            0.009154277109594593,
            0.16341660342623515,
            0.09466163031152833,
            0.03734012315364441,
            0.11492604474865667,
            0.06601865043397873,
            0.11223914495736233,
            0.0725343942728073,
            0.08027865359980288,
            0.046050523009605285,
            0.09184037181174295,
            0.07845910526517909,
            0.031699031522864095,
            0.0008227491810185104,
            0.0005586971959796576
        ]
    },
    "reduce_vars": [],
    "train_nb_records": 431,
    "train_nb_features": 16,
    "train_nb_outliers": 0,
    "cluster_description": [
        {
            "variable": "dummy:CHAS:0",
            "var": 0.0,
            "values": [
                {
                    "cluster": "cluster_0",
                    "value": 0.9322033898305084
                },
                {
                    "cluster": "cluster_1",
                    "value": 0.8653846153846154
                },
                {
                    "cluster": "cluster_2",
                    "value": 0.9259259259259259
                },
                {
                    "cluster": "cluster_3",
                    "value": 0.9552238805970149
                }
            ]
        },
        {
            "variable": "dummy:CHAS:N/A",
            "var": 0.0,
            "values": [
                {
                    "cluster": "cluster_0",
                    "value": 0.0
                },
                {
                    "cluster": "cluster_1",
                    "value": 0.0
                },
                {
                    "cluster": "cluster_2",
                    "value": 0.0
                },
                {
                    "cluster": "cluster_3",
                    "value": 0.0
                }
            ]
        },
        {
            "variable": "dummy:CHAS:__Others__",
            "var": 0.0,
            "values": [
                {
                    "cluster": "cluster_0",
                    "value": 0.06779661016949153
                },
                {
                    "cluster": "cluster_1",
                    "value": 0.1346153846153846
                },
                {
                    "cluster": "cluster_2",
                    "value": 0.07407407407407407
                },
                {
                    "cluster": "cluster_3",
                    "value": 0.04477611940298507
                }
            ]
        },
        {
            "variable": "B",
            "var": 2093.77,
            "values": [
                {
                    "cluster": "cluster_0",
                    "value": 381.1627118644069
                },
                {
                    "cluster": "cluster_1",
                    "value": 387.59961538461545
                },
                {
                    "cluster": "cluster_2",
                    "value": 294.96829629629644
                },
                {
                    "cluster": "cluster_3",
                    "value": 389.8059701492539
                }
            ]
        },
        {
            "variable": "TAX",
            "var": 29642.77,
            "values": [
                {
                    "cluster": "cluster_0",
                    "value": 315.08474576271186
                },
                {
                    "cluster": "cluster_1",
                    "value": 275.8076923076923
                },
                {
                    "cluster": "cluster_2",
                    "value": 643.0962962962963
                },
                {
                    "cluster": "cluster_3",
                    "value": 310.7761194029851
                }
            ]
        },
        {
            "variable": "CRIM",
            "var": 27.74,
            "values": [
                {
                    "cluster": "cluster_0",
                    "value": 0.43752187521796765
                },
                {
                    "cluster": "cluster_1",
                    "value": 0.5902346521842355
                },
                {
                    "cluster": "cluster_2",
                    "value": 10.98412276909008
                },
                {
                    "cluster": "cluster_3",
                    "value": 0.3310446247159265
                }
            ]
        },
        {
            "variable": "PTRATIO",
            "var": 2.71,
            "values": [
                {
                    "cluster": "cluster_0",
                    "value": 18.66779661016948
                },
                {
                    "cluster": "cluster_1",
                    "value": 16.234615384615378
                },
                {
                    "cluster": "cluster_2",
                    "value": 19.811111111111096
                },
                {
                    "cluster": "cluster_3",
                    "value": 16.841791044776123
                }
            ]
        },
        {
            "variable": "MEDV",
            "var": 88.39,
            "values": [
                {
                    "cluster": "cluster_0",
                    "value": 20.7412429378531
                },
                {
                    "cluster": "cluster_1",
                    "value": 37.42115384615384
                },
                {
                    "cluster": "cluster_2",
                    "value": 16.278518518518517
                },
                {
                    "cluster": "cluster_3",
                    "value": 29.544776119402982
                }
            ]
        },
        {
            "variable": "DIS",
            "var": 4.52,
            "values": [
                {
                    "cluster": "cluster_0",
                    "value": 3.937250282485876
                },
                {
                    "cluster": "cluster_1",
                    "value": 3.197819230769231
                },
                {
                    "cluster": "cluster_2",
                    "value": 2.0051540740740736
                },
                {
                    "cluster": "cluster_3",
                    "value": 6.988494029850747
                }
            ]
        },
        {
            "variable": "ZN",
            "var": 737.61,
            "values": [
                {
                    "cluster": "cluster_0",
                    "value": 2.878531073446328
                },
                {
                    "cluster": "cluster_1",
                    "value": 7.0
                },
                {
                    "cluster": "cluster_2",
                    "value": 0.0
                },
                {
                    "cluster": "cluster_3",
                    "value": 57.30597014925373
                }
            ]
        },
        {
            "variable": "INDUS",
            "var": 42.02,
            "values": [
                {
                    "cluster": "cluster_0",
                    "value": 10.272700239473632
                },
                {
                    "cluster": "cluster_1",
                    "value": 5.5032692307692255
                },
                {
                    "cluster": "cluster_2",
                    "value": 18.265169943606107
                },
                {
                    "cluster": "cluster_3",
                    "value": 3.7856415453596224
                }
            ]
        },
        {
            "variable": "RAD",
            "var": 70.99,
            "values": [
                {
                    "cluster": "cluster_0",
                    "value": 4.367231638418079
                },
                {
                    "cluster": "cluster_1",
                    "value": 5.173076923076923
                },
                {
                    "cluster": "cluster_2",
                    "value": 21.40740740740741
                },
                {
                    "cluster": "cluster_3",
                    "value": 4.1940298507462686
                }
            ]
        },
        {
            "variable": "LSTAT",
            "var": 38.45,
            "values": [
                {
                    "cluster": "cluster_0",
                    "value": 12.677703145706916
                },
                {
                    "cluster": "cluster_1",
                    "value": 6.195016619183286
                },
                {
                    "cluster": "cluster_2",
                    "value": 19.09597256515775
                },
                {
                    "cluster": "cluster_3",
                    "value": 6.1101621522019585
                }
            ]
        },
        {
            "variable": "NOX",
            "var": 0.01,
            "values": [
                {
                    "cluster": "cluster_0",
                    "value": 0.5201350282485864
                },
                {
                    "cluster": "cluster_1",
                    "value": 0.5220884615384613
                },
                {
                    "cluster": "cluster_2",
                    "value": 0.6851259259259252
                },
                {
                    "cluster": "cluster_3",
                    "value": 0.4218701492537313
                }
            ]
        },
        {
            "variable": "RM",
            "var": 0.44,
            "values": [
                {
                    "cluster": "cluster_0",
                    "value": 6.059502824858758
                },
                {
                    "cluster": "cluster_1",
                    "value": 7.386615384615386
                },
                {
                    "cluster": "cluster_2",
                    "value": 5.968725925925925
                },
                {
                    "cluster": "cluster_3",
                    "value": 6.7726865671641825
                }
            ]
        },
        {
            "variable": "AGE",
            "var": 618.15,
            "values": [
                {
                    "cluster": "cluster_0",
                    "value": 67.12513078049797
                },
                {
                    "cluster": "cluster_1",
                    "value": 69.76260683760685
                },
                {
                    "cluster": "cluster_2",
                    "value": 90.65596707818926
                },
                {
                    "cluster": "cluster_3",
                    "value": 30.798783858485347
                }
            ]
        },
        {
            "variable": "cluster_size",
            "var": 3435.58,
            "values": [
                {
                    "cluster": "cluster_0",
                    "value": 177
                },
                {
                    "cluster": "cluster_2",
                    "value": 135
                },
                {
                    "cluster": "cluster_3",
                    "value": 67
                },
                {
                    "cluster": "cluster_1",
                    "value": 52
                }
            ]
        }
    ],
    "summary": {
        "clusters": []
    }
}