{
    "metrics": {
        "inertia": 2940.4515204543263,
        "silhouette": 0.26079172200362843,
        "nbClusters": 3
    },
    "processed_feature_names": [
        "B",
        "TAX",
        "CRIM",
        "PTRATIO",
        "MEDV",
        "DIS",
        "ZN",
        "INDUS",
        "RAD",
        "LSTAT",
        "NOX",
        "RM",
        "AGE",
        "dummy:CHAS:0",
        "dummy:CHAS:N/A",
        "dummy:CHAS:__Others__"
    ],
    "variables_importance": {
        "variables": [
            "B",
            "TAX",
            "CRIM",
            "PTRATIO",
            "MEDV",
            "DIS",
            "ZN",
            "INDUS",
            "RAD",
            "LSTAT",
            "NOX",
            "RM",
            "AGE",
            "dummy:CHAS:0",
            "dummy:CHAS:__Others__"
        ],
        "importances": [
            0.006498157087900581,
            0.15550922003245052,
            0.07114419035676404,
            0.04519483096098623,
            0.07219239449212873,
            0.06136541702984362,
            0.09737951452817147,
            0.08644505933308794,
            0.08528497058909354,
            0.056171432497840526,
            0.13915939145338577,
            0.09284930447011408,
            0.03022424471540185,
            0.00031886210114411473,
            0.0002630103516870311
        ]
    },
    "reduce_vars": [],
    "train_nb_records": 431,
    "train_nb_features": 16,
    "train_nb_outliers": 0,
    "cluster_description": [
        {
            "variable": "dummy:CHAS:0",
            "var": 0.0,
            "values": [
                {
                    "cluster": "cluster_0",
                    "value": 0.9315068493150684
                },
                {
                    "cluster": "cluster_1",
                    "value": 0.9313725490196079
                },
                {
                    "cluster": "cluster_2",
                    "value": 0.9180327868852459
                }
            ]
        },
        {
            "variable": "dummy:CHAS:N/A",
            "var": 0.0,
            "values": [
                {
                    "cluster": "cluster_0",
                    "value": 0.0
                },
                {
                    "cluster": "cluster_1",
                    "value": 0.0
                },
                {
                    "cluster": "cluster_2",
                    "value": 0.0
                }
            ]
        },
        {
            "variable": "dummy:CHAS:__Others__",
            "var": 0.0,
            "values": [
                {
                    "cluster": "cluster_0",
                    "value": 0.0684931506849315
                },
                {
                    "cluster": "cluster_1",
                    "value": 0.06862745098039216
                },
                {
                    "cluster": "cluster_2",
                    "value": 0.08196721311475409
                }
            ]
        },
        {
            "variable": "B",
            "var": 2330.35,
            "values": [
                {
                    "cluster": "cluster_0",
                    "value": 302.03136986301405
                },
                {
                    "cluster": "cluster_1",
                    "value": 389.63401960784324
                },
                {
                    "cluster": "cluster_2",
                    "value": 380.980601092896
                }
            ]
        },
        {
            "variable": "TAX",
            "var": 35388.41,
            "values": [
                {
                    "cluster": "cluster_0",
                    "value": 627.1027397260274
                },
                {
                    "cluster": "cluster_1",
                    "value": 297.48039215686276
                },
                {
                    "cluster": "cluster_2",
                    "value": 305.2021857923497
                }
            ]
        },
        {
            "variable": "CRIM",
            "var": 31.94,
            "values": [
                {
                    "cluster": "cluster_0",
                    "value": 10.209753656350415
                },
                {
                    "cluster": "cluster_1",
                    "value": 0.3903178806584364
                },
                {
                    "cluster": "cluster_2",
                    "value": 0.4520966112347929
                }
            ]
        },
        {
            "variable": "PTRATIO",
            "var": 2.82,
            "values": [
                {
                    "cluster": "cluster_0",
                    "value": 19.826712328767098
                },
                {
                    "cluster": "cluster_1",
                    "value": 16.485294117647058
                },
                {
                    "cluster": "cluster_2",
                    "value": 18.44316939890709
                }
            ]
        },
        {
            "variable": "MEDV",
            "var": 74.28,
            "values": [
                {
                    "cluster": "cluster_0",
                    "value": 16.398630136986302
                },
                {
                    "cluster": "cluster_1",
                    "value": 33.29215686274508
                },
                {
                    "cluster": "cluster_2",
                    "value": 21.88087431693988
                }
            ]
        },
        {
            "variable": "DIS",
            "var": 3.49,
            "values": [
                {
                    "cluster": "cluster_0",
                    "value": 1.9944938356164392
                },
                {
                    "cluster": "cluster_1",
                    "value": 5.730130392156863
                },
                {
                    "cluster": "cluster_2",
                    "value": 3.969592349726775
                }
            ]
        },
        {
            "variable": "ZN",
            "var": 530.45,
            "values": [
                {
                    "cluster": "cluster_0",
                    "value": 0.0
                },
                {
                    "cluster": "cluster_1",
                    "value": 41.21078431372549
                },
                {
                    "cluster": "cluster_2",
                    "value": 2.7841530054644807
                }
            ]
        },
        {
            "variable": "INDUS",
            "var": 51.18,
            "values": [
                {
                    "cluster": "cluster_0",
                    "value": 18.506629742375505
                },
                {
                    "cluster": "cluster_1",
                    "value": 4.464588073912695
                },
                {
                    "cluster": "cluster_2",
                    "value": 9.106655422878877
                }
            ]
        },
        {
            "variable": "RAD",
            "var": 81.47,
            "values": [
                {
                    "cluster": "cluster_0",
                    "value": 20.10958904109589
                },
                {
                    "cluster": "cluster_1",
                    "value": 4.46078431372549
                },
                {
                    "cluster": "cluster_2",
                    "value": 4.491803278688525
                }
            ]
        },
        {
            "variable": "LSTAT",
            "var": 41.24,
            "values": [
                {
                    "cluster": "cluster_0",
                    "value": 18.84148148148148
                },
                {
                    "cluster": "cluster_1",
                    "value": 6.009526748971193
                },
                {
                    "cluster": "cluster_2",
                    "value": 11.965046211967888
                }
            ]
        },
        {
            "variable": "NOX",
            "var": 0.01,
            "values": [
                {
                    "cluster": "cluster_0",
                    "value": 0.68390410958904
                },
                {
                    "cluster": "cluster_1",
                    "value": 0.45730294117647086
                },
                {
                    "cluster": "cluster_2",
                    "value": 0.5107918032786872
                }
            ]
        },
        {
            "variable": "RM",
            "var": 0.35,
            "values": [
                {
                    "cluster": "cluster_0",
                    "value": 5.9810684931506835
                },
                {
                    "cluster": "cluster_1",
                    "value": 7.068205882352941
                },
                {
                    "cluster": "cluster_2",
                    "value": 6.1310983606557405
                }
            ]
        },
        {
            "variable": "AGE",
            "var": 564.22,
            "values": [
                {
                    "cluster": "cluster_0",
                    "value": 90.75885337392182
                },
                {
                    "cluster": "cluster_1",
                    "value": 43.257588961510535
                },
                {
                    "cluster": "cluster_2",
                    "value": 66.38148148148147
                }
            ]
        },
        {
            "variable": "cluster_size",
            "var": 1644.33,
            "values": [
                {
                    "cluster": "cluster_2",
                    "value": 183
                },
                {
                    "cluster": "cluster_0",
                    "value": 146
                },
                {
                    "cluster": "cluster_1",
                    "value": 102
                }
            ]
        }
    ],
    "summary": {
        "clusters": []
    }
}