{"global": {"size": 431, "facts": [{"type": "numerical", "feature_label": "CRIM", "cluster_label": "cluster_5", "mean": 56.24572857142858, "std": 20.40771347993321, "diff": 5.996307296257973, "global_mean": 3.742854147355657, "global_std": 8.755867875023286}, {"type": "numerical", "feature_label": "DIS", "cluster_label": "cluster_8", "mean": 8.39637741935484, "std": 1.3322578608536906, "diff": 2.2500973044268435, "global_mean": 3.7171805104408326, "global_std": 2.079553137416836}, {"type": "numerical", "feature_label": "PTRATIO", "cluster_label": "cluster_3", "mean": 14.199999999999996, "std": 0.7862453931068962, "diff": -1.95445995570029, "global_mean": 18.44849187935028, "global_std": 2.173742095333968}, {"type": "numerical", "feature_label": "INDUS", "cluster_label": "cluster_7", "mean": 24.142608695652168, "std": 2.515682118579199, "diff": 1.9111578554261375, "global_mean": 11.19228275710616, "global_std": 6.7761676000638}, {"type": "numerical", "feature_label": "RAD", "cluster_label": "cluster_2", "mean": 24.0, "std": 0.0, "diff": 1.6149334258185704, "global_mean": 9.77494199535963, "global_std": 8.808448557209122}, {"type": "numerical", "feature_label": "RAD", "cluster_label": "cluster_5", "mean": 24.0, "std": 0.0, "diff": 1.6149334258185704, "global_mean": 9.77494199535963, "global_std": 8.808448557209122}, {"type": "numerical", "feature_label": "TAX", "cluster_label": "cluster_2", "mean": 666.0, "std": 0.0, "diff": 1.4848729393217464, "global_mean": 412.41763341067286, "global_std": 170.77714858562737}, {"type": "numerical", "feature_label": "TAX", "cluster_label": "cluster_5", "mean": 666.0, "std": 0.0, "diff": 1.4848729393217464, "global_mean": 412.41763341067286, "global_std": 170.77714858562737}, {"type": "numerical", "feature_label": "PTRATIO", "cluster_label": "cluster_6", "mean": 15.436538461538458, "std": 1.1263386538681817, "diff": -1.3856075310300655, "global_mean": 18.44849187935028, "global_std": 2.173742095333968}, {"type": "numerical", "feature_label": "NOX", "cluster_label": "cluster_3", "mean": 0.7091176470588233, "std": 0.12275518003163426, "diff": 1.3264813271823184, "global_mean": 0.5567744779582383, "global_std": 0.11484757906407088}]}, "clusters": [{"cluster": "cluster_0", "size": 55, "facts": [{"type": "numerical", "feature_label": "AGE", "cluster_label": "cluster_0", "mean": 34.385454545454536, "std": 14.487087714158097, "diff": -1.2688710106287802, "global_mean": 69.16676978602732, "global_std": 27.411230100794203}, {"type": "numerical", "feature_label": "TAX", "cluster_label": "cluster_0", "mean": 273.23636363636365, "std": 45.69300280185692, "diff": -0.8149876662481219, "global_mean": 412.41763341067286, "global_std": 170.77714858562737}, {"type": "numerical", "feature_label": "NOX", "cluster_label": "cluster_0", "mean": 0.4718363636363638, "std": 0.03960348078434129, "diff": -0.7395725274669436, "global_mean": 0.5567744779582383, "global_std": 0.11484757906407088}]}, {"cluster": "cluster_1", "size": 36, "facts": [{"type": "numerical", "feature_label": "PTRATIO", "cluster_label": "cluster_1", "mean": 20.572222222222226, "std": 0.7519920634501828, "diff": 0.9769927846687182, "global_mean": 18.44849187935028, "global_std": 2.173742095333968}, {"type": "numerical", "feature_label": "RAD", "cluster_label": "cluster_1", "mean": 4.25, "std": 1.4614083227196586, "diff": -0.6272321350889694, "global_mean": 9.77494199535963, "global_std": 8.808448557209122}, {"type": "numerical", "feature_label": "AGE", "cluster_label": "cluster_1", "mean": 82.31213991769548, "std": 13.619285861344018, "diff": 0.479561482039702, "global_mean": 69.16676978602732, "global_std": 27.411230100794203}]}, {"cluster": "cluster_2", "size": 110, "facts": [{"type": "numerical", "feature_label": "RAD", "cluster_label": "cluster_2", "mean": 24.0, "std": 0.0, "diff": 1.6149334258185704, "global_mean": 9.77494199535963, "global_std": 8.808448557209122}, {"type": "numerical", "feature_label": "TAX", "cluster_label": "cluster_2", "mean": 666.0, "std": 0.0, "diff": 1.4848729393217464, "global_mean": 412.41763341067286, "global_std": 170.77714858562737}, {"type": "numerical", "feature_label": "NOX", "cluster_label": "cluster_2", "mean": 0.6733090909090916, "std": 0.06255811909913069, "diff": 1.014689329113688, "global_mean": 0.5567744779582383, "global_std": 0.11484757906407088}]}, {"cluster": "cluster_3", "size": 34, "facts": [{"type": "numerical", "feature_label": "PTRATIO", "cluster_label": "cluster_3", "mean": 14.199999999999996, "std": 0.7862453931068962, "diff": -1.95445995570029, "global_mean": 18.44849187935028, "global_std": 2.173742095333968}, {"type": "numerical", "feature_label": "NOX", "cluster_label": "cluster_3", "mean": 0.7091176470588233, "std": 0.12275518003163426, "diff": 1.3264813271823184, "global_mean": 0.5567744779582383, "global_std": 0.11484757906407088}, {"type": "numerical", "feature_label": "DIS", "cluster_label": "cluster_3", "mean": 1.906373529411765, "std": 0.33512004209149926, "diff": -0.8707673530662471, "global_mean": 3.7171805104408326, "global_std": 2.079553137416836}]}, {"cluster": "cluster_4", "size": 83, "facts": [{"type": "numerical", "feature_label": "TAX", "cluster_label": "cluster_4", "mean": 294.03614457831327, "std": 60.06306559250104, "diff": -0.6931927943099677, "global_mean": 412.41763341067286, "global_std": 170.77714858562737}, {"type": "numerical", "feature_label": "RAD", "cluster_label": "cluster_4", "mean": 4.807228915662651, "std": 1.9659158563569397, "diff": -0.5639714017096961, "global_mean": 9.77494199535963, "global_std": 8.808448557209122}, {"type": "numerical", "feature_label": "INDUS", "cluster_label": "cluster_4", "mean": 7.433565868411908, "std": 3.3953073211743, "diff": -0.5546965645682763, "global_mean": 11.19228275710616, "global_std": 6.7761676000638}]}, {"cluster": "cluster_5", "size": 7, "facts": [{"type": "numerical", "feature_label": "CRIM", "cluster_label": "cluster_5", "mean": 56.24572857142858, "std": 20.40771347993321, "diff": 5.996307296257973, "global_mean": 3.742854147355657, "global_std": 8.755867875023286}, {"type": "numerical", "feature_label": "RAD", "cluster_label": "cluster_5", "mean": 24.0, "std": 0.0, "diff": 1.6149334258185704, "global_mean": 9.77494199535963, "global_std": 8.808448557209122}, {"type": "numerical", "feature_label": "TAX", "cluster_label": "cluster_5", "mean": 666.0, "std": 0.0, "diff": 1.4848729393217464, "global_mean": 412.41763341067286, "global_std": 170.77714858562737}]}, {"cluster": "cluster_6", "size": 52, "facts": [{"type": "numerical", "feature_label": "PTRATIO", "cluster_label": "cluster_6", "mean": 15.436538461538458, "std": 1.1263386538681817, "diff": -1.3856075310300655, "global_mean": 18.44849187935028, "global_std": 2.173742095333968}, {"type": "numerical", "feature_label": "AGE", "cluster_label": "cluster_6", "mean": 35.250712250712255, "std": 15.429697379553344, "diff": -1.2373051997521407, "global_mean": 69.16676978602732, "global_std": 27.411230100794203}, {"type": "numerical", "feature_label": "DIS", "cluster_label": "cluster_6", "mean": 6.13321346153846, "std": 1.0911640851840871, "diff": 1.1618039027840172, "global_mean": 3.7171805104408326, "global_std": 2.079553137416836}]}, {"cluster": "cluster_7", "size": 23, "facts": [{"type": "numerical", "feature_label": "INDUS", "cluster_label": "cluster_7", "mean": 24.142608695652168, "std": 2.515682118579199, "diff": 1.9111578554261375, "global_mean": 11.19228275710616, "global_std": 6.7761676000638}, {"type": "numerical", "feature_label": "PTRATIO", "cluster_label": "cluster_7", "mean": 20.41304347826087, "std": 0.9111951930524521, "diff": 0.9037648040802945, "global_mean": 18.44849187935028, "global_std": 2.173742095333968}, {"type": "numerical", "feature_label": "DIS", "cluster_label": "cluster_7", "mean": 1.921260869565218, "std": 0.23121706593810856, "diff": -0.8636084399874758, "global_mean": 3.7171805104408326, "global_std": 2.079553137416836}]}, {"cluster": "cluster_8", "size": 31, "facts": [{"type": "numerical", "feature_label": "DIS", "cluster_label": "cluster_8", "mean": 8.39637741935484, "std": 1.3322578608536906, "diff": 2.2500973044268435, "global_mean": 3.7171805104408326, "global_std": 2.079553137416836}, {"type": "numerical", "feature_label": "AGE", "cluster_label": "cluster_8", "mean": 35.95161290322581, "std": 18.73052537023885, "diff": -1.2117353639608879, "global_mean": 69.16676978602732, "global_std": 27.411230100794203}, {"type": "numerical", "feature_label": "NOX", "cluster_label": "cluster_8", "mean": 0.423874193548387, "std": 0.01799066364797652, "diff": -1.157188383881468, "global_mean": 0.5567744779582383, "global_std": 0.11484757906407088}]}]}