{
    "metrics": {
        "inertia": 621.8932109015389,
        "silhouette": 0.35349415327398653,
        "nbClusters": 9
    },
    "processed_feature_names": [
        "TAX",
        "CRIM",
        "PTRATIO",
        "DIS",
        "INDUS",
        "RAD",
        "NOX",
        "AGE",
        "dummy:CHAS:0",
        "dummy:CHAS:N/A",
        "dummy:CHAS:__Others__"
    ],
    "variables_importance": {
        "variables": [
            "TAX",
            "CRIM",
            "PTRATIO",
            "DIS",
            "INDUS",
            "RAD",
            "NOX",
            "AGE",
            "dummy:CHAS:0",
            "dummy:CHAS:__Others__"
        ],
        "importances": [
            0.109170809220718,
            0.11050188067504518,
            0.18469427017064213,
            0.12250445887179906,
            0.1039982273172788,
            0.11852285806138921,
            0.12065253299750532,
            0.1268021980854585,
            0.0016039052534229086,
            0.0015488593467408696
        ]
    },
    "reduce_vars": [],
    "train_nb_records": 431,
    "train_nb_features": 11,
    "train_nb_outliers": 0,
    "cluster_description": [
        {
            "variable": "dummy:CHAS:0",
            "var": 0.0,
            "values": [
                {
                    "cluster": "cluster_0",
                    "value": 0.9454545454545454
                },
                {
                    "cluster": "cluster_1",
                    "value": 1.0
                },
                {
                    "cluster": "cluster_2",
                    "value": 0.9272727272727272
                },
                {
                    "cluster": "cluster_3",
                    "value": 0.8529411764705882
                },
                {
                    "cluster": "cluster_4",
                    "value": 0.8313253012048193
                },
                {
                    "cluster": "cluster_5",
                    "value": 1.0
                },
                {
                    "cluster": "cluster_6",
                    "value": 0.9615384615384616
                },
                {
                    "cluster": "cluster_7",
                    "value": 1.0
                },
                {
                    "cluster": "cluster_8",
                    "value": 1.0
                }
            ]
        },
        {
            "variable": "dummy:CHAS:N/A",
            "var": 0.0,
            "values": [
                {
                    "cluster": "cluster_0",
                    "value": 0.0
                },
                {
                    "cluster": "cluster_1",
                    "value": 0.0
                },
                {
                    "cluster": "cluster_2",
                    "value": 0.0
                },
                {
                    "cluster": "cluster_3",
                    "value": 0.0
                },
                {
                    "cluster": "cluster_4",
                    "value": 0.0
                },
                {
                    "cluster": "cluster_5",
                    "value": 0.0
                },
                {
                    "cluster": "cluster_6",
                    "value": 0.0
                },
                {
                    "cluster": "cluster_7",
                    "value": 0.0
                },
                {
                    "cluster": "cluster_8",
                    "value": 0.0
                }
            ]
        },
        {
            "variable": "dummy:CHAS:__Others__",
            "var": 0.0,
            "values": [
                {
                    "cluster": "cluster_0",
                    "value": 0.05454545454545454
                },
                {
                    "cluster": "cluster_1",
                    "value": 0.0
                },
                {
                    "cluster": "cluster_2",
                    "value": 0.07272727272727272
                },
                {
                    "cluster": "cluster_3",
                    "value": 0.14705882352941177
                },
                {
                    "cluster": "cluster_4",
                    "value": 0.1686746987951807
                },
                {
                    "cluster": "cluster_5",
                    "value": 0.0
                },
                {
                    "cluster": "cluster_6",
                    "value": 0.038461538461538464
                },
                {
                    "cluster": "cluster_7",
                    "value": 0.0
                },
                {
                    "cluster": "cluster_8",
                    "value": 0.0
                }
            ]
        },
        {
            "variable": "TAX",
            "var": 23640.78,
            "values": [
                {
                    "cluster": "cluster_0",
                    "value": 273.23636363636365
                },
                {
                    "cluster": "cluster_1",
                    "value": 335.5
                },
                {
                    "cluster": "cluster_2",
                    "value": 666.0
                },
                {
                    "cluster": "cluster_3",
                    "value": 362.11764705882354
                },
                {
                    "cluster": "cluster_4",
                    "value": 294.03614457831327
                },
                {
                    "cluster": "cluster_5",
                    "value": 666.0
                },
                {
                    "cluster": "cluster_6",
                    "value": 307.9423076923077
                },
                {
                    "cluster": "cluster_7",
                    "value": 431.60869565217394
                },
                {
                    "cluster": "cluster_8",
                    "value": 324.741935483871
                }
            ]
        },
        {
            "variable": "CRIM",
            "var": 339.96,
            "values": [
                {
                    "cluster": "cluster_0",
                    "value": 0.25411770856715304
                },
                {
                    "cluster": "cluster_1",
                    "value": 0.527807222222222
                },
                {
                    "cluster": "cluster_2",
                    "value": 9.642663398428729
                },
                {
                    "cluster": "cluster_3",
                    "value": 1.7813568815056886
                },
                {
                    "cluster": "cluster_4",
                    "value": 0.3363001435371114
                },
                {
                    "cluster": "cluster_5",
                    "value": 56.24572857142858
                },
                {
                    "cluster": "cluster_6",
                    "value": 0.47745180436847107
                },
                {
                    "cluster": "cluster_7",
                    "value": 0.4012517391304347
                },
                {
                    "cluster": "cluster_8",
                    "value": 0.1046516129032258
                }
            ]
        },
        {
            "variable": "PTRATIO",
            "var": 5.3,
            "values": [
                {
                    "cluster": "cluster_0",
                    "value": 18.794545454545467
                },
                {
                    "cluster": "cluster_1",
                    "value": 20.572222222222226
                },
                {
                    "cluster": "cluster_2",
                    "value": 20.200000000000017
                },
                {
                    "cluster": "cluster_3",
                    "value": 14.199999999999996
                },
                {
                    "cluster": "cluster_4",
                    "value": 17.761445783132547
                },
                {
                    "cluster": "cluster_5",
                    "value": 20.2
                },
                {
                    "cluster": "cluster_6",
                    "value": 15.436538461538458
                },
                {
                    "cluster": "cluster_7",
                    "value": 20.41304347826087
                },
                {
                    "cluster": "cluster_8",
                    "value": 18.851612903225806
                }
            ]
        },
        {
            "variable": "DIS",
            "var": 5.32,
            "values": [
                {
                    "cluster": "cluster_0",
                    "value": 4.681294545454546
                },
                {
                    "cluster": "cluster_1",
                    "value": 3.2089499999999993
                },
                {
                    "cluster": "cluster_2",
                    "value": 2.0870563636363633
                },
                {
                    "cluster": "cluster_3",
                    "value": 1.906373529411765
                },
                {
                    "cluster": "cluster_4",
                    "value": 3.615085542168676
                },
                {
                    "cluster": "cluster_5",
                    "value": 1.608942857142857
                },
                {
                    "cluster": "cluster_6",
                    "value": 6.13321346153846
                },
                {
                    "cluster": "cluster_7",
                    "value": 1.921260869565218
                },
                {
                    "cluster": "cluster_8",
                    "value": 8.39637741935484
                }
            ]
        },
        {
            "variable": "INDUS",
            "var": 49.59,
            "values": [
                {
                    "cluster": "cluster_0",
                    "value": 7.23159970071081
                },
                {
                    "cluster": "cluster_1",
                    "value": 9.049277549154093
                },
                {
                    "cluster": "cluster_2",
                    "value": 17.78109053497939
                },
                {
                    "cluster": "cluster_3",
                    "value": 14.489058339385137
                },
                {
                    "cluster": "cluster_4",
                    "value": 7.433565868411908
                },
                {
                    "cluster": "cluster_5",
                    "value": 18.099999999999998
                },
                {
                    "cluster": "cluster_6",
                    "value": 4.277769072491295
                },
                {
                    "cluster": "cluster_7",
                    "value": 24.142608695652168
                },
                {
                    "cluster": "cluster_8",
                    "value": 4.206580379662817
                }
            ]
        },
        {
            "variable": "RAD",
            "var": 74.84,
            "values": [
                {
                    "cluster": "cluster_0",
                    "value": 4.290909090909091
                },
                {
                    "cluster": "cluster_1",
                    "value": 4.25
                },
                {
                    "cluster": "cluster_2",
                    "value": 24.0
                },
                {
                    "cluster": "cluster_3",
                    "value": 5.0
                },
                {
                    "cluster": "cluster_4",
                    "value": 4.807228915662651
                },
                {
                    "cluster": "cluster_5",
                    "value": 24.0
                },
                {
                    "cluster": "cluster_6",
                    "value": 4.134615384615385
                },
                {
                    "cluster": "cluster_7",
                    "value": 3.4782608695652173
                },
                {
                    "cluster": "cluster_8",
                    "value": 4.903225806451613
                }
            ]
        },
        {
            "variable": "NOX",
            "var": 0.01,
            "values": [
                {
                    "cluster": "cluster_0",
                    "value": 0.4718363636363638
                },
                {
                    "cluster": "cluster_1",
                    "value": 0.5477222222222223
                },
                {
                    "cluster": "cluster_2",
                    "value": 0.6733090909090916
                },
                {
                    "cluster": "cluster_3",
                    "value": 0.7091176470588233
                },
                {
                    "cluster": "cluster_4",
                    "value": 0.5033614457831324
                },
                {
                    "cluster": "cluster_5",
                    "value": 0.6858571428571428
                },
                {
                    "cluster": "cluster_6",
                    "value": 0.43053269230769237
                },
                {
                    "cluster": "cluster_7",
                    "value": 0.6095217391304348
                },
                {
                    "cluster": "cluster_8",
                    "value": 0.423874193548387
                }
            ]
        },
        {
            "variable": "AGE",
            "var": 709.97,
            "values": [
                {
                    "cluster": "cluster_0",
                    "value": 34.385454545454536
                },
                {
                    "cluster": "cluster_1",
                    "value": 82.31213991769548
                },
                {
                    "cluster": "cluster_2",
                    "value": 89.47232323232323
                },
                {
                    "cluster": "cluster_3",
                    "value": 91.21873638344228
                },
                {
                    "cluster": "cluster_4",
                    "value": 75.94065149486835
                },
                {
                    "cluster": "cluster_5",
                    "value": 93.71428571428571
                },
                {
                    "cluster": "cluster_6",
                    "value": 35.250712250712255
                },
                {
                    "cluster": "cluster_7",
                    "value": 91.58421900161031
                },
                {
                    "cluster": "cluster_8",
                    "value": 35.95161290322581
                }
            ]
        },
        {
            "variable": "cluster_size",
            "var": 1008.61,
            "values": [
                {
                    "cluster": "cluster_2",
                    "value": 110
                },
                {
                    "cluster": "cluster_4",
                    "value": 83
                },
                {
                    "cluster": "cluster_0",
                    "value": 55
                },
                {
                    "cluster": "cluster_6",
                    "value": 52
                },
                {
                    "cluster": "cluster_1",
                    "value": 36
                },
                {
                    "cluster": "cluster_3",
                    "value": 34
                },
                {
                    "cluster": "cluster_8",
                    "value": 31
                },
                {
                    "cluster": "cluster_7",
                    "value": 23
                },
                {
                    "cluster": "cluster_5",
                    "value": 7
                }
            ]
        }
    ],
    "summary": {
        "clusters": []
    }
}