{
    "modelId": "m8",
    "state": "DONE",
    "startTime": 1667381221410,
    "endTime": 1667381227857,
    "preprocessingTime": 131,
    "trainingTime": 621,
    "progress": {
        "stack": [],
        "top_level_todo": [],
        "top_level_done": [
            {
                "name": "Loading source dataset",
                "time": 16
            },
            {
                "name": "Collecting statistics",
                "time": 16
            },
            {
                "name": "Preprocessing data",
                "time": 97
            },
            {
                "name": "Fitting model",
                "time": 76
            },
            {
                "name": "Saving model",
                "time": 3
            },
            {
                "name": "Scoring model",
                "time": 542
            }
        ]
    }
}