{"global": {"size": 431, "facts": [{"type": "numerical", "feature_label": "TAX", "cluster_label": "cluster_1", "mean": 616.1866666666666, "std": 113.26670946061712, "diff": 1.1931867638241092, "global_mean": 412.41763341067286, "global_std": 170.77714858562737}, {"type": "numerical", "feature_label": "RAD", "cluster_label": "cluster_1", "mean": 19.64, "std": 8.246439133908755, "diff": 1.1199540918663238, "global_mean": 9.77494199535963, "global_std": 8.808448557209122}, {"type": "numerical", "feature_label": "INDUS", "cluster_label": "cluster_1", "mean": 18.58038628257882, "std": 2.8837490202474725, "diff": 1.0903070823400385, "global_mean": 11.19228275710616, "global_std": 6.7761676000638}, {"type": "numerical", "feature_label": "NOX", "cluster_label": "cluster_1", "mean": 0.6808733333333322, "std": 0.08119570331696417, "diff": 1.0805526453967476, "global_mean": 0.5567744779582383, "global_std": 0.11484757906407088}, {"type": "numerical", "feature_label": "LSTAT", "cluster_label": "cluster_1", "mean": 18.94224197530864, "std": 6.925626801620473, "diff": 0.8335371508232697, "global_mean": 12.884991836383959, "global_std": 7.2669228155482255}, {"type": "numerical", "feature_label": "DIS", "cluster_label": "cluster_1", "mean": 2.006910000000001, "std": 0.5836469455187981, "diff": -0.8224221250558104, "global_mean": 3.7171805104408326, "global_std": 2.079553137416836}, {"type": "numerical", "feature_label": "AGE", "cluster_label": "cluster_1", "mean": 90.60007407407404, "std": 11.252507832538296, "diff": 0.7819169081151789, "global_mean": 69.16676978602732, "global_std": 27.411230100794203}, {"type": "numerical", "feature_label": "CRIM", "cluster_label": "cluster_1", "mean": 9.950605692181071, "std": 12.671179091651402, "diff": 0.7089818660390538, "global_mean": 3.742854147355657, "global_std": 8.755867875023286}, {"type": "numerical", "feature_label": "MEDV", "cluster_label": "cluster_1", "mean": 16.416, "std": 7.927795634611245, "diff": -0.662951531155421, "global_mean": 22.724361948955938, "global_std": 9.515570373540653}, {"type": "numerical", "feature_label": "TAX", "cluster_label": "cluster_0", "mean": 303.644128113879, "std": 62.00035751081796, "diff": -0.6369324362050407, "global_mean": 412.41763341067286, "global_std": 170.77714858562737}]}, "clusters": [{"cluster": "cluster_0", "size": 281, "facts": [{"type": "numerical", "feature_label": "TAX", "cluster_label": "cluster_0", "mean": 303.644128113879, "std": 62.00035751081796, "diff": -0.6369324362050407, "global_mean": 412.41763341067286, "global_std": 170.77714858562737}, {"type": "numerical", "feature_label": "RAD", "cluster_label": "cluster_0", "mean": 4.5088967971530245, "std": 1.7322856062018164, "diff": -0.5978402625620947, "global_mean": 9.77494199535963, "global_std": 8.808448557209122}, {"type": "numerical", "feature_label": "INDUS", "cluster_label": "cluster_0", "mean": 7.248455252405445, "std": 4.608518961610171, "diff": -0.5820144567651458, "global_mean": 11.19228275710616, "global_std": 6.7761676000638}]}, {"cluster": "cluster_1", "size": 150, "facts": [{"type": "numerical", "feature_label": "TAX", "cluster_label": "cluster_1", "mean": 616.1866666666666, "std": 113.26670946061712, "diff": 1.1931867638241092, "global_mean": 412.41763341067286, "global_std": 170.77714858562737}, {"type": "numerical", "feature_label": "RAD", "cluster_label": "cluster_1", "mean": 19.64, "std": 8.246439133908755, "diff": 1.1199540918663238, "global_mean": 9.77494199535963, "global_std": 8.808448557209122}, {"type": "numerical", "feature_label": "INDUS", "cluster_label": "cluster_1", "mean": 18.58038628257882, "std": 2.8837490202474725, "diff": 1.0903070823400385, "global_mean": 11.19228275710616, "global_std": 6.7761676000638}]}]}