[
    {
        "variable": "B",
        "per_cluster": [
            {
                "min": 70.8,
                "max": 396.9,
                "median": 392.8,
                "percentile25": 385.64,
                "percentile75": 396.24,
                "percentile9": 369.502,
                "percentile91": 396.9,
                "std": 28.7885983391234,
                "distribution": [
                    0,
                    0,
                    0,
                    0,
                    0,
                    0,
                    0,
                    0,
                    0,
                    0,
                    1,
                    0,
                    0,
                    0,
                    0,
                    0,
                    0,
                    0,
                    0,
                    0,
                    0,
                    0,
                    0,
                    0,
                    0,
                    0,
                    0,
                    0,
                    0,
                    0,
                    0,
                    0,
                    0,
                    0,
                    1,
                    0,
                    1,
                    1,
                    0,
                    0,
                    0,
                    0,
                    0,
                    1,
                    1,
                    1,
                    1,
                    0,
                    0,
                    1,
                    0,
                    2,
                    4,
                    2,
                    6,
                    4,
                    16,
                    20,
                    41,
                    177
                ],
                "max_ratio": 0.6298932384341637,
                "total_no_nan": 281,
                "total": 281,
                "cluster_name": "cluster_0"
            },
            {
                "min": 0.32,
                "max": 396.9,
                "median": 375.99,
                "percentile25": 265.12249999999995,
                "percentile75": 395.3175,
                "percentile9": 31.356599999999997,
                "percentile91": 396.9,
                "std": 134.72830477939254,
                "distribution": [
                    5,
                    3,
                    2,
                    2,
                    2,
                    1,
                    1,
                    2,
                    0,
                    0,
                    1,
                    0,
                    2,
                    2,
                    2,
                    2,
                    1,
                    0,
                    0,
                    2,
                    0,
                    0,
                    0,
                    0,
                    0,
                    1,
                    1,
                    1,
                    0,
                    0,
                    0,
                    1,
                    0,
                    0,
                    0,
                    1,
                    1,
                    0,
                    1,
                    1,
                    0,
                    1,
                    0,
                    1,
                    0,
                    2,
                    0,
                    2,
                    4,
                    1,
                    1,
                    2,
                    3,
                    7,
                    2,
                    4,
                    8,
                    8,
                    8,
                    58
                ],
                "max_ratio": 0.38666666666666666,
                "total_no_nan": 150,
                "total": 150,
                "cluster_name": "cluster_1"
            }
        ],
        "type": "numerical",
        "scale": {
            "min": 0.32,
            "max": 396.9,
            "max_ratio": 0.6298932384341637
        },
        "global": {
            "min": 0.32,
            "max": 396.9,
            "median": 391.27,
            "percentile25": 375.425,
            "percentile75": 396.17499999999995,
            "percentile9": 245.973,
            "percentile91": 396.9,
            "std": 91.5139579648705,
            "distribution": [
                5,
                3,
                2,
                2,
                2,
                1,
                1,
                2,
                0,
                0,
                2,
                0,
                2,
                2,
                2,
                2,
                1,
                0,
                0,
                2,
                0,
                0,
                0,
                0,
                0,
                1,
                1,
                1,
                0,
                0,
                0,
                1,
                0,
                0,
                1,
                1,
                2,
                1,
                1,
                1,
                0,
                1,
                0,
                2,
                1,
                3,
                1,
                2,
                4,
                2,
                1,
                4,
                7,
                9,
                8,
                8,
                24,
                28,
                49,
                235
            ],
            "max_ratio": 0.5452436194895591,
            "total_no_nan": 431,
            "total": 431
        }
    },
    {
        "variable": "TAX",
        "per_cluster": [
            {
                "min": 187.0,
                "max": 469.0,
                "median": 300.0,
                "percentile25": 264.0,
                "percentile75": 334.0,
                "percentile9": 223.2,
                "percentile91": 402.8,
                "std": 61.88993826466072,
                "distribution": [
                    13,
                    1,
                    0,
                    5,
                    17,
                    5,
                    12,
                    8,
                    13,
                    10,
                    26,
                    17,
                    14,
                    48,
                    7,
                    0,
                    17,
                    2,
                    7,
                    3,
                    2,
                    0,
                    9,
                    8,
                    23,
                    2,
                    1,
                    2,
                    8,
                    0,
                    0,
                    0,
                    1,
                    0,
                    0,
                    0,
                    0,
                    0,
                    0,
                    0,
                    0,
                    0,
                    0,
                    0,
                    0,
                    0,
                    0,
                    0,
                    0,
                    0,
                    0,
                    0,
                    0,
                    0,
                    0,
                    0,
                    0,
                    0,
                    0,
                    0
                ],
                "max_ratio": 0.1708185053380783,
                "total_no_nan": 281,
                "total": 281,
                "cluster_name": "cluster_0"
            },
            {
                "min": 188.0,
                "max": 711.0,
                "median": 666.0,
                "percentile25": 666.0,
                "percentile75": 666.0,
                "percentile9": 403.0,
                "percentile91": 666.0,
                "std": 112.88852239660545,
                "distribution": [
                    3,
                    0,
                    0,
                    0,
                    0,
                    0,
                    0,
                    0,
                    0,
                    0,
                    0,
                    0,
                    0,
                    1,
                    0,
                    0,
                    0,
                    0,
                    0,
                    0,
                    0,
                    0,
                    0,
                    0,
                    12,
                    0,
                    0,
                    0,
                    12,
                    0,
                    0,
                    0,
                    0,
                    0,
                    0,
                    0,
                    0,
                    0,
                    0,
                    0,
                    0,
                    0,
                    0,
                    0,
                    0,
                    0,
                    0,
                    0,
                    0,
                    0,
                    0,
                    0,
                    0,
                    0,
                    117,
                    0,
                    0,
                    0,
                    0,
                    5
                ],
                "max_ratio": 0.78,
                "total_no_nan": 150,
                "total": 150,
                "cluster_name": "cluster_1"
            }
        ],
        "type": "numerical",
        "scale": {
            "min": 187.0,
            "max": 711.0,
            "max_ratio": 0.78
        },
        "global": {
            "min": 187.0,
            "max": 711.0,
            "median": 335.0,
            "percentile25": 279.0,
            "percentile75": 666.0,
            "percentile9": 230.9,
            "percentile91": 666.0,
            "std": 170.57891619312062,
            "distribution": [
                16,
                1,
                0,
                5,
                17,
                5,
                12,
                8,
                13,
                10,
                26,
                17,
                14,
                49,
                7,
                0,
                17,
                2,
                7,
                3,
                2,
                0,
                9,
                8,
                35,
                2,
                1,
                2,
                20,
                0,
                0,
                0,
                1,
                0,
                0,
                0,
                0,
                0,
                0,
                0,
                0,
                0,
                0,
                0,
                0,
                0,
                0,
                0,
                0,
                0,
                0,
                0,
                0,
                0,
                117,
                0,
                0,
                0,
                0,
                5
            ],
            "max_ratio": 0.271461716937355,
            "total_no_nan": 431,
            "total": 431
        }
    },
    {
        "variable": "CRIM",
        "per_cluster": [
            {
                "min": 0.00632,
                "max": 3.6118739711934156,
                "median": 0.12932,
                "percentile25": 0.05515,
                "percentile75": 0.3494,
                "percentile9": 0.030425999999999998,
                "percentile91": 1.2479259999999999,
                "std": 0.7930377531052207,
                "distribution": [
                    259,
                    11,
                    11,
                    0,
                    0,
                    0,
                    0,
                    0,
                    0,
                    0,
                    0,
                    0,
                    0,
                    0,
                    0,
                    0,
                    0,
                    0,
                    0,
                    0,
                    0,
                    0,
                    0,
                    0,
                    0,
                    0,
                    0,
                    0,
                    0,
                    0,
                    0,
                    0,
                    0,
                    0,
                    0,
                    0,
                    0,
                    0,
                    0,
                    0,
                    0,
                    0,
                    0,
                    0,
                    0,
                    0,
                    0,
                    0,
                    0,
                    0,
                    0,
                    0,
                    0,
                    0,
                    0,
                    0,
                    0,
                    0,
                    0,
                    0
                ],
                "max_ratio": 0.9217081850533808,
                "total_no_nan": 281,
                "total": 281,
                "cluster_name": "cluster_0"
            },
            {
                "min": 0.09299,
                "max": 88.9762,
                "median": 6.418584999999999,
                "percentile25": 3.6118739711934156,
                "percentile75": 11.473524999999999,
                "percentile9": 0.4517897,
                "percentile91": 21.503790999999996,
                "std": 12.628871196939407,
                "distribution": [
                    22,
                    10,
                    22,
                    19,
                    10,
                    11,
                    13,
                    7,
                    2,
                    7,
                    6,
                    0,
                    4,
                    3,
                    1,
                    2,
                    2,
                    1,
                    0,
                    1,
                    0,
                    0,
                    0,
                    0,
                    0,
                    2,
                    0,
                    0,
                    1,
                    0,
                    1,
                    0,
                    0,
                    0,
                    0,
                    0,
                    0,
                    0,
                    0,
                    0,
                    0,
                    0,
                    0,
                    0,
                    0,
                    1,
                    0,
                    0,
                    0,
                    1,
                    0,
                    0,
                    0,
                    0,
                    0,
                    0,
                    0,
                    0,
                    0,
                    1
                ],
                "max_ratio": 0.14666666666666667,
                "total_no_nan": 150,
                "total": 150,
                "cluster_name": "cluster_1"
            }
        ],
        "type": "numerical",
        "scale": {
            "min": 0.00632,
            "max": 88.9762,
            "max_ratio": 0.9217081850533808
        },
        "global": {
            "min": 0.00632,
            "max": 88.9762,
            "median": 0.31533,
            "percentile25": 0.08577000000000001,
            "percentile75": 3.675945,
            "percentile9": 0.035822,
            "percentile91": 11.12379,
            "std": 8.745704356943072,
            "distribution": [
                281,
                21,
                33,
                19,
                10,
                11,
                13,
                7,
                2,
                7,
                6,
                0,
                4,
                3,
                1,
                2,
                2,
                1,
                0,
                1,
                0,
                0,
                0,
                0,
                0,
                2,
                0,
                0,
                1,
                0,
                1,
                0,
                0,
                0,
                0,
                0,
                0,
                0,
                0,
                0,
                0,
                0,
                0,
                0,
                0,
                1,
                0,
                0,
                0,
                1,
                0,
                0,
                0,
                0,
                0,
                0,
                0,
                0,
                0,
                1
            ],
            "max_ratio": 0.6519721577726219,
            "total_no_nan": 431,
            "total": 431
        }
    },
    {
        "variable": "PTRATIO",
        "per_cluster": [
            {
                "min": 12.6,
                "max": 22.0,
                "median": 17.9,
                "percentile25": 16.4,
                "percentile75": 19.1,
                "percentile9": 14.7,
                "percentile91": 20.9,
                "std": 2.1018418439650346,
                "distribution": [
                    3,
                    0,
                    11,
                    0,
                    0,
                    0,
                    1,
                    0,
                    0,
                    0,
                    0,
                    1,
                    0,
                    16,
                    7,
                    1,
                    10,
                    2,
                    1,
                    2,
                    0,
                    5,
                    5,
                    0,
                    6,
                    13,
                    3,
                    3,
                    2,
                    0,
                    18,
                    6,
                    0,
                    28,
                    5,
                    3,
                    4,
                    17,
                    21,
                    1,
                    7,
                    12,
                    15,
                    0,
                    6,
                    8,
                    0,
                    0,
                    7,
                    0,
                    0,
                    0,
                    9,
                    20,
                    1,
                    0,
                    0,
                    0,
                    0,
                    1
                ],
                "max_ratio": 0.099644128113879,
                "total_no_nan": 281,
                "total": 281,
                "cluster_name": "cluster_0"
            },
            {
                "min": 14.7,
                "max": 21.2,
                "median": 20.2,
                "percentile25": 20.2,
                "percentile75": 20.2,
                "percentile9": 19.1,
                "percentile91": 20.2,
                "std": 1.5441502517566092,
                "distribution": [
                    0,
                    0,
                    0,
                    0,
                    0,
                    0,
                    0,
                    0,
                    0,
                    0,
                    0,
                    0,
                    0,
                    12,
                    0,
                    0,
                    0,
                    0,
                    0,
                    0,
                    0,
                    0,
                    0,
                    0,
                    0,
                    0,
                    0,
                    0,
                    0,
                    0,
                    0,
                    0,
                    0,
                    0,
                    0,
                    0,
                    0,
                    0,
                    0,
                    0,
                    0,
                    3,
                    0,
                    0,
                    0,
                    0,
                    0,
                    5,
                    117,
                    0,
                    0,
                    0,
                    0,
                    1,
                    12,
                    0,
                    0,
                    0,
                    0,
                    0
                ],
                "max_ratio": 0.78,
                "total_no_nan": 150,
                "total": 150,
                "cluster_name": "cluster_1"
            }
        ],
        "type": "numerical",
        "scale": {
            "min": 12.6,
            "max": 22.0,
            "max_ratio": 0.78
        },
        "global": {
            "min": 12.6,
            "max": 22.0,
            "median": 19.1,
            "percentile25": 17.4,
            "percentile75": 20.2,
            "percentile9": 14.7,
            "percentile91": 20.9,
            "std": 2.171218888336905,
            "distribution": [
                3,
                0,
                11,
                0,
                0,
                0,
                1,
                0,
                0,
                0,
                0,
                1,
                0,
                28,
                7,
                1,
                10,
                2,
                1,
                2,
                0,
                5,
                5,
                0,
                6,
                13,
                3,
                3,
                2,
                0,
                18,
                6,
                0,
                28,
                5,
                3,
                4,
                17,
                21,
                1,
                7,
                15,
                15,
                0,
                6,
                8,
                0,
                5,
                124,
                0,
                0,
                0,
                9,
                21,
                13,
                0,
                0,
                0,
                0,
                1
            ],
            "max_ratio": 0.2877030162412993,
            "total_no_nan": 431,
            "total": 431
        }
    },
    {
        "variable": "MEDV",
        "per_cluster": [
            {
                "min": 11.9,
                "max": 50.0,
                "median": 23.4,
                "percentile25": 20.4,
                "percentile75": 30.1,
                "percentile9": 17.88,
                "percentile91": 39.58,
                "std": 8.523442902511547,
                "distribution": [
                    0,
                    0,
                    0,
                    0,
                    0,
                    0,
                    0,
                    0,
                    0,
                    1,
                    2,
                    3,
                    2,
                    2,
                    4,
                    5,
                    6,
                    5,
                    14,
                    16,
                    18,
                    12,
                    19,
                    19,
                    18,
                    17,
                    17,
                    1,
                    7,
                    2,
                    6,
                    5,
                    7,
                    5,
                    6,
                    5,
                    5,
                    7,
                    1,
                    4,
                    4,
                    4,
                    3,
                    2,
                    1,
                    0,
                    1,
                    0,
                    2,
                    1,
                    2,
                    2,
                    1,
                    2,
                    1,
                    1,
                    0,
                    1,
                    2,
                    10
                ],
                "max_ratio": 0.06761565836298933,
                "total_no_nan": 281,
                "total": 281,
                "cluster_name": "cluster_0"
            },
            {
                "min": 5.0,
                "max": 50.0,
                "median": 14.9,
                "percentile25": 12.025,
                "percentile75": 19.4,
                "percentile9": 8.441,
                "percentile91": 23.159,
                "std": 7.901325458427846,
                "distribution": [
                    2,
                    1,
                    4,
                    2,
                    8,
                    2,
                    3,
                    7,
                    5,
                    5,
                    10,
                    15,
                    10,
                    7,
                    7,
                    5,
                    6,
                    8,
                    5,
                    6,
                    6,
                    4,
                    5,
                    2,
                    5,
                    0,
                    2,
                    0,
                    0,
                    0,
                    2,
                    0,
                    0,
                    1,
                    0,
                    0,
                    0,
                    0,
                    0,
                    0,
                    0,
                    0,
                    0,
                    0,
                    0,
                    0,
                    0,
                    0,
                    0,
                    0,
                    0,
                    0,
                    0,
                    0,
                    0,
                    0,
                    0,
                    0,
                    0,
                    5
                ],
                "max_ratio": 0.1,
                "total_no_nan": 150,
                "total": 150,
                "cluster_name": "cluster_1"
            }
        ],
        "type": "numerical",
        "scale": {
            "min": 5.0,
            "max": 50.0,
            "max_ratio": 0.1
        },
        "global": {
            "min": 5.0,
            "max": 50.0,
            "median": 21.4,
            "percentile25": 16.650000000000002,
            "percentile75": 25.75,
            "percentile9": 12.07,
            "percentile91": 36.13,
            "std": 9.504525018252581,
            "distribution": [
                2,
                1,
                4,
                2,
                8,
                2,
                3,
                7,
                5,
                6,
                12,
                18,
                12,
                9,
                11,
                10,
                12,
                13,
                19,
                22,
                24,
                16,
                24,
                21,
                23,
                17,
                19,
                1,
                7,
                2,
                8,
                5,
                7,
                6,
                6,
                5,
                5,
                7,
                1,
                4,
                4,
                4,
                3,
                2,
                1,
                0,
                1,
                0,
                2,
                1,
                2,
                2,
                1,
                2,
                1,
                1,
                0,
                1,
                2,
                15
            ],
            "max_ratio": 0.05568445475638051,
            "total_no_nan": 431,
            "total": 431
        }
    },
    {
        "variable": "DIS",
        "per_cluster": [
            {
                "min": 1.7573,
                "max": 12.1265,
                "median": 4.233,
                "percentile25": 2.9153,
                "percentile75": 5.9505,
                "percentile9": 2.3014799999999997,
                "percentile91": 7.78252,
                "std": 2.0104998679882096,
                "distribution": [
                    0,
                    0,
                    0,
                    3,
                    8,
                    9,
                    13,
                    12,
                    13,
                    13,
                    6,
                    10,
                    13,
                    12,
                    9,
                    12,
                    10,
                    8,
                    11,
                    8,
                    5,
                    5,
                    7,
                    14,
                    3,
                    6,
                    3,
                    5,
                    6,
                    12,
                    1,
                    5,
                    2,
                    9,
                    1,
                    1,
                    6,
                    5,
                    0,
                    1,
                    1,
                    3,
                    2,
                    1,
                    3,
                    0,
                    0,
                    0,
                    0,
                    0,
                    0,
                    1,
                    2,
                    0,
                    0,
                    0,
                    0,
                    0,
                    0,
                    1
                ],
                "max_ratio": 0.0498220640569395,
                "total_no_nan": 281,
                "total": 281,
                "cluster_name": "cluster_0"
            },
            {
                "min": 1.1296,
                "max": 4.0983,
                "median": 1.86455,
                "percentile25": 1.5900249999999998,
                "percentile75": 2.30285,
                "percentile9": 1.3861,
                "percentile91": 2.814639,
                "std": 0.581698202363849,
                "distribution": [
                    6,
                    20,
                    24,
                    24,
                    17,
                    18,
                    9,
                    11,
                    4,
                    7,
                    3,
                    1,
                    2,
                    1,
                    0,
                    2,
                    1,
                    0,
                    0,
                    0,
                    0,
                    0,
                    0,
                    0,
                    0,
                    0,
                    0,
                    0,
                    0,
                    0,
                    0,
                    0,
                    0,
                    0,
                    0,
                    0,
                    0,
                    0,
                    0,
                    0,
                    0,
                    0,
                    0,
                    0,
                    0,
                    0,
                    0,
                    0,
                    0,
                    0,
                    0,
                    0,
                    0,
                    0,
                    0,
                    0,
                    0,
                    0,
                    0,
                    0
                ],
                "max_ratio": 0.16,
                "total_no_nan": 150,
                "total": 150,
                "cluster_name": "cluster_1"
            }
        ],
        "type": "numerical",
        "scale": {
            "min": 1.1296,
            "max": 12.1265,
            "max_ratio": 0.16
        },
        "global": {
            "min": 1.1296,
            "max": 12.1265,
            "median": 3.0923,
            "percentile25": 2.0941,
            "percentile75": 4.91495,
            "percentile9": 1.60266,
            "percentile91": 6.963049999999999,
            "std": 2.0771392618064928,
            "distribution": [
                6,
                20,
                24,
                27,
                25,
                27,
                22,
                23,
                17,
                20,
                9,
                11,
                15,
                13,
                9,
                14,
                11,
                8,
                11,
                8,
                5,
                5,
                7,
                14,
                3,
                6,
                3,
                5,
                6,
                12,
                1,
                5,
                2,
                9,
                1,
                1,
                6,
                5,
                0,
                1,
                1,
                3,
                2,
                1,
                3,
                0,
                0,
                0,
                0,
                0,
                0,
                1,
                2,
                0,
                0,
                0,
                0,
                0,
                0,
                1
            ],
            "max_ratio": 0.06264501160092807,
            "total_no_nan": 431,
            "total": 431
        }
    },
    {
        "variable": "ZN",
        "per_cluster": [
            {
                "min": 0.0,
                "max": 100.0,
                "median": 0.0,
                "percentile25": 0.0,
                "percentile75": 22.0,
                "percentile9": 0.0,
                "percentile91": 75.0,
                "std": 27.02137176355309,
                "distribution": [
                    173,
                    0,
                    0,
                    0,
                    0,
                    0,
                    0,
                    7,
                    0,
                    0,
                    2,
                    0,
                    22,
                    8,
                    0,
                    10,
                    2,
                    0,
                    4,
                    2,
                    1,
                    1,
                    0,
                    0,
                    5,
                    0,
                    0,
                    6,
                    0,
                    0,
                    0,
                    2,
                    0,
                    2,
                    0,
                    0,
                    4,
                    0,
                    0,
                    0,
                    0,
                    0,
                    3,
                    0,
                    0,
                    3,
                    0,
                    0,
                    11,
                    2,
                    0,
                    2,
                    0,
                    0,
                    5,
                    0,
                    0,
                    3,
                    0,
                    1
                ],
                "max_ratio": 0.6156583629893239,
                "total_no_nan": 281,
                "total": 281,
                "cluster_name": "cluster_0"
            },
            {
                "min": 0.0,
                "max": 0.0,
                "median": 0.0,
                "percentile25": 0.0,
                "percentile75": 0.0,
                "percentile9": 0.0,
                "percentile91": 0.0,
                "std": 0.0,
                "distribution": [
                    150,
                    0,
                    0,
                    0,
                    0,
                    0,
                    0,
                    0,
                    0,
                    0,
                    0,
                    0,
                    0,
                    0,
                    0,
                    0,
                    0,
                    0,
                    0,
                    0,
                    0,
                    0,
                    0,
                    0,
                    0,
                    0,
                    0,
                    0,
                    0,
                    0,
                    0,
                    0,
                    0,
                    0,
                    0,
                    0,
                    0,
                    0,
                    0,
                    0,
                    0,
                    0,
                    0,
                    0,
                    0,
                    0,
                    0,
                    0,
                    0,
                    0,
                    0,
                    0,
                    0,
                    0,
                    0,
                    0,
                    0,
                    0,
                    0,
                    0
                ],
                "max_ratio": 1.0,
                "total_no_nan": 150,
                "total": 150,
                "cluster_name": "cluster_1"
            }
        ],
        "type": "numerical",
        "scale": {
            "min": 0.0,
            "max": 100.0,
            "max_ratio": 1.0
        },
        "global": {
            "min": 0.0,
            "max": 100.0,
            "median": 0.0,
            "percentile25": 0.0,
            "percentile75": 6.25,
            "percentile9": 0.0,
            "percentile91": 45.0,
            "std": 23.23511328786561,
            "distribution": [
                323,
                0,
                0,
                0,
                0,
                0,
                0,
                7,
                0,
                0,
                2,
                0,
                22,
                8,
                0,
                10,
                2,
                0,
                4,
                2,
                1,
                1,
                0,
                0,
                5,
                0,
                0,
                6,
                0,
                0,
                0,
                2,
                0,
                2,
                0,
                0,
                4,
                0,
                0,
                0,
                0,
                0,
                3,
                0,
                0,
                3,
                0,
                0,
                11,
                2,
                0,
                2,
                0,
                0,
                5,
                0,
                0,
                3,
                0,
                1
            ],
            "max_ratio": 0.7494199535962877,
            "total_no_nan": 431,
            "total": 431
        }
    },
    {
        "variable": "INDUS",
        "per_cluster": [
            {
                "min": 0.46,
                "max": 25.65,
                "median": 6.2,
                "percentile25": 3.97,
                "percentile75": 9.9,
                "percentile9": 2.34,
                "percentile91": 12.83,
                "std": 4.600311441362344,
                "distribution": [
                    2,
                    5,
                    8,
                    10,
                    11,
                    10,
                    19,
                    19,
                    6,
                    10,
                    15,
                    9,
                    25,
                    4,
                    11,
                    6,
                    20,
                    9,
                    0,
                    0,
                    19,
                    8,
                    14,
                    9,
                    0,
                    4,
                    0,
                    4,
                    0,
                    6,
                    0,
                    0,
                    3,
                    0,
                    0,
                    0,
                    0,
                    0,
                    0,
                    0,
                    0,
                    0,
                    12,
                    0,
                    0,
                    0,
                    0,
                    0,
                    0,
                    0,
                    0,
                    0,
                    0,
                    0,
                    0,
                    3,
                    0,
                    0,
                    0,
                    0
                ],
                "max_ratio": 0.08896797153024912,
                "total_no_nan": 281,
                "total": 281,
                "cluster_name": "cluster_0"
            },
            {
                "min": 8.14,
                "max": 27.74,
                "median": 18.1,
                "percentile25": 18.1,
                "percentile75": 18.1,
                "percentile9": 18.1,
                "percentile91": 21.89,
                "std": 2.8741204490591135,
                "distribution": [
                    0,
                    0,
                    0,
                    0,
                    0,
                    0,
                    0,
                    0,
                    0,
                    0,
                    0,
                    0,
                    0,
                    0,
                    0,
                    0,
                    1,
                    0,
                    0,
                    0,
                    0,
                    0,
                    0,
                    7,
                    0,
                    0,
                    0,
                    0,
                    0,
                    0,
                    0,
                    0,
                    0,
                    0,
                    0,
                    0,
                    0,
                    0,
                    112,
                    0,
                    0,
                    0,
                    10,
                    0,
                    0,
                    0,
                    0,
                    12,
                    0,
                    0,
                    0,
                    0,
                    0,
                    0,
                    0,
                    3,
                    0,
                    0,
                    0,
                    5
                ],
                "max_ratio": 0.7466666666666667,
                "total_no_nan": 150,
                "total": 150,
                "cluster_name": "cluster_1"
            }
        ],
        "type": "numerical",
        "scale": {
            "min": 0.46,
            "max": 27.74,
            "max_ratio": 0.7466666666666667
        },
        "global": {
            "min": 0.46,
            "max": 27.74,
            "median": 9.9,
            "percentile25": 5.19,
            "percentile75": 18.1,
            "percentile9": 2.89,
            "percentile91": 19.58,
            "std": 6.768302051736575,
            "distribution": [
                2,
                5,
                8,
                10,
                11,
                10,
                19,
                19,
                6,
                10,
                15,
                9,
                25,
                4,
                11,
                6,
                21,
                9,
                0,
                0,
                19,
                8,
                14,
                16,
                0,
                4,
                0,
                4,
                0,
                6,
                0,
                0,
                3,
                0,
                0,
                0,
                0,
                0,
                112,
                0,
                0,
                0,
                22,
                0,
                0,
                0,
                0,
                12,
                0,
                0,
                0,
                0,
                0,
                0,
                0,
                6,
                0,
                0,
                0,
                5
            ],
            "max_ratio": 0.25986078886310904,
            "total_no_nan": 431,
            "total": 431
        }
    },
    {
        "variable": "RAD",
        "per_cluster": [
            {
                "min": 1.0,
                "max": 8.0,
                "median": 5.0,
                "percentile25": 4.0,
                "percentile75": 5.0,
                "percentile9": 2.0,
                "percentile91": 7.0,
                "std": 1.7292005002694426,
                "distribution": [
                    16,
                    0,
                    20,
                    0,
                    0,
                    29,
                    0,
                    74,
                    0,
                    0,
                    83,
                    0,
                    0,
                    23,
                    0,
                    13,
                    0,
                    0,
                    23,
                    0,
                    0,
                    0,
                    0,
                    0,
                    0,
                    0,
                    0,
                    0,
                    0,
                    0,
                    0,
                    0,
                    0,
                    0,
                    0,
                    0,
                    0,
                    0,
                    0,
                    0,
                    0,
                    0,
                    0,
                    0,
                    0,
                    0,
                    0,
                    0,
                    0,
                    0,
                    0,
                    0,
                    0,
                    0,
                    0,
                    0,
                    0,
                    0,
                    0,
                    0
                ],
                "max_ratio": 0.29537366548042704,
                "total_no_nan": 281,
                "total": 281,
                "cluster_name": "cluster_0"
            },
            {
                "min": 2.0,
                "max": 24.0,
                "median": 24.0,
                "percentile25": 24.0,
                "percentile75": 24.0,
                "percentile9": 4.0,
                "percentile91": 24.0,
                "std": 8.218905036560528,
                "distribution": [
                    0,
                    0,
                    3,
                    0,
                    0,
                    0,
                    0,
                    18,
                    0,
                    0,
                    12,
                    0,
                    0,
                    0,
                    0,
                    0,
                    0,
                    0,
                    0,
                    0,
                    0,
                    0,
                    0,
                    0,
                    0,
                    0,
                    0,
                    0,
                    0,
                    0,
                    0,
                    0,
                    0,
                    0,
                    0,
                    0,
                    0,
                    0,
                    0,
                    0,
                    0,
                    0,
                    0,
                    0,
                    0,
                    0,
                    0,
                    0,
                    0,
                    0,
                    0,
                    0,
                    0,
                    0,
                    0,
                    0,
                    0,
                    0,
                    0,
                    117
                ],
                "max_ratio": 0.78,
                "total_no_nan": 150,
                "total": 150,
                "cluster_name": "cluster_1"
            }
        ],
        "type": "numerical",
        "scale": {
            "min": 1.0,
            "max": 24.0,
            "max_ratio": 0.78
        },
        "global": {
            "min": 1.0,
            "max": 24.0,
            "median": 5.0,
            "percentile25": 4.0,
            "percentile75": 24.0,
            "percentile9": 2.7,
            "percentile91": 24.0,
            "std": 8.79822400523466,
            "distribution": [
                16,
                0,
                23,
                0,
                0,
                29,
                0,
                92,
                0,
                0,
                95,
                0,
                0,
                23,
                0,
                13,
                0,
                0,
                23,
                0,
                0,
                0,
                0,
                0,
                0,
                0,
                0,
                0,
                0,
                0,
                0,
                0,
                0,
                0,
                0,
                0,
                0,
                0,
                0,
                0,
                0,
                0,
                0,
                0,
                0,
                0,
                0,
                0,
                0,
                0,
                0,
                0,
                0,
                0,
                0,
                0,
                0,
                0,
                0,
                117
            ],
            "max_ratio": 0.271461716937355,
            "total_no_nan": 431,
            "total": 431
        }
    },
    {
        "variable": "LSTAT",
        "per_cluster": [
            {
                "min": 1.92,
                "max": 30.81,
                "median": 8.81,
                "percentile25": 5.81,
                "percentile75": 12.715432098765435,
                "percentile9": 4.092,
                "percentile91": 16.282,
                "std": 5.033501495274584,
                "distribution": [
                    3,
                    7,
                    9,
                    10,
                    19,
                    18,
                    10,
                    19,
                    12,
                    19,
                    9,
                    9,
                    19,
                    12,
                    9,
                    8,
                    9,
                    19,
                    7,
                    6,
                    7,
                    8,
                    3,
                    5,
                    2,
                    3,
                    2,
                    5,
                    2,
                    0,
                    1,
                    2,
                    1,
                    0,
                    1,
                    1,
                    1,
                    0,
                    0,
                    1,
                    0,
                    0,
                    0,
                    0,
                    0,
                    1,
                    1,
                    0,
                    1,
                    0,
                    0,
                    0,
                    0,
                    0,
                    0,
                    0,
                    0,
                    0,
                    0,
                    0
                ],
                "max_ratio": 0.06761565836298933,
                "total_no_nan": 281,
                "total": 281,
                "cluster_name": "cluster_0"
            },
            {
                "min": 2.96,
                "max": 37.97,
                "median": 17.98,
                "percentile25": 14.6025,
                "percentile75": 23.3275,
                "percentile9": 10.4856,
                "percentile91": 29.191599999999998,
                "std": 6.902502774454711,
                "distribution": [
                    0,
                    1,
                    1,
                    1,
                    0,
                    1,
                    0,
                    0,
                    2,
                    3,
                    0,
                    1,
                    1,
                    2,
                    2,
                    2,
                    1,
                    5,
                    6,
                    2,
                    6,
                    8,
                    3,
                    4,
                    8,
                    9,
                    13,
                    4,
                    4,
                    5,
                    3,
                    3,
                    5,
                    1,
                    2,
                    4,
                    6,
                    2,
                    1,
                    2,
                    3,
                    2,
                    3,
                    3,
                    0,
                    3,
                    2,
                    3,
                    0,
                    0,
                    1,
                    0,
                    0,
                    1,
                    3,
                    0,
                    0,
                    0,
                    1,
                    1
                ],
                "max_ratio": 0.08666666666666667,
                "total_no_nan": 150,
                "total": 150,
                "cluster_name": "cluster_1"
            }
        ],
        "type": "numerical",
        "scale": {
            "min": 1.92,
            "max": 37.97,
            "max_ratio": 0.08666666666666667
        },
        "global": {
            "min": 1.92,
            "max": 37.97,
            "median": 11.98,
            "percentile25": 7.13,
            "percentile75": 17.175,
            "percentile9": 4.59,
            "percentile91": 23.843999999999998,
            "std": 7.25848761500871,
            "distribution": [
                3,
                8,
                10,
                11,
                19,
                19,
                10,
                19,
                14,
                22,
                9,
                10,
                20,
                14,
                11,
                10,
                10,
                24,
                13,
                8,
                13,
                16,
                6,
                9,
                10,
                12,
                15,
                9,
                6,
                5,
                4,
                5,
                6,
                1,
                3,
                5,
                7,
                2,
                1,
                3,
                3,
                2,
                3,
                3,
                0,
                4,
                3,
                3,
                1,
                0,
                1,
                0,
                0,
                1,
                3,
                0,
                0,
                0,
                1,
                1
            ],
            "max_ratio": 0.05568445475638051,
            "total_no_nan": 431,
            "total": 431
        }
    },
    {
        "variable": "NOX",
        "per_cluster": [
            {
                "min": 0.392,
                "max": 0.647,
                "median": 0.489,
                "percentile25": 0.437,
                "percentile75": 0.538,
                "percentile9": 0.411,
                "percentile91": 0.585,
                "std": 0.06386568102630105,
                "distribution": [
                    5,
                    14,
                    17,
                    4,
                    22,
                    20,
                    15,
                    15,
                    2,
                    10,
                    2,
                    2,
                    28,
                    2,
                    23,
                    8,
                    13,
                    0,
                    17,
                    23,
                    0,
                    0,
                    6,
                    4,
                    8,
                    0,
                    12,
                    0,
                    0,
                    0,
                    0,
                    9,
                    0,
                    0,
                    0,
                    0,
                    0,
                    0,
                    0,
                    0,
                    0,
                    0,
                    0,
                    0,
                    0,
                    0,
                    0,
                    0,
                    0,
                    0,
                    0,
                    0,
                    0,
                    0,
                    0,
                    0,
                    0,
                    0,
                    0,
                    0
                ],
                "max_ratio": 0.099644128113879,
                "total_no_nan": 281,
                "total": 281,
                "cluster_name": "cluster_0"
            },
            {
                "min": 0.532,
                "max": 0.871,
                "median": 0.6859999999999999,
                "percentile25": 0.6164999999999999,
                "percentile75": 0.713,
                "percentile9": 0.583,
                "percentile91": 0.77,
                "std": 0.08092459837541502,
                "distribution": [
                    0,
                    0,
                    0,
                    0,
                    0,
                    0,
                    0,
                    0,
                    0,
                    0,
                    0,
                    0,
                    0,
                    0,
                    0,
                    0,
                    0,
                    4,
                    1,
                    0,
                    0,
                    0,
                    0,
                    10,
                    7,
                    5,
                    0,
                    11,
                    0,
                    17,
                    0,
                    0,
                    2,
                    1,
                    10,
                    7,
                    0,
                    13,
                    8,
                    0,
                    23,
                    0,
                    0,
                    11,
                    0,
                    0,
                    0,
                    8,
                    0,
                    0,
                    0,
                    0,
                    0,
                    0,
                    0,
                    0,
                    0,
                    0,
                    0,
                    12
                ],
                "max_ratio": 0.15333333333333332,
                "total_no_nan": 150,
                "total": 150,
                "cluster_name": "cluster_1"
            }
        ],
        "type": "numerical",
        "scale": {
            "min": 0.392,
            "max": 0.871,
            "max_ratio": 0.15333333333333332
        },
        "global": {
            "min": 0.392,
            "max": 0.871,
            "median": 0.538,
            "percentile25": 0.453,
            "percentile75": 0.631,
            "percentile9": 0.42023,
            "percentile91": 0.713,
            "std": 0.11471426784204838,
            "distribution": [
                5,
                14,
                17,
                4,
                22,
                20,
                15,
                15,
                2,
                10,
                2,
                2,
                28,
                2,
                23,
                8,
                13,
                4,
                18,
                23,
                0,
                0,
                6,
                14,
                15,
                5,
                12,
                11,
                0,
                17,
                0,
                9,
                2,
                1,
                10,
                7,
                0,
                13,
                8,
                0,
                23,
                0,
                0,
                11,
                0,
                0,
                0,
                8,
                0,
                0,
                0,
                0,
                0,
                0,
                0,
                0,
                0,
                0,
                0,
                12
            ],
            "max_ratio": 0.06496519721577726,
            "total_no_nan": 431,
            "total": 431
        }
    },
    {
        "variable": "RM",
        "per_cluster": [
            {
                "min": 4.973,
                "max": 8.725,
                "median": 6.315,
                "percentile25": 5.981,
                "percentile75": 6.849,
                "percentile9": 5.7492,
                "percentile91": 7.51,
                "std": 0.688182190978258,
                "distribution": [
                    0,
                    0,
                    0,
                    0,
                    0,
                    0,
                    0,
                    0,
                    0,
                    0,
                    0,
                    0,
                    0,
                    0,
                    0,
                    0,
                    1,
                    0,
                    0,
                    0,
                    1,
                    5,
                    1,
                    9,
                    8,
                    8,
                    21,
                    20,
                    21,
                    25,
                    12,
                    14,
                    13,
                    11,
                    13,
                    11,
                    9,
                    11,
                    8,
                    7,
                    5,
                    8,
                    6,
                    3,
                    4,
                    1,
                    2,
                    2,
                    4,
                    3,
                    2,
                    3,
                    0,
                    1,
                    4,
                    2,
                    0,
                    0,
                    0,
                    2
                ],
                "max_ratio": 0.08896797153024912,
                "total_no_nan": 281,
                "total": 281,
                "cluster_name": "cluster_0"
            },
            {
                "min": 3.561,
                "max": 8.78,
                "median": 6.124499999999999,
                "percentile25": 5.6194999999999995,
                "percentile75": 6.40475,
                "percentile9": 4.9822999999999995,
                "percentile91": 6.74039,
                "std": 0.7038583862934045,
                "distribution": [
                    1,
                    0,
                    0,
                    1,
                    0,
                    0,
                    2,
                    0,
                    0,
                    1,
                    0,
                    1,
                    2,
                    0,
                    0,
                    4,
                    5,
                    1,
                    2,
                    1,
                    4,
                    8,
                    2,
                    6,
                    3,
                    5,
                    8,
                    11,
                    3,
                    11,
                    16,
                    8,
                    11,
                    10,
                    2,
                    5,
                    4,
                    5,
                    0,
                    3,
                    1,
                    0,
                    0,
                    1,
                    1,
                    0,
                    0,
                    0,
                    0,
                    0,
                    0,
                    0,
                    0,
                    0,
                    0,
                    0,
                    0,
                    0,
                    0,
                    1
                ],
                "max_ratio": 0.10666666666666667,
                "total_no_nan": 150,
                "total": 150,
                "cluster_name": "cluster_1"
            }
        ],
        "type": "numerical",
        "scale": {
            "min": 3.561,
            "max": 8.78,
            "max_ratio": 0.10666666666666667
        },
        "global": {
            "min": 3.561,
            "max": 8.78,
            "median": 6.211,
            "percentile25": 5.893,
            "percentile75": 6.652,
            "percentile9": 5.4644,
            "percentile91": 7.2543999999999995,
            "std": 0.7330653482596865,
            "distribution": [
                1,
                0,
                0,
                1,
                0,
                0,
                2,
                0,
                0,
                1,
                0,
                1,
                2,
                0,
                0,
                4,
                6,
                1,
                2,
                1,
                5,
                13,
                3,
                15,
                11,
                13,
                29,
                31,
                24,
                36,
                28,
                22,
                24,
                21,
                15,
                16,
                13,
                16,
                8,
                10,
                6,
                8,
                6,
                4,
                5,
                1,
                2,
                2,
                4,
                3,
                2,
                3,
                0,
                1,
                4,
                2,
                0,
                0,
                0,
                3
            ],
            "max_ratio": 0.08352668213457076,
            "total_no_nan": 431,
            "total": 431
        }
    },
    {
        "variable": "AGE",
        "per_cluster": [
            {
                "min": 6.2,
                "max": 100.0,
                "median": 59.7,
                "percentile25": 34.5,
                "percentile75": 81.7,
                "percentile9": 18.86,
                "percentile91": 92.98,
                "std": 26.58054705077344,
                "distribution": [
                    4,
                    4,
                    2,
                    0,
                    1,
                    1,
                    4,
                    9,
                    3,
                    6,
                    4,
                    2,
                    1,
                    3,
                    7,
                    3,
                    9,
                    7,
                    5,
                    6,
                    7,
                    3,
                    3,
                    5,
                    3,
                    6,
                    5,
                    6,
                    0,
                    4,
                    6,
                    2,
                    2,
                    5,
                    3,
                    5,
                    4,
                    5,
                    4,
                    13,
                    5,
                    6,
                    6,
                    4,
                    3,
                    6,
                    3,
                    4,
                    6,
                    4,
                    7,
                    5,
                    6,
                    6,
                    8,
                    6,
                    7,
                    5,
                    7,
                    5
                ],
                "max_ratio": 0.046263345195729534,
                "total_no_nan": 281,
                "total": 281,
                "cluster_name": "cluster_0"
            },
            {
                "min": 40.3,
                "max": 100.0,
                "median": 94.64999999999999,
                "percentile25": 86.85,
                "percentile75": 98.8,
                "percentile9": 72.55799999999999,
                "percentile91": 100.0,
                "std": 11.214936749912,
                "distribution": [
                    0,
                    0,
                    0,
                    0,
                    0,
                    0,
                    0,
                    0,
                    0,
                    0,
                    0,
                    0,
                    0,
                    0,
                    0,
                    0,
                    0,
                    0,
                    0,
                    0,
                    0,
                    1,
                    0,
                    0,
                    0,
                    0,
                    0,
                    0,
                    0,
                    1,
                    1,
                    0,
                    1,
                    0,
                    0,
                    0,
                    0,
                    1,
                    0,
                    7,
                    0,
                    2,
                    0,
                    2,
                    2,
                    3,
                    1,
                    2,
                    3,
                    6,
                    3,
                    2,
                    8,
                    5,
                    8,
                    9,
                    11,
                    15,
                    16,
                    40
                ],
                "max_ratio": 0.26666666666666666,
                "total_no_nan": 150,
                "total": 150,
                "cluster_name": "cluster_1"
            }
        ],
        "type": "numerical",
        "scale": {
            "min": 6.2,
            "max": 100.0,
            "max_ratio": 0.26666666666666666
        },
        "global": {
            "min": 6.2,
            "max": 100.0,
            "median": 76.7,
            "percentile25": 46.5,
            "percentile75": 93.55,
            "percentile9": 24.38,
            "percentile91": 98.9,
            "std": 27.379412063255625,
            "distribution": [
                4,
                4,
                2,
                0,
                1,
                1,
                4,
                9,
                3,
                6,
                4,
                2,
                1,
                3,
                7,
                3,
                9,
                7,
                5,
                6,
                7,
                4,
                3,
                5,
                3,
                6,
                5,
                6,
                0,
                5,
                7,
                2,
                3,
                5,
                3,
                5,
                4,
                6,
                4,
                20,
                5,
                8,
                6,
                6,
                5,
                9,
                4,
                6,
                9,
                10,
                10,
                7,
                14,
                11,
                16,
                15,
                18,
                20,
                23,
                45
            ],
            "max_ratio": 0.10440835266821345,
            "total_no_nan": 431,
            "total": 431
        }
    },
    {
        "variable": "CHAS",
        "per_cluster": [
            {
                "distribution": [
                    {
                        "label": "0",
                        "total_no_nan": 259,
                        "ratio": 0.9217081850533808
                    },
                    {
                        "label": "1",
                        "total_no_nan": 22,
                        "ratio": 0.07829181494661921
                    },
                    {
                        "label": null,
                        "total_no_nan": 0,
                        "ratio": 0.0
                    }
                ],
                "max_ratio": 0.9217081850533808,
                "total": 281,
                "total_no_nan": 281,
                "cluster_name": "cluster_0"
            },
            {
                "distribution": [
                    {
                        "label": "0",
                        "total_no_nan": 140,
                        "ratio": 0.9333333333333333
                    },
                    {
                        "label": "1",
                        "total_no_nan": 10,
                        "ratio": 0.06666666666666667
                    },
                    {
                        "label": null,
                        "total_no_nan": 0,
                        "ratio": 0.0
                    }
                ],
                "max_ratio": 0.9333333333333333,
                "total": 150,
                "total_no_nan": 150,
                "cluster_name": "cluster_1"
            }
        ],
        "type": "categorical",
        "global": {
            "distribution": [
                {
                    "label": "0",
                    "total_no_nan": 399,
                    "ratio": 0.925754060324826
                },
                {
                    "label": "1",
                    "total_no_nan": 32,
                    "ratio": 0.07424593967517401
                },
                {
                    "label": null,
                    "total_no_nan": 0,
                    "ratio": 0.0
                }
            ],
            "max_ratio": 0.925754060324826,
            "total": 431,
            "total_no_nan": 431
        },
        "scale": {
            "max_ratio": 0.9333333333333333,
            "categories": [
                "0",
                "1",
                null
            ]
        }
    }
]