{
    "metrics": {
        "inertia": 3552.7763796591476,
        "silhouette": 0.3603257275451771,
        "nbClusters": 2
    },
    "processed_feature_names": [
        "B",
        "TAX",
        "CRIM",
        "PTRATIO",
        "MEDV",
        "DIS",
        "ZN",
        "INDUS",
        "RAD",
        "LSTAT",
        "NOX",
        "RM",
        "AGE",
        "dummy:CHAS:0",
        "dummy:CHAS:N/A",
        "dummy:CHAS:__Others__"
    ],
    "variables_importance": {
        "variables": [
            "B",
            "TAX",
            "CRIM",
            "PTRATIO",
            "MEDV",
            "DIS",
            "ZN",
            "INDUS",
            "RAD",
            "LSTAT",
            "NOX",
            "RM",
            "AGE",
            "dummy:CHAS:0",
            "dummy:CHAS:__Others__"
        ],
        "importances": [
            0.008857384145418718,
            0.24390745333249267,
            0.07172540072750846,
            0.0581010789921449,
            0.03510368182330023,
            0.05158749329110183,
            0.003567259431466519,
            0.21919846147924588,
            0.12243607097306439,
            0.0273904458145671,
            0.1340682337098177,
            0.008665311913434342,
            0.015132115093966805,
            0.00025014257066038946,
            9.466701809875296e-06
        ]
    },
    "reduce_vars": [],
    "train_nb_records": 431,
    "train_nb_features": 16,
    "train_nb_outliers": 0,
    "cluster_description": [
        {
            "variable": "dummy:CHAS:0",
            "var": 0.0,
            "values": [
                {
                    "cluster": "cluster_0",
                    "value": 0.9217081850533808
                },
                {
                    "cluster": "cluster_1",
                    "value": 0.9333333333333333
                }
            ]
        },
        {
            "variable": "dummy:CHAS:N/A",
            "var": 0.0,
            "values": [
                {
                    "cluster": "cluster_0",
                    "value": 0.0
                },
                {
                    "cluster": "cluster_1",
                    "value": 0.0
                }
            ]
        },
        {
            "variable": "dummy:CHAS:__Others__",
            "var": 0.0,
            "values": [
                {
                    "cluster": "cluster_0",
                    "value": 0.07829181494661921
                },
                {
                    "cluster": "cluster_1",
                    "value": 0.06666666666666667
                }
            ]
        },
        {
            "variable": "B",
            "var": 3343.17,
            "values": [
                {
                    "cluster": "cluster_0",
                    "value": 384.7429181494656
                },
                {
                    "cluster": "cluster_1",
                    "value": 302.9729333333337
                }
            ]
        },
        {
            "variable": "TAX",
            "var": 48841.42,
            "values": [
                {
                    "cluster": "cluster_0",
                    "value": 303.644128113879
                },
                {
                    "cluster": "cluster_1",
                    "value": 616.1866666666666
                }
            ]
        },
        {
            "variable": "CRIM",
            "var": 45.33,
            "values": [
                {
                    "cluster": "cluster_0",
                    "value": 0.4291077711143331
                },
                {
                    "cluster": "cluster_1",
                    "value": 9.950605692181071
                }
            ]
        },
        {
            "variable": "PTRATIO",
            "var": 2.21,
            "values": [
                {
                    "cluster": "cluster_0",
                    "value": 17.716370106761552
                },
                {
                    "cluster": "cluster_1",
                    "value": 19.81999999999997
                }
            ]
        },
        {
            "variable": "MEDV",
            "var": 46.81,
            "values": [
                {
                    "cluster": "cluster_0",
                    "value": 26.091814946619238
                },
                {
                    "cluster": "cluster_1",
                    "value": 16.416
                }
            ]
        },
        {
            "variable": "DIS",
            "var": 3.44,
            "values": [
                {
                    "cluster": "cluster_0",
                    "value": 4.630136298932383
                },
                {
                    "cluster": "cluster_1",
                    "value": 2.006910000000001
                }
            ]
        },
        {
            "variable": "ZN",
            "var": 140.65,
            "values": [
                {
                    "cluster": "cluster_0",
                    "value": 16.772241992882563
                },
                {
                    "cluster": "cluster_1",
                    "value": 0.0
                }
            ]
        },
        {
            "variable": "INDUS",
            "var": 64.21,
            "values": [
                {
                    "cluster": "cluster_0",
                    "value": 7.248455252405445
                },
                {
                    "cluster": "cluster_1",
                    "value": 18.58038628257882
                }
            ]
        },
        {
            "variable": "RAD",
            "var": 114.48,
            "values": [
                {
                    "cluster": "cluster_0",
                    "value": 4.5088967971530245
                },
                {
                    "cluster": "cluster_1",
                    "value": 19.64
                }
            ]
        },
        {
            "variable": "LSTAT",
            "var": 43.16,
            "values": [
                {
                    "cluster": "cluster_0",
                    "value": 9.65158428891525
                },
                {
                    "cluster": "cluster_1",
                    "value": 18.94224197530864
                }
            ]
        },
        {
            "variable": "NOX",
            "var": 0.02,
            "values": [
                {
                    "cluster": "cluster_0",
                    "value": 0.4905295373665484
                },
                {
                    "cluster": "cluster_1",
                    "value": 0.6808733333333322
                }
            ]
        },
        {
            "variable": "RM",
            "var": 0.12,
            "values": [
                {
                    "cluster": "cluster_0",
                    "value": 6.475249110320288
                },
                {
                    "cluster": "cluster_1",
                    "value": 5.97759333333333
                }
            ]
        },
        {
            "variable": "AGE",
            "var": 540.37,
            "values": [
                {
                    "cluster": "cluster_0",
                    "value": 57.725504151838614
                },
                {
                    "cluster": "cluster_1",
                    "value": 90.60007407407404
                }
            ]
        },
        {
            "variable": "cluster_size",
            "var": 8580.5,
            "values": [
                {
                    "cluster": "cluster_0",
                    "value": 281
                },
                {
                    "cluster": "cluster_1",
                    "value": 150
                }
            ]
        }
    ],
    "summary": {
        "clusters": []
    }
}