{"global": {"size": 431, "facts": [{"type": "numerical", "feature_label": "CRIM", "cluster_label": "cluster_5", "mean": 56.24572857142858, "std": 20.40771347993321, "diff": 5.996307296257973, "global_mean": 3.742854147355657, "global_std": 8.755867875023286}, {"type": "numerical", "feature_label": "ZN", "cluster_label": "cluster_2", "mean": 71.41304347826087, "std": 17.611960692106088, "diff": 2.5998499374977224, "global_mean": 10.935034802784223, "global_std": 23.262115171802925}, {"type": "numerical", "feature_label": "PTRATIO", "cluster_label": "cluster_0", "mean": 14.165714285714282, "std": 0.8007139671211291, "diff": -1.9702326245736166, "global_mean": 18.44849187935028, "global_std": 2.173742095333968}, {"type": "numerical", "feature_label": "DIS", "cluster_label": "cluster_2", "mean": 7.11685, "std": 1.7907526989447144, "diff": 1.6348077038234015, "global_mean": 3.7171805104408326, "global_std": 2.079553137416836}, {"type": "numerical", "feature_label": "RAD", "cluster_label": "cluster_5", "mean": 24.0, "std": 0.0, "diff": 1.6149334258185704, "global_mean": 9.77494199535963, "global_std": 8.808448557209122}, {"type": "numerical", "feature_label": "RAD", "cluster_label": "cluster_1", "mean": 23.130434782608695, "std": 4.096472036110976, "diff": 1.516213973494628, "global_mean": 9.77494199535963, "global_std": 8.808448557209122}, {"type": "numerical", "feature_label": "TAX", "cluster_label": "cluster_1", "mean": 667.9565217391304, "std": 9.217062081249697, "diff": 1.4963295174139224, "global_mean": 412.41763341067286, "global_std": 170.77714858562737}, {"type": "numerical", "feature_label": "TAX", "cluster_label": "cluster_5", "mean": 666.0, "std": 0.0, "diff": 1.4848729393217464, "global_mean": 412.41763341067286, "global_std": 170.77714858562737}, {"type": "numerical", "feature_label": "AGE", "cluster_label": "cluster_2", "mean": 31.006924315619973, "std": 11.723762219717758, "diff": -1.3921245172175516, "global_mean": 69.16676978602732, "global_std": 27.411230100794203}, {"type": "numerical", "feature_label": "NOX", "cluster_label": "cluster_0", "mean": 0.7052857142857141, "std": 0.12304293163449127, "diff": 1.2931159501814546, "global_mean": 0.5567744779582383, "global_std": 0.11484757906407088}]}, "clusters": [{"cluster": "cluster_0", "size": 35, "facts": [{"type": "numerical", "feature_label": "PTRATIO", "cluster_label": "cluster_0", "mean": 14.165714285714282, "std": 0.8007139671211291, "diff": -1.9702326245736166, "global_mean": 18.44849187935028, "global_std": 2.173742095333968}, {"type": "numerical", "feature_label": "NOX", "cluster_label": "cluster_0", "mean": 0.7052857142857141, "std": 0.12304293163449127, "diff": 1.2931159501814546, "global_mean": 0.5567744779582383, "global_std": 0.11484757906407088}, {"type": "numerical", "feature_label": "DIS", "cluster_label": "cluster_0", "mean": 1.9339628571428575, "std": 0.3682978774321248, "diff": -0.857500402953415, "global_mean": 3.7171805104408326, "global_std": 2.079553137416836}]}, {"cluster": "cluster_1", "size": 115, "facts": [{"type": "numerical", "feature_label": "RAD", "cluster_label": "cluster_1", "mean": 23.130434782608695, "std": 4.096472036110976, "diff": 1.516213973494628, "global_mean": 9.77494199535963, "global_std": 8.808448557209122}, {"type": "numerical", "feature_label": "TAX", "cluster_label": "cluster_1", "mean": 667.9565217391304, "std": 9.217062081249697, "diff": 1.4963295174139224, "global_mean": 412.41763341067286, "global_std": 170.77714858562737}, {"type": "numerical", "feature_label": "INDUS", "cluster_label": "cluster_1", "mean": 18.214086598675934, "std": 2.494332252466511, "diff": 1.0362500244981634, "global_mean": 11.19228275710616, "global_std": 6.7761676000638}]}, {"cluster": "cluster_2", "size": 46, "facts": [{"type": "numerical", "feature_label": "ZN", "cluster_label": "cluster_2", "mean": 71.41304347826087, "std": 17.611960692106088, "diff": 2.5998499374977224, "global_mean": 10.935034802784223, "global_std": 23.262115171802925}, {"type": "numerical", "feature_label": "DIS", "cluster_label": "cluster_2", "mean": 7.11685, "std": 1.7907526989447144, "diff": 1.6348077038234015, "global_mean": 3.7171805104408326, "global_std": 2.079553137416836}, {"type": "numerical", "feature_label": "AGE", "cluster_label": "cluster_2", "mean": 31.006924315619973, "std": 11.723762219717758, "diff": -1.3921245172175516, "global_mean": 69.16676978602732, "global_std": 27.411230100794203}]}, {"cluster": "cluster_3", "size": 123, "facts": [{"type": "numerical", "feature_label": "AGE", "cluster_label": "cluster_3", "mean": 47.19298404095153, "std": 22.69831769767076, "diff": -0.8016344273597239, "global_mean": 69.16676978602732, "global_std": 27.411230100794203}, {"type": "numerical", "feature_label": "NOX", "cluster_label": "cluster_3", "mean": 0.46503739837398383, "std": 0.03408043618971127, "diff": -0.7987724280463624, "global_mean": 0.5567744779582383, "global_std": 0.11484757906407088}, {"type": "numerical", "feature_label": "TAX", "cluster_label": "cluster_3", "mean": 280.8130081300813, "std": 48.93846078653958, "diff": -0.7706219852628892, "global_mean": 412.41763341067286, "global_std": 170.77714858562737}]}, {"cluster": "cluster_4", "size": 105, "facts": [{"type": "numerical", "feature_label": "RAD", "cluster_label": "cluster_4", "mean": 4.380952380952381, "std": 1.3962928416466578, "diff": -0.6123654556616137, "global_mean": 9.77494199535963, "global_std": 8.808448557209122}, {"type": "numerical", "feature_label": "TAX", "cluster_label": "cluster_4", "mean": 328.1047619047619, "std": 73.60405034443569, "diff": -0.493701131586915, "global_mean": 412.41763341067286, "global_std": 170.77714858562737}, {"type": "numerical", "feature_label": "ZN", "cluster_label": "cluster_4", "mean": 0.38571428571428573, "std": 2.9817208690049073, "diff": -0.45349790589366745, "global_mean": 10.935034802784223, "global_std": 23.262115171802925}]}, {"cluster": "cluster_5", "size": 7, "facts": [{"type": "numerical", "feature_label": "CRIM", "cluster_label": "cluster_5", "mean": 56.24572857142858, "std": 20.40771347993321, "diff": 5.996307296257973, "global_mean": 3.742854147355657, "global_std": 8.755867875023286}, {"type": "numerical", "feature_label": "RAD", "cluster_label": "cluster_5", "mean": 24.0, "std": 0.0, "diff": 1.6149334258185704, "global_mean": 9.77494199535963, "global_std": 8.808448557209122}, {"type": "numerical", "feature_label": "TAX", "cluster_label": "cluster_5", "mean": 666.0, "std": 0.0, "diff": 1.4848729393217464, "global_mean": 412.41763341067286, "global_std": 170.77714858562737}]}]}