{
    "metrics": {
        "inertia": 1279.2321429758056,
        "silhouette": 0.3175353219324795,
        "nbClusters": 6
    },
    "processed_feature_names": [
        "TAX",
        "CRIM",
        "PTRATIO",
        "DIS",
        "ZN",
        "INDUS",
        "RAD",
        "NOX",
        "RM",
        "AGE"
    ],
    "variables_importance": {
        "variables": [
            "TAX",
            "CRIM",
            "PTRATIO",
            "DIS",
            "ZN",
            "INDUS",
            "RAD",
            "NOX",
            "RM",
            "AGE"
        ],
        "importances": [
            0.16821547247736707,
            0.1357986525820684,
            0.10525401748810592,
            0.05549861697527185,
            0.0931274145873317,
            0.12000767191587267,
            0.06132378288659808,
            0.15605930943686028,
            0.03455706993786543,
            0.07015799171265866
        ]
    },
    "reduce_vars": [],
    "train_nb_records": 431,
    "train_nb_features": 10,
    "train_nb_outliers": 0,
    "cluster_description": [
        {
            "variable": "TAX",
            "var": 32363.93,
            "values": [
                {
                    "cluster": "cluster_0",
                    "value": 359.3142857142857
                },
                {
                    "cluster": "cluster_1",
                    "value": 667.9565217391304
                },
                {
                    "cluster": "cluster_2",
                    "value": 319.7391304347826
                },
                {
                    "cluster": "cluster_3",
                    "value": 280.8130081300813
                },
                {
                    "cluster": "cluster_4",
                    "value": 328.1047619047619
                },
                {
                    "cluster": "cluster_5",
                    "value": 666.0
                }
            ]
        },
        {
            "variable": "CRIM",
            "var": 494.97,
            "values": [
                {
                    "cluster": "cluster_0",
                    "value": 1.7459038277483832
                },
                {
                    "cluster": "cluster_1",
                    "value": 9.230014989801392
                },
                {
                    "cluster": "cluster_2",
                    "value": 0.34822925836464474
                },
                {
                    "cluster": "cluster_3",
                    "value": 0.26014378768108665
                },
                {
                    "cluster": "cluster_4",
                    "value": 0.4654804565941604
                },
                {
                    "cluster": "cluster_5",
                    "value": 56.24572857142858
                }
            ]
        },
        {
            "variable": "PTRATIO",
            "var": 5.82,
            "values": [
                {
                    "cluster": "cluster_0",
                    "value": 14.165714285714282
                },
                {
                    "cluster": "cluster_1",
                    "value": 20.195652173913054
                },
                {
                    "cluster": "cluster_2",
                    "value": 16.263043478260865
                },
                {
                    "cluster": "cluster_3",
                    "value": 18.01056910569104
                },
                {
                    "cluster": "cluster_4",
                    "value": 19.316190476190485
                },
                {
                    "cluster": "cluster_5",
                    "value": 20.2
                }
            ]
        },
        {
            "variable": "DIS",
            "var": 4.78,
            "values": [
                {
                    "cluster": "cluster_0",
                    "value": 1.9339628571428575
                },
                {
                    "cluster": "cluster_1",
                    "value": 2.0778530434782607
                },
                {
                    "cluster": "cluster_2",
                    "value": 7.11685
                },
                {
                    "cluster": "cluster_3",
                    "value": 5.120252845528456
                },
                {
                    "cluster": "cluster_4",
                    "value": 3.1146114285714295
                },
                {
                    "cluster": "cluster_5",
                    "value": 1.608942857142857
                }
            ]
        },
        {
            "variable": "ZN",
            "var": 791.89,
            "values": [
                {
                    "cluster": "cluster_0",
                    "value": 5.714285714285714
                },
                {
                    "cluster": "cluster_1",
                    "value": 0.0
                },
                {
                    "cluster": "cluster_2",
                    "value": 71.41304347826087
                },
                {
                    "cluster": "cluster_3",
                    "value": 9.654471544715447
                },
                {
                    "cluster": "cluster_4",
                    "value": 0.38571428571428573
                },
                {
                    "cluster": "cluster_5",
                    "value": 0.0
                }
            ]
        },
        {
            "variable": "INDUS",
            "var": 39.42,
            "values": [
                {
                    "cluster": "cluster_0",
                    "value": 14.188513815402706
                },
                {
                    "cluster": "cluster_1",
                    "value": 18.214086598675934
                },
                {
                    "cluster": "cluster_2",
                    "value": 3.044086598675971
                },
                {
                    "cluster": "cluster_3",
                    "value": 5.97518685804142
                },
                {
                    "cluster": "cluster_4",
                    "value": 11.723618655692743
                },
                {
                    "cluster": "cluster_5",
                    "value": 18.099999999999998
                }
            ]
        },
        {
            "variable": "RAD",
            "var": 98.11,
            "values": [
                {
                    "cluster": "cluster_0",
                    "value": 5.0
                },
                {
                    "cluster": "cluster_1",
                    "value": 23.130434782608695
                },
                {
                    "cluster": "cluster_2",
                    "value": 3.5
                },
                {
                    "cluster": "cluster_3",
                    "value": 4.788617886178862
                },
                {
                    "cluster": "cluster_4",
                    "value": 4.380952380952381
                },
                {
                    "cluster": "cluster_5",
                    "value": 24.0
                }
            ]
        },
        {
            "variable": "NOX",
            "var": 0.02,
            "values": [
                {
                    "cluster": "cluster_0",
                    "value": 0.7052857142857141
                },
                {
                    "cluster": "cluster_1",
                    "value": 0.6705130434782614
                },
                {
                    "cluster": "cluster_2",
                    "value": 0.41593913043478264
                },
                {
                    "cluster": "cluster_3",
                    "value": 0.46503739837398383
                },
                {
                    "cluster": "cluster_4",
                    "value": 0.5432571428571422
                },
                {
                    "cluster": "cluster_5",
                    "value": 0.6858571428571428
                }
            ]
        },
        {
            "variable": "RM",
            "var": 0.17,
            "values": [
                {
                    "cluster": "cluster_0",
                    "value": 6.540314285714285
                },
                {
                    "cluster": "cluster_1",
                    "value": 6.0353565217391285
                },
                {
                    "cluster": "cluster_2",
                    "value": 6.804456521739134
                },
                {
                    "cluster": "cluster_3",
                    "value": 6.572471544715448
                },
                {
                    "cluster": "cluster_4",
                    "value": 6.014047619047619
                },
                {
                    "cluster": "cluster_5",
                    "value": 5.7589999999999995
                }
            ]
        },
        {
            "variable": "AGE",
            "var": 696.2,
            "values": [
                {
                    "cluster": "cluster_0",
                    "value": 90.11534391534393
                },
                {
                    "cluster": "cluster_1",
                    "value": 89.68048309178744
                },
                {
                    "cluster": "cluster_2",
                    "value": 31.006924315619973
                },
                {
                    "cluster": "cluster_3",
                    "value": 47.19298404095153
                },
                {
                    "cluster": "cluster_4",
                    "value": 80.53837742504409
                },
                {
                    "cluster": "cluster_5",
                    "value": 93.71428571428571
                }
            ]
        },
        {
            "variable": "cluster_size",
            "var": 2361.77,
            "values": [
                {
                    "cluster": "cluster_3",
                    "value": 123
                },
                {
                    "cluster": "cluster_1",
                    "value": 115
                },
                {
                    "cluster": "cluster_4",
                    "value": 105
                },
                {
                    "cluster": "cluster_2",
                    "value": 46
                },
                {
                    "cluster": "cluster_0",
                    "value": 35
                },
                {
                    "cluster": "cluster_5",
                    "value": 7
                }
            ]
        }
    ],
    "summary": {
        "clusters": []
    }
}