{
    "modelId": "m5",
    "state": "DONE",
    "startTime": 1667381036780,
    "endTime": 1667381041453,
    "preprocessingTime": 122,
    "trainingTime": 505,
    "progress": {
        "stack": [],
        "top_level_todo": [],
        "top_level_done": [
            {
                "name": "Loading source dataset",
                "time": 17
            },
            {
                "name": "Collecting statistics",
                "time": 14
            },
            {
                "name": "Preprocessing data",
                "time": 88
            },
            {
                "name": "Fitting model",
                "time": 54
            },
            {
                "name": "Saving model",
                "time": 2
            },
            {
                "name": "Scoring model",
                "time": 448
            }
        ]
    }
}