{
    "details": {
        "date": {
            "levels": [
                "2016-01",
                "2016-08",
                "2016-02",
                "2016-05",
                "2016-06",
                "2016-09",
                "2016-04",
                "2016-12",
                "2016-11",
                "2016-03"
            ],
            "with_others": true
        },
        "tip_grd": {
            "levels": [
                "M",
                "Q"
            ],
            "with_others": true
        }
    }
}