{
  "cparams": {
    "extractBeforePrepare": true,
    "selection": {
      "useMemTable": false,
      "filter": {
        "distinct": false,
        "enabled": false
      },
      "partitionSelectionMethod": "ALL",
      "latestPartitionsN": 1,
      "ordering": {
        "enabled": false,
        "rules": []
      },
      "samplingMethod": "FULL",
      "maxRecords": 100000,
      "targetRatio": 0.02,
      "withinFirstN": -1,
      "maxReadUncompressedBytes": -1
    },
    "instanceIdRefresher": 0
  },
  "generationDate": 1667381031979,
  "policyId": "extractBeforePrepare\u003dtrue,,ds\u003dtrain,sel\u003d(method\u003dfull)",
  "instanceId": "f68e96abd82debd5eae0aa32cd6c5a99-0",
  "format": "csv1",
  "schema": {
    "columns": [
      {"name":"CRIM","type":"double"},
      {"name":"ZN","type":"double"},
      {"name":"INDUS","type":"double"},
      {"name":"CHAS","type":"bigint"},
      {"name":"NOX","type":"double"},
      {"name":"RM","type":"double"},
      {"name":"AGE","type":"double"},
      {"name":"DIS","type":"double"},
      {"name":"RAD","type":"bigint"},
      {"name":"TAX","type":"bigint"},
      {"name":"PTRATIO","type":"double"},
      {"name":"B","type":"double"},
      {"name":"LSTAT","type":"double"},
      {"name":"MEDV","type":"double"}
    ],
    "userModified": false
  },
  "fullPath": "full-f68e96abd82debd5eae0aa32cd6c5a99-0.csv.gz",
  "trainRows": 0,
  "testRows": 0,
  "fullRows": 431
}