{
    "metrics": {
        "inertia": 1117.2978300680884,
        "silhouette": 0.3334575280657018,
        "nbClusters": 7
    },
    "processed_feature_names": [
        "TAX",
        "CRIM",
        "PTRATIO",
        "DIS",
        "ZN",
        "INDUS",
        "RAD",
        "NOX",
        "RM",
        "AGE"
    ],
    "variables_importance": {
        "variables": [
            "TAX",
            "CRIM",
            "PTRATIO",
            "DIS",
            "ZN",
            "INDUS",
            "RAD",
            "NOX",
            "RM",
            "AGE"
        ],
        "importances": [
            0.09166429412096373,
            0.09962146326223649,
            0.04166007423904787,
            0.09182149315284695,
            0.09952087440922386,
            0.14661269525200823,
            0.12772962438926708,
            0.07689788883281234,
            0.11266040341236488,
            0.11181118892922835
        ]
    },
    "reduce_vars": [],
    "train_nb_records": 431,
    "train_nb_features": 10,
    "train_nb_outliers": 0,
    "cluster_description": [
        {
            "variable": "TAX",
            "var": 30094.29,
            "values": [
                {
                    "cluster": "cluster_0",
                    "value": 417.95454545454544
                },
                {
                    "cluster": "cluster_1",
                    "value": 275.4390243902439
                },
                {
                    "cluster": "cluster_2",
                    "value": 288.8333333333333
                },
                {
                    "cluster": "cluster_3",
                    "value": 666.0
                },
                {
                    "cluster": "cluster_4",
                    "value": 313.6320754716981
                },
                {
                    "cluster": "cluster_5",
                    "value": 666.0
                },
                {
                    "cluster": "cluster_6",
                    "value": 319.4
                }
            ]
        },
        {
            "variable": "CRIM",
            "var": 430.76,
            "values": [
                {
                    "cluster": "cluster_0",
                    "value": 1.249313636363636
                },
                {
                    "cluster": "cluster_1",
                    "value": 0.5014432675900834
                },
                {
                    "cluster": "cluster_2",
                    "value": 0.26064938350743905
                },
                {
                    "cluster": "cluster_3",
                    "value": 9.642663398428729
                },
                {
                    "cluster": "cluster_4",
                    "value": 0.4425271878639646
                },
                {
                    "cluster": "cluster_5",
                    "value": 56.24572857142858
                },
                {
                    "cluster": "cluster_6",
                    "value": 0.35532346410608134
                }
            ]
        },
        {
            "variable": "PTRATIO",
            "var": 2.9,
            "values": [
                {
                    "cluster": "cluster_0",
                    "value": 17.686363636363645
                },
                {
                    "cluster": "cluster_1",
                    "value": 16.04146341463414
                },
                {
                    "cluster": "cluster_2",
                    "value": 18.285897435897443
                },
                {
                    "cluster": "cluster_3",
                    "value": 20.200000000000017
                },
                {
                    "cluster": "cluster_4",
                    "value": 18.84245283018868
                },
                {
                    "cluster": "cluster_5",
                    "value": 20.2
                },
                {
                    "cluster": "cluster_6",
                    "value": 16.18666666666666
                }
            ]
        },
        {
            "variable": "DIS",
            "var": 4.46,
            "values": [
                {
                    "cluster": "cluster_0",
                    "value": 1.8629818181818179
                },
                {
                    "cluster": "cluster_1",
                    "value": 3.1322780487804875
                },
                {
                    "cluster": "cluster_2",
                    "value": 5.875784615384616
                },
                {
                    "cluster": "cluster_3",
                    "value": 2.0870563636363633
                },
                {
                    "cluster": "cluster_4",
                    "value": 3.528086792452831
                },
                {
                    "cluster": "cluster_5",
                    "value": 1.608942857142857
                },
                {
                    "cluster": "cluster_6",
                    "value": 7.0796222222222225
                }
            ]
        },
        {
            "variable": "ZN",
            "var": 694.6,
            "values": [
                {
                    "cluster": "cluster_0",
                    "value": 0.0
                },
                {
                    "cluster": "cluster_1",
                    "value": 7.585365853658536
                },
                {
                    "cluster": "cluster_2",
                    "value": 13.16025641025641
                },
                {
                    "cluster": "cluster_3",
                    "value": 0.0
                },
                {
                    "cluster": "cluster_4",
                    "value": 1.2311320754716981
                },
                {
                    "cluster": "cluster_5",
                    "value": 0.0
                },
                {
                    "cluster": "cluster_6",
                    "value": 72.11111111111111
                }
            ]
        },
        {
            "variable": "INDUS",
            "var": 54.14,
            "values": [
                {
                    "cluster": "cluster_0",
                    "value": 21.578817807706706
                },
                {
                    "cluster": "cluster_1",
                    "value": 5.476341463414633
                },
                {
                    "cluster": "cluster_2",
                    "value": 6.448563891526856
                },
                {
                    "cluster": "cluster_3",
                    "value": 17.78109053497939
                },
                {
                    "cluster": "cluster_4",
                    "value": 8.731037347620159
                },
                {
                    "cluster": "cluster_5",
                    "value": 18.099999999999998
                },
                {
                    "cluster": "cluster_6",
                    "value": 3.0839551897576594
                }
            ]
        },
        {
            "variable": "RAD",
            "var": 91.45,
            "values": [
                {
                    "cluster": "cluster_0",
                    "value": 4.204545454545454
                },
                {
                    "cluster": "cluster_1",
                    "value": 5.073170731707317
                },
                {
                    "cluster": "cluster_2",
                    "value": 4.769230769230769
                },
                {
                    "cluster": "cluster_3",
                    "value": 24.0
                },
                {
                    "cluster": "cluster_4",
                    "value": 4.528301886792453
                },
                {
                    "cluster": "cluster_5",
                    "value": 24.0
                },
                {
                    "cluster": "cluster_6",
                    "value": 3.5555555555555554
                }
            ]
        },
        {
            "variable": "NOX",
            "var": 0.01,
            "values": [
                {
                    "cluster": "cluster_0",
                    "value": 0.679909090909091
                },
                {
                    "cluster": "cluster_1",
                    "value": 0.5304073170731706
                },
                {
                    "cluster": "cluster_2",
                    "value": 0.4530884615384617
                },
                {
                    "cluster": "cluster_3",
                    "value": 0.6733090909090916
                },
                {
                    "cluster": "cluster_4",
                    "value": 0.5226132075471693
                },
                {
                    "cluster": "cluster_5",
                    "value": 0.6858571428571428
                },
                {
                    "cluster": "cluster_6",
                    "value": 0.41564888888888896
                }
            ]
        },
        {
            "variable": "RM",
            "var": 0.41,
            "values": [
                {
                    "cluster": "cluster_0",
                    "value": 5.858840909090909
                },
                {
                    "cluster": "cluster_1",
                    "value": 7.569682926829269
                },
                {
                    "cluster": "cluster_2",
                    "value": 6.33671794871795
                },
                {
                    "cluster": "cluster_3",
                    "value": 6.055809090909091
                },
                {
                    "cluster": "cluster_4",
                    "value": 6.049584905660378
                },
                {
                    "cluster": "cluster_5",
                    "value": 5.7589999999999995
                },
                {
                    "cluster": "cluster_6",
                    "value": 6.80146666666667
                }
            ]
        },
        {
            "variable": "AGE",
            "var": 707.79,
            "values": [
                {
                    "cluster": "cluster_0",
                    "value": 93.06489898989899
                },
                {
                    "cluster": "cluster_1",
                    "value": 73.7037940379404
                },
                {
                    "cluster": "cluster_2",
                    "value": 35.37564102564102
                },
                {
                    "cluster": "cluster_3",
                    "value": 89.47232323232323
                },
                {
                    "cluster": "cluster_4",
                    "value": 75.89709993011883
                },
                {
                    "cluster": "cluster_5",
                    "value": 93.71428571428571
                },
                {
                    "cluster": "cluster_6",
                    "value": 30.929300411522636
                }
            ]
        },
        {
            "variable": "cluster_size",
            "var": 1428.95,
            "values": [
                {
                    "cluster": "cluster_3",
                    "value": 110
                },
                {
                    "cluster": "cluster_4",
                    "value": 106
                },
                {
                    "cluster": "cluster_2",
                    "value": 78
                },
                {
                    "cluster": "cluster_6",
                    "value": 45
                },
                {
                    "cluster": "cluster_0",
                    "value": 44
                },
                {
                    "cluster": "cluster_1",
                    "value": 41
                },
                {
                    "cluster": "cluster_5",
                    "value": 7
                }
            ]
        }
    ],
    "summary": {
        "clusters": []
    }
}