{"global": {"size": 431, "facts": [{"type": "numerical", "feature_label": "ZN", "cluster_label": "cluster_4", "mean": 59.2578125, "std": 24.91668533006149, "diff": 2.0773165870913592, "global_mean": 10.935034802784223, "global_std": 23.262115171802925}, {"type": "numerical", "feature_label": "RAD", "cluster_label": "cluster_2", "mean": 24.0, "std": 0.0, "diff": 1.6149334258185704, "global_mean": 9.77494199535963, "global_std": 8.808448557209122}, {"type": "numerical", "feature_label": "DIS", "cluster_label": "cluster_4", "mean": 7.012687500000001, "std": 1.7447948299360097, "diff": 1.5847188178383156, "global_mean": 3.7171805104408326, "global_std": 2.079553137416836}, {"type": "numerical", "feature_label": "MEDV", "cluster_label": "cluster_1", "mean": 37.66415094339623, "std": 8.003775415380849, "diff": 1.5700360995681795, "global_mean": 22.724361948955938, "global_std": 9.515570373540653}, {"type": "numerical", "feature_label": "TAX", "cluster_label": "cluster_2", "mean": 666.0, "std": 0.0, "diff": 1.4848729393217464, "global_mean": 412.41763341067286, "global_std": 170.77714858562737}, {"type": "numerical", "feature_label": "INDUS", "cluster_label": "cluster_0", "mean": 21.219155006858717, "std": 4.117716314384184, "diff": 1.4797261286244088, "global_mean": 11.19228275710616, "global_std": 6.7761676000638}, {"type": "numerical", "feature_label": "RM", "cluster_label": "cluster_1", "mean": 7.379943396226416, "std": 0.6168665986909581, "diff": 1.4686837583706143, "global_mean": 6.302051044083534, "global_std": 0.7339172548205453}, {"type": "numerical", "feature_label": "AGE", "cluster_label": "cluster_4", "mean": 30.683101851851852, "std": 13.138935273659598, "diff": -1.40393801345896, "global_mean": 69.16676978602732, "global_std": 27.411230100794203}, {"type": "numerical", "feature_label": "NOX", "cluster_label": "cluster_4", "mean": 0.4215671874999999, "std": 0.0201362190827477, "diff": -1.1772759300638747, "global_mean": 0.5567744779582383, "global_std": 0.11484757906407088}, {"type": "numerical", "feature_label": "INDUS", "cluster_label": "cluster_4", "mean": 3.7185622427983542, "std": 2.154977321968813, "diff": -1.1029420987517249, "global_mean": 11.19228275710616, "global_std": 6.7761676000638}]}, "clusters": [{"cluster": "cluster_0", "size": 45, "facts": [{"type": "numerical", "feature_label": "INDUS", "cluster_label": "cluster_0", "mean": 21.219155006858717, "std": 4.117716314384184, "diff": 1.4797261286244088, "global_mean": 11.19228275710616, "global_std": 6.7761676000638}, {"type": "numerical", "feature_label": "NOX", "cluster_label": "cluster_0", "mean": 0.676488888888889, "std": 0.11971189320087365, "diff": 1.042376442814391, "global_mean": 0.5567744779582383, "global_std": 0.11484757906407088}, {"type": "numerical", "feature_label": "DIS", "cluster_label": "cluster_0", "mean": 1.8872799999999996, "std": 0.3413625575942282, "diff": -0.8799489070588913, "global_mean": 3.7171805104408326, "global_std": 2.079553137416836}]}, {"cluster": "cluster_1", "size": 53, "facts": [{"type": "numerical", "feature_label": "MEDV", "cluster_label": "cluster_1", "mean": 37.66415094339623, "std": 8.003775415380849, "diff": 1.5700360995681795, "global_mean": 22.724361948955938, "global_std": 9.515570373540653}, {"type": "numerical", "feature_label": "RM", "cluster_label": "cluster_1", "mean": 7.379943396226416, "std": 0.6168665986909581, "diff": 1.4686837583706143, "global_mean": 6.302051044083534, "global_std": 0.7339172548205453}, {"type": "numerical", "feature_label": "PTRATIO", "cluster_label": "cluster_1", "mean": 16.27924528301886, "std": 1.9776013530932284, "diff": -0.997931907832029, "global_mean": 18.44849187935028, "global_std": 2.173742095333968}]}, {"cluster": "cluster_2", "size": 116, "facts": [{"type": "numerical", "feature_label": "RAD", "cluster_label": "cluster_2", "mean": 24.0, "std": 0.0, "diff": 1.6149334258185704, "global_mean": 9.77494199535963, "global_std": 8.808448557209122}, {"type": "numerical", "feature_label": "TAX", "cluster_label": "cluster_2", "mean": 666.0, "std": 0.0, "diff": 1.4848729393217464, "global_mean": 412.41763341067286, "global_std": 170.77714858562737}, {"type": "numerical", "feature_label": "NOX", "cluster_label": "cluster_2", "mean": 0.6744310344827592, "std": 0.06088181339611035, "diff": 1.024458307988216, "global_mean": 0.5567744779582383, "global_std": 0.11484757906407088}]}, {"cluster": "cluster_3", "size": 153, "facts": [{"type": "numerical", "feature_label": "TAX", "cluster_label": "cluster_3", "mean": 308.01307189542484, "std": 58.074927433638976, "diff": -0.6113497173358633, "global_mean": 412.41763341067286, "global_std": 170.77714858562737}, {"type": "numerical", "feature_label": "RAD", "cluster_label": "cluster_3", "mean": 4.457516339869281, "std": 1.4554205763309682, "diff": -0.6036733507557802, "global_mean": 9.77494199535963, "global_std": 8.808448557209122}, {"type": "numerical", "feature_label": "NOX", "cluster_label": "cluster_3", "mean": 0.49953529411764575, "std": 0.04948473777283075, "diff": -0.4983926026743682, "global_mean": 0.5567744779582383, "global_std": 0.11484757906407088}]}, {"cluster": "cluster_4", "size": 64, "facts": [{"type": "numerical", "feature_label": "ZN", "cluster_label": "cluster_4", "mean": 59.2578125, "std": 24.91668533006149, "diff": 2.0773165870913592, "global_mean": 10.935034802784223, "global_std": 23.262115171802925}, {"type": "numerical", "feature_label": "DIS", "cluster_label": "cluster_4", "mean": 7.012687500000001, "std": 1.7447948299360097, "diff": 1.5847188178383156, "global_mean": 3.7171805104408326, "global_std": 2.079553137416836}, {"type": "numerical", "feature_label": "AGE", "cluster_label": "cluster_4", "mean": 30.683101851851852, "std": 13.138935273659598, "diff": -1.40393801345896, "global_mean": 69.16676978602732, "global_std": 27.411230100794203}]}]}