{
    "metrics": {
        "inertia": 2315.62587137488,
        "silhouette": 0.26079656333336326,
        "nbClusters": 5
    },
    "processed_feature_names": [
        "B",
        "TAX",
        "CRIM",
        "PTRATIO",
        "MEDV",
        "DIS",
        "ZN",
        "INDUS",
        "RAD",
        "LSTAT",
        "NOX",
        "RM",
        "AGE",
        "dummy:CHAS:0",
        "dummy:CHAS:N/A",
        "dummy:CHAS:__Others__"
    ],
    "variables_importance": {
        "variables": [
            "B",
            "TAX",
            "CRIM",
            "PTRATIO",
            "MEDV",
            "DIS",
            "ZN",
            "INDUS",
            "RAD",
            "LSTAT",
            "NOX",
            "RM",
            "AGE",
            "dummy:CHAS:0",
            "dummy:CHAS:__Others__"
        ],
        "importances": [
            0.006211481134052526,
            0.09285552752456412,
            0.09883703311118479,
            0.040554126312317605,
            0.08526004413014941,
            0.07230236225951228,
            0.10803944653178635,
            0.12090303191629186,
            0.1226423192765033,
            0.03798491121038487,
            0.08931775630168343,
            0.086250323071593,
            0.03688373143388094,
            0.0008531092519944076,
            0.0011047965341010372
        ]
    },
    "reduce_vars": [],
    "train_nb_records": 431,
    "train_nb_features": 16,
    "train_nb_outliers": 0,
    "cluster_description": [
        {
            "variable": "dummy:CHAS:0",
            "var": 0.0,
            "values": [
                {
                    "cluster": "cluster_0",
                    "value": 0.9111111111111111
                },
                {
                    "cluster": "cluster_1",
                    "value": 0.8490566037735849
                },
                {
                    "cluster": "cluster_2",
                    "value": 0.9396551724137931
                },
                {
                    "cluster": "cluster_3",
                    "value": 0.934640522875817
                },
                {
                    "cluster": "cluster_4",
                    "value": 0.953125
                }
            ]
        },
        {
            "variable": "dummy:CHAS:N/A",
            "var": 0.0,
            "values": [
                {
                    "cluster": "cluster_0",
                    "value": 0.0
                },
                {
                    "cluster": "cluster_1",
                    "value": 0.0
                },
                {
                    "cluster": "cluster_2",
                    "value": 0.0
                },
                {
                    "cluster": "cluster_3",
                    "value": 0.0
                },
                {
                    "cluster": "cluster_4",
                    "value": 0.0
                }
            ]
        },
        {
            "variable": "dummy:CHAS:__Others__",
            "var": 0.0,
            "values": [
                {
                    "cluster": "cluster_0",
                    "value": 0.08888888888888889
                },
                {
                    "cluster": "cluster_1",
                    "value": 0.1509433962264151
                },
                {
                    "cluster": "cluster_2",
                    "value": 0.0603448275862069
                },
                {
                    "cluster": "cluster_3",
                    "value": 0.06535947712418301
                },
                {
                    "cluster": "cluster_4",
                    "value": 0.046875
                }
            ]
        },
        {
            "variable": "B",
            "var": 1859.68,
            "values": [
                {
                    "cluster": "cluster_0",
                    "value": 350.39488888888883
                },
                {
                    "cluster": "cluster_1",
                    "value": 388.34018867924533
                },
                {
                    "cluster": "cluster_2",
                    "value": 288.8234482758621
                },
                {
                    "cluster": "cluster_3",
                    "value": 383.9176470588236
                },
                {
                    "cluster": "cluster_4",
                    "value": 390.0934375000002
                }
            ]
        },
        {
            "variable": "TAX",
            "var": 25193.71,
            "values": [
                {
                    "cluster": "cluster_0",
                    "value": 410.02222222222224
                },
                {
                    "cluster": "cluster_1",
                    "value": 283.1698113207547
                },
                {
                    "cluster": "cluster_2",
                    "value": 666.0
                },
                {
                    "cluster": "cluster_3",
                    "value": 308.01307189542484
                },
                {
                    "cluster": "cluster_4",
                    "value": 311.109375
                }
            ]
        },
        {
            "variable": "CRIM",
            "var": 28.14,
            "values": [
                {
                    "cluster": "cluster_0",
                    "value": 1.2001619999999997
                },
                {
                    "cluster": "cluster_1",
                    "value": 0.7014915455392501
                },
                {
                    "cluster": "cluster_2",
                    "value": 12.48167511919966
                },
                {
                    "cluster": "cluster_3",
                    "value": 0.34126086218026297
                },
                {
                    "cluster": "cluster_4",
                    "value": 0.34213390399948557
                }
            ]
        },
        {
            "variable": "PTRATIO",
            "var": 2.49,
            "values": [
                {
                    "cluster": "cluster_0",
                    "value": 17.755555555555564
                },
                {
                    "cluster": "cluster_1",
                    "value": 16.27924528301886
                },
                {
                    "cluster": "cluster_2",
                    "value": 20.200000000000006
                },
                {
                    "cluster": "cluster_3",
                    "value": 18.77516339869279
                },
                {
                    "cluster": "cluster_4",
                    "value": 16.776562500000004
                }
            ]
        },
        {
            "variable": "MEDV",
            "var": 81.56,
            "values": [
                {
                    "cluster": "cluster_0",
                    "value": 17.831111111111113
                },
                {
                    "cluster": "cluster_1",
                    "value": 37.66415094339623
                },
                {
                    "cluster": "cluster_2",
                    "value": 16.269827586206898
                },
                {
                    "cluster": "cluster_3",
                    "value": 20.92679738562091
                },
                {
                    "cluster": "cluster_4",
                    "value": 29.789062499999996
                }
            ]
        },
        {
            "variable": "DIS",
            "var": 4.4,
            "values": [
                {
                    "cluster": "cluster_0",
                    "value": 1.8872799999999996
                },
                {
                    "cluster": "cluster_1",
                    "value": 3.158771698113208
                },
                {
                    "cluster": "cluster_2",
                    "value": 2.065831034482758
                },
                {
                    "cluster": "cluster_3",
                    "value": 4.322313071895425
                },
                {
                    "cluster": "cluster_4",
                    "value": 7.012687500000001
                }
            ]
        },
        {
            "variable": "ZN",
            "var": 649.63,
            "values": [
                {
                    "cluster": "cluster_0",
                    "value": 0.0
                },
                {
                    "cluster": "cluster_1",
                    "value": 6.867924528301887
                },
                {
                    "cluster": "cluster_2",
                    "value": 0.0
                },
                {
                    "cluster": "cluster_3",
                    "value": 3.6372549019607843
                },
                {
                    "cluster": "cluster_4",
                    "value": 59.2578125
                }
            ]
        },
        {
            "variable": "INDUS",
            "var": 59.11,
            "values": [
                {
                    "cluster": "cluster_0",
                    "value": 21.219155006858717
                },
                {
                    "cluster": "cluster_1",
                    "value": 5.948490566037731
                },
                {
                    "cluster": "cluster_2",
                    "value": 17.797585852135626
                },
                {
                    "cluster": "cluster_3",
                    "value": 8.177999677237162
                },
                {
                    "cluster": "cluster_4",
                    "value": 3.7185622427983542
                }
            ]
        },
        {
            "variable": "RAD",
            "var": 75.77,
            "values": [
                {
                    "cluster": "cluster_0",
                    "value": 4.155555555555556
                },
                {
                    "cluster": "cluster_1",
                    "value": 5.584905660377358
                },
                {
                    "cluster": "cluster_2",
                    "value": 24.0
                },
                {
                    "cluster": "cluster_3",
                    "value": 4.457516339869281
                },
                {
                    "cluster": "cluster_4",
                    "value": 4.125
                }
            ]
        },
        {
            "variable": "LSTAT",
            "var": 37.45,
            "values": [
                {
                    "cluster": "cluster_0",
                    "value": 18.017777777777773
                },
                {
                    "cluster": "cluster_1",
                    "value": 6.1913370603307705
                },
                {
                    "cluster": "cluster_2",
                    "value": 18.677726692209454
                },
                {
                    "cluster": "cluster_3",
                    "value": 12.164009521504074
                },
                {
                    "cluster": "cluster_4",
                    "value": 6.043451003086423
                }
            ]
        },
        {
            "variable": "NOX",
            "var": 0.01,
            "values": [
                {
                    "cluster": "cluster_0",
                    "value": 0.676488888888889
                },
                {
                    "cluster": "cluster_1",
                    "value": 0.5261245283018866
                },
                {
                    "cluster": "cluster_2",
                    "value": 0.6744310344827592
                },
                {
                    "cluster": "cluster_3",
                    "value": 0.49953529411764575
                },
                {
                    "cluster": "cluster_4",
                    "value": 0.4215671874999999
                }
            ]
        },
        {
            "variable": "RM",
            "var": 0.42,
            "values": [
                {
                    "cluster": "cluster_0",
                    "value": 5.836733333333331
                },
                {
                    "cluster": "cluster_1",
                    "value": 7.379943396226416
                },
                {
                    "cluster": "cluster_2",
                    "value": 6.0296206896551725
                },
                {
                    "cluster": "cluster_3",
                    "value": 6.068
                },
                {
                    "cluster": "cluster_4",
                    "value": 6.789906250000002
                }
            ]
        },
        {
            "variable": "AGE",
            "var": 631.13,
            "values": [
                {
                    "cluster": "cluster_0",
                    "value": 93.07234567901234
                },
                {
                    "cluster": "cluster_1",
                    "value": 70.80104821802935
                },
                {
                    "cluster": "cluster_2",
                    "value": 89.65909961685824
                },
                {
                    "cluster": "cluster_3",
                    "value": 62.130670539820876
                },
                {
                    "cluster": "cluster_4",
                    "value": 30.683101851851852
                }
            ]
        },
        {
            "variable": "cluster_size",
            "var": 2160.7,
            "values": [
                {
                    "cluster": "cluster_3",
                    "value": 153
                },
                {
                    "cluster": "cluster_2",
                    "value": 116
                },
                {
                    "cluster": "cluster_4",
                    "value": 64
                },
                {
                    "cluster": "cluster_1",
                    "value": 53
                },
                {
                    "cluster": "cluster_0",
                    "value": 45
                }
            ]
        }
    ],
    "summary": {
        "clusters": []
    }
}