{"global": {"size": 431, "facts": [{"type": "numerical", "feature_label": "CRIM", "cluster_label": "cluster_17", "mean": 76.81036666666667, "std": 10.903343970696945, "diff": 8.344976598806511, "global_mean": 3.742854147355657, "global_std": 8.755867875023286}, {"type": "numerical", "feature_label": "B", "cluster_label": "cluster_12", "mean": 35.92277777777778, "std": 36.49274928877783, "diff": -3.496625550270329, "global_mean": 356.2846867749414, "global_std": 91.62030774853658}, {"type": "numerical", "feature_label": "ZN", "cluster_label": "cluster_3", "mean": 86.96428571428571, "std": 8.330814637685352, "diff": 3.2683722159393325, "global_mean": 10.935034802784223, "global_std": 23.262115171802925}, {"type": "numerical", "feature_label": "B", "cluster_label": "cluster_2", "mean": 90.72714285714285, "std": 47.00691180180695, "diff": -2.898457235558022, "global_mean": 356.2846867749414, "global_std": 91.62030774853658}, {"type": "numerical", "feature_label": "MEDV", "cluster_label": "cluster_20", "mean": 50.0, "std": 0.0, "diff": 2.8664217677258432, "global_mean": 22.724361948955938, "global_std": 9.515570373540653}, {"type": "numerical", "feature_label": "CRIM", "cluster_label": "cluster_10", "mean": 28.389599999999998, "std": 11.883444481294134, "diff": 2.8148832536579125, "global_mean": 3.742854147355657, "global_std": 8.755867875023286}, {"type": "numerical", "feature_label": "B", "cluster_label": "cluster_10", "mean": 100.93833333333333, "std": 71.89366242351733, "diff": -2.7870060657560565, "global_mean": 356.2846867749414, "global_std": 91.62030774853658}, {"type": "numerical", "feature_label": "NOX", "cluster_label": "cluster_8", "mean": 0.8710000000000003, "std": 3.493235195007277e-16, "diff": 2.7360221660960105, "global_mean": 0.5567744779582383, "global_std": 0.11484757906407088}, {"type": "numerical", "feature_label": "ZN", "cluster_label": "cluster_15", "mean": 73.90625, "std": 11.83105905375057, "diff": 2.707028777569895, "global_mean": 10.935034802784223, "global_std": 23.262115171802925}, {"type": "numerical", "feature_label": "DIS", "cluster_label": "cluster_15", "mean": 8.5874375, "std": 1.7485706131485417, "diff": 2.34197285076777, "global_mean": 3.7171805104408326, "global_std": 2.079553137416836}]}, "clusters": [{"cluster": "cluster_0", "size": 23, "facts": [{"type": "numerical", "feature_label": "INDUS", "cluster_label": "cluster_0", "mean": 24.142608695652168, "std": 2.515682118579199, "diff": 1.9111578554261375, "global_mean": 11.19228275710616, "global_std": 6.7761676000638}, {"type": "numerical", "feature_label": "PTRATIO", "cluster_label": "cluster_0", "mean": 20.41304347826087, "std": 0.9111951930524521, "diff": 0.9037648040802945, "global_mean": 18.44849187935028, "global_std": 2.173742095333968}, {"type": "numerical", "feature_label": "DIS", "cluster_label": "cluster_0", "mean": 1.921260869565218, "std": 0.23121706593810856, "diff": -0.8636084399874758, "global_mean": 3.7171805104408326, "global_std": 2.079553137416836}]}, {"cluster": "cluster_1", "size": 39, "facts": [{"type": "numerical", "feature_label": "AGE", "cluster_label": "cluster_1", "mean": 47.15479582146247, "std": 13.831979317924157, "diff": -0.8030275870008139, "global_mean": 69.16676978602732, "global_std": 27.411230100794203}, {"type": "numerical", "feature_label": "TAX", "cluster_label": "cluster_1", "mean": 287.79487179487177, "std": 49.98009050305589, "diff": -0.7297390935960935, "global_mean": 412.41763341067286, "global_std": 170.77714858562737}, {"type": "numerical", "feature_label": "RAD", "cluster_label": "cluster_1", "mean": 4.384615384615385, "std": 0.9898267954648645, "diff": -0.6119496044888206, "global_mean": 9.77494199535963, "global_std": 8.808448557209122}]}, {"cluster": "cluster_2", "size": 7, "facts": [{"type": "numerical", "feature_label": "B", "cluster_label": "cluster_2", "mean": 90.72714285714285, "std": 47.00691180180695, "diff": -2.898457235558022, "global_mean": 356.2846867749414, "global_std": 91.62030774853658}, {"type": "numerical", "feature_label": "RAD", "cluster_label": "cluster_2", "mean": 21.285714285714285, "std": 7.181324987175318, "diff": 1.306787706778836, "global_mean": 9.77494199535963, "global_std": 8.808448557209122}, {"type": "numerical", "feature_label": "TAX", "cluster_label": "cluster_2", "mean": 625.7142857142857, "std": 106.58598138860208, "diff": 1.248976540890459, "global_mean": 412.41763341067286, "global_std": 170.77714858562737}]}, {"cluster": "cluster_3", "size": 14, "facts": [{"type": "numerical", "feature_label": "ZN", "cluster_label": "cluster_3", "mean": 86.96428571428571, "std": 8.330814637685352, "diff": 3.2683722159393325, "global_mean": 10.935034802784223, "global_std": 23.262115171802925}, {"type": "numerical", "feature_label": "PTRATIO", "cluster_label": "cluster_3", "mean": 14.707142857142857, "std": 1.569646842060726, "diff": -1.721155895282329, "global_mean": 18.44849187935028, "global_std": 2.173742095333968}, {"type": "numerical", "feature_label": "MEDV", "cluster_label": "cluster_3", "mean": 38.864285714285714, "std": 8.16932415459548, "diff": 1.6961593611045163, "global_mean": 22.724361948955938, "global_std": 9.515570373540653}]}, {"cluster": "cluster_4", "size": 13, "facts": [{"type": "numerical", "feature_label": "LSTAT", "cluster_label": "cluster_4", "mean": 28.915384615384614, "std": 4.825910303394609, "diff": 2.2059395958771173, "global_mean": 12.884991836383959, "global_std": 7.2669228155482255}, {"type": "numerical", "feature_label": "CRIM", "cluster_label": "cluster_4", "mean": 20.994811538461537, "std": 9.78033303165409, "diff": 1.9703309411872547, "global_mean": 3.742854147355657, "global_std": 8.755867875023286}, {"type": "numerical", "feature_label": "RM", "cluster_label": "cluster_4", "mean": 4.969769230769231, "std": 0.5359227484513904, "diff": -1.8153024807136708, "global_mean": 6.302051044083534, "global_std": 0.7339172548205453}]}, {"cluster": "cluster_5", "size": 38, "facts": [{"type": "numerical", "feature_label": "RAD", "cluster_label": "cluster_5", "mean": 24.0, "std": 0.0, "diff": 1.6149334258185704, "global_mean": 9.77494199535963, "global_std": 8.808448557209122}, {"type": "numerical", "feature_label": "TAX", "cluster_label": "cluster_5", "mean": 666.0, "std": 0.0, "diff": 1.4848729393217464, "global_mean": 412.41763341067286, "global_std": 170.77714858562737}, {"type": "numerical", "feature_label": "NOX", "cluster_label": "cluster_5", "mean": 0.6916578947368421, "std": 0.049598537639618176, "diff": 1.1744558995305892, "global_mean": 0.5567744779582383, "global_std": 0.11484757906407088}]}, {"cluster": "cluster_6", "size": 14, "facts": [{"type": "numerical", "feature_label": "RM", "cluster_label": "cluster_6", "mean": 8.014357142857143, "std": 0.3174663173273074, "diff": 2.333105111682238, "global_mean": 6.302051044083534, "global_std": 0.7339172548205453}, {"type": "numerical", "feature_label": "MEDV", "cluster_label": "cluster_6", "mean": 43.62857142857143, "std": 4.585500320228228, "diff": 2.1968425074909343, "global_mean": 22.724361948955938, "global_std": 9.515570373540653}, {"type": "numerical", "feature_label": "LSTAT", "cluster_label": "cluster_6", "mean": 5.521490299823634, "std": 3.3198604590922884, "diff": -1.0132901812037223, "global_mean": 12.884991836383959, "global_std": 7.2669228155482255}]}, {"cluster": "cluster_7", "size": 47, "facts": [{"type": "numerical", "feature_label": "DIS", "cluster_label": "cluster_7", "mean": 6.5563361702127665, "std": 1.1438542802878522, "diff": 1.3652719945875753, "global_mean": 3.7171805104408326, "global_std": 2.079553137416836}, {"type": "numerical", "feature_label": "AGE", "cluster_label": "cluster_7", "mean": 32.65531914893617, "std": 17.86190759215578, "diff": -1.3319887689401169, "global_mean": 69.16676978602732, "global_std": 27.411230100794203}, {"type": "numerical", "feature_label": "NOX", "cluster_label": "cluster_7", "mean": 0.4434893617021276, "std": 0.028770971436672173, "diff": -0.9863953352722524, "global_mean": 0.5567744779582383, "global_std": 0.11484757906407088}]}, {"cluster": "cluster_8", "size": 11, "facts": [{"type": "numerical", "feature_label": "NOX", "cluster_label": "cluster_8", "mean": 0.8710000000000003, "std": 3.493235195007277e-16, "diff": 2.7360221660960105, "global_mean": 0.5567744779582383, "global_std": 0.11484757906407088}, {"type": "numerical", "feature_label": "PTRATIO", "cluster_label": "cluster_8", "mean": 14.7, "std": 0.0, "diff": -1.7244418679642723, "global_mean": 18.44849187935028, "global_std": 2.173742095333968}, {"type": "numerical", "feature_label": "LSTAT", "cluster_label": "cluster_8", "mean": 22.13363636363636, "std": 6.89017165639184, "diff": 1.272704384235939, "global_mean": 12.884991836383959, "global_std": 7.2669228155482255}]}, {"cluster": "cluster_9", "size": 17, "facts": [{"type": "numerical", "feature_label": "PTRATIO", "cluster_label": "cluster_9", "mean": 20.617647058823533, "std": 0.7239089152974, "diff": 0.997889852770225, "global_mean": 18.44849187935028, "global_std": 2.173742095333968}, {"type": "numerical", "feature_label": "MEDV", "cluster_label": "cluster_9", "mean": 15.470588235294118, "std": 2.0278574610541398, "diff": -0.7623057188281568, "global_mean": 22.724361948955938, "global_std": 9.515570373540653}, {"type": "numerical", "feature_label": "AGE", "cluster_label": "cluster_9", "mean": 88.07647058823531, "std": 8.758319574250866, "diff": 0.6898523244916364, "global_mean": 69.16676978602732, "global_std": 27.411230100794203}]}, {"cluster": "cluster_10", "size": 6, "facts": [{"type": "numerical", "feature_label": "CRIM", "cluster_label": "cluster_10", "mean": 28.389599999999998, "std": 11.883444481294134, "diff": 2.8148832536579125, "global_mean": 3.742854147355657, "global_std": 8.755867875023286}, {"type": "numerical", "feature_label": "B", "cluster_label": "cluster_10", "mean": 100.93833333333333, "std": 71.89366242351733, "diff": -2.7870060657560565, "global_mean": 356.2846867749414, "global_std": 91.62030774853658}, {"type": "numerical", "feature_label": "RM", "cluster_label": "cluster_10", "mean": 4.945166666666666, "std": 0.8007145350664409, "diff": -1.848824739443751, "global_mean": 6.302051044083534, "global_std": 0.7339172548205453}]}, {"cluster": "cluster_11", "size": 13, "facts": [{"type": "numerical", "feature_label": "PTRATIO", "cluster_label": "cluster_11", "mean": 13.392307692307693, "std": 0.7454993164109747, "diff": -2.3260276358892367, "global_mean": 18.44849187935028, "global_std": 2.173742095333968}, {"type": "numerical", "feature_label": "MEDV", "cluster_label": "cluster_11", "mean": 42.56923076923078, "std": 7.893392238172447, "diff": 2.0855154280037924, "global_mean": 22.724361948955938, "global_std": 9.515570373540653}, {"type": "numerical", "feature_label": "RM", "cluster_label": "cluster_11", "mean": 7.73676923076923, "std": 0.5532692463659615, "diff": 1.9548773070289898, "global_mean": 6.302051044083534, "global_std": 0.7339172548205453}]}, {"cluster": "cluster_12", "size": 18, "facts": [{"type": "numerical", "feature_label": "B", "cluster_label": "cluster_12", "mean": 35.92277777777778, "std": 36.49274928877783, "diff": -3.496625550270329, "global_mean": 356.2846867749414, "global_std": 91.62030774853658}, {"type": "numerical", "feature_label": "RAD", "cluster_label": "cluster_12", "mean": 24.0, "std": 0.0, "diff": 1.6149334258185704, "global_mean": 9.77494199535963, "global_std": 8.808448557209122}, {"type": "numerical", "feature_label": "TAX", "cluster_label": "cluster_12", "mean": 666.0, "std": 0.0, "diff": 1.4848729393217464, "global_mean": 412.41763341067286, "global_std": 170.77714858562737}]}, {"cluster": "cluster_13", "size": 22, "facts": [{"type": "numerical", "feature_label": "ZN", "cluster_label": "cluster_13", "mean": 49.63636363636363, "std": 16.20859693861917, "diff": 1.6637063546349844, "global_mean": 10.935034802784223, "global_std": 23.262115171802925}, {"type": "numerical", "feature_label": "AGE", "cluster_label": "cluster_13", "mean": 33.67811447811448, "std": 13.432066632380526, "diff": -1.2946757652763858, "global_mean": 69.16676978602732, "global_std": 27.411230100794203}, {"type": "numerical", "feature_label": "NOX", "cluster_label": "cluster_13", "mean": 0.438540909090909, "std": 0.022009276379591547, "diff": -1.0294824656370813, "global_mean": 0.5567744779582383, "global_std": 0.11484757906407088}]}, {"cluster": "cluster_14", "size": 16, "facts": [{"type": "numerical", "feature_label": "LSTAT", "cluster_label": "cluster_14", "mean": 19.253124999999997, "std": 6.184307796080873, "diff": 0.8763177104332047, "global_mean": 12.884991836383959, "global_std": 7.2669228155482255}, {"type": "numerical", "feature_label": "TAX", "cluster_label": "cluster_14", "mean": 269.125, "std": 38.95103764129183, "diff": -0.8390621028481816, "global_mean": 412.41763341067286, "global_std": 170.77714858562737}, {"type": "numerical", "feature_label": "PTRATIO", "cluster_label": "cluster_14", "mean": 16.89375, "std": 1.6591036736744338, "diff": -0.7152375080225013, "global_mean": 18.44849187935028, "global_std": 2.173742095333968}]}, {"cluster": "cluster_15", "size": 16, "facts": [{"type": "numerical", "feature_label": "ZN", "cluster_label": "cluster_15", "mean": 73.90625, "std": 11.83105905375057, "diff": 2.707028777569895, "global_mean": 10.935034802784223, "global_std": 23.262115171802925}, {"type": "numerical", "feature_label": "DIS", "cluster_label": "cluster_15", "mean": 8.5874375, "std": 1.7485706131485417, "diff": 2.34197285076777, "global_mean": 3.7171805104408326, "global_std": 2.079553137416836}, {"type": "numerical", "feature_label": "AGE", "cluster_label": "cluster_15", "mean": 31.6375, "std": 10.210313413407054, "diff": -1.3691202345910027, "global_mean": 69.16676978602732, "global_std": 27.411230100794203}]}, {"cluster": "cluster_16", "size": 37, "facts": [{"type": "numerical", "feature_label": "RAD", "cluster_label": "cluster_16", "mean": 4.702702702702703, "std": 1.525065843111643, "diff": -0.5758379877811333, "global_mean": 9.77494199535963, "global_std": 8.808448557209122}, {"type": "numerical", "feature_label": "ZN", "cluster_label": "cluster_16", "mean": 0.7567567567567568, "std": 4.6031716445500095, "diff": -0.4375474014660981, "global_mean": 10.935034802784223, "global_std": 23.262115171802925}, {"type": "numerical", "feature_label": "DIS", "cluster_label": "cluster_16", "mean": 2.8544270270270267, "std": 0.5974566728357094, "diff": -0.41487445927229094, "global_mean": 3.7171805104408326, "global_std": 2.079553137416836}]}, {"cluster": "cluster_17", "size": 3, "facts": [{"type": "numerical", "feature_label": "CRIM", "cluster_label": "cluster_17", "mean": 76.81036666666667, "std": 10.903343970696945, "diff": 8.344976598806511, "global_mean": 3.742854147355657, "global_std": 8.755867875023286}, {"type": "numerical", "feature_label": "RAD", "cluster_label": "cluster_17", "mean": 24.0, "std": 0.0, "diff": 1.6149334258185704, "global_mean": 9.77494199535963, "global_std": 8.808448557209122}, {"type": "numerical", "feature_label": "MEDV", "cluster_label": "cluster_17", "mean": 8.066666666666668, "std": 2.7736858750286295, "diff": -1.5403906131625067, "global_mean": 22.724361948955938, "global_std": 9.515570373540653}]}, {"cluster": "cluster_18", "size": 28, "facts": [{"type": "numerical", "feature_label": "RAD", "cluster_label": "cluster_18", "mean": 24.0, "std": 0.0, "diff": 1.6149334258185704, "global_mean": 9.77494199535963, "global_std": 8.808448557209122}, {"type": "numerical", "feature_label": "TAX", "cluster_label": "cluster_18", "mean": 666.0, "std": 0.0, "diff": 1.4848729393217464, "global_mean": 412.41763341067286, "global_std": 170.77714858562737}, {"type": "numerical", "feature_label": "INDUS", "cluster_label": "cluster_18", "mean": 17.84942827748384, "std": 1.3259009267257231, "diff": 0.9824351924700038, "global_mean": 11.19228275710616, "global_std": 6.7761676000638}]}, {"cluster": "cluster_19", "size": 34, "facts": [{"type": "numerical", "feature_label": "INDUS", "cluster_label": "cluster_19", "mean": 5.067470346163156, "std": 2.6936337934331833, "diff": -0.9038755787099092, "global_mean": 11.19228275710616, "global_std": 6.7761676000638}, {"type": "numerical", "feature_label": "TAX", "cluster_label": "cluster_19", "mean": 267.61764705882354, "std": 41.23106706435813, "diff": -0.8478885351528566, "global_mean": 412.41763341067286, "global_std": 170.77714858562737}, {"type": "numerical", "feature_label": "LSTAT", "cluster_label": "cluster_19", "mean": 7.1005882352941185, "std": 2.279966694568639, "diff": -0.7959907856339957, "global_mean": 12.884991836383959, "global_std": 7.2669228155482255}]}, {"cluster": "cluster_20", "size": 5, "facts": [{"type": "numerical", "feature_label": "MEDV", "cluster_label": "cluster_20", "mean": 50.0, "std": 0.0, "diff": 2.8664217677258432, "global_mean": 22.724361948955938, "global_std": 9.515570373540653}, {"type": "numerical", "feature_label": "RAD", "cluster_label": "cluster_20", "mean": 24.0, "std": 0.0, "diff": 1.6149334258185704, "global_mean": 9.77494199535963, "global_std": 8.808448557209122}, {"type": "numerical", "feature_label": "TAX", "cluster_label": "cluster_20", "mean": 666.0, "std": 0.0, "diff": 1.4848729393217464, "global_mean": 412.41763341067286, "global_std": 170.77714858562737}]}, {"cluster": "cluster_21", "size": 10, "facts": [{"type": "numerical", "feature_label": "PTRATIO", "cluster_label": "cluster_21", "mean": 14.7, "std": 0.0, "diff": -1.7244418679642723, "global_mean": 18.44849187935028, "global_std": 2.173742095333968}, {"type": "numerical", "feature_label": "INDUS", "cluster_label": "cluster_21", "mean": 19.579999999999995, "std": 3.744889033148481e-15, "diff": 1.2378261191200262, "global_mean": 11.19228275710616, "global_std": 6.7761676000638}, {"type": "numerical", "feature_label": "AGE", "cluster_label": "cluster_21", "mean": 94.26, "std": 6.0227716026575155, "diff": 0.9154361231401157, "global_mean": 69.16676978602732, "global_std": 27.411230100794203}]}]}