{
    "metrics": {
        "inertia": 963.2931487469723,
        "silhouette": 0.20651249548118408,
        "nbClusters": 22
    },
    "processed_feature_names": [
        "B",
        "TAX",
        "CRIM",
        "PTRATIO",
        "MEDV",
        "DIS",
        "ZN",
        "INDUS",
        "RAD",
        "LSTAT",
        "NOX",
        "RM",
        "AGE",
        "dummy:CHAS:0",
        "dummy:CHAS:N/A",
        "dummy:CHAS:__Others__"
    ],
    "variables_importance": {
        "variables": [
            "B",
            "TAX",
            "CRIM",
            "PTRATIO",
            "MEDV",
            "DIS",
            "ZN",
            "INDUS",
            "RAD",
            "LSTAT",
            "NOX",
            "RM",
            "AGE",
            "dummy:CHAS:0",
            "dummy:CHAS:__Others__"
        ],
        "importances": [
            0.06274996472435593,
            0.044820144557421934,
            0.07352064624893558,
            0.05413467127105316,
            0.11624181136638422,
            0.1139670128464309,
            0.05211740540724861,
            0.0867148561883403,
            0.04113339043361245,
            0.0785056276570185,
            0.08708574256037302,
            0.09016417029586131,
            0.09241648355436614,
            0.0026983523456004105,
            0.0037297205429976206
        ]
    },
    "reduce_vars": [],
    "train_nb_records": 431,
    "train_nb_features": 16,
    "train_nb_outliers": 0,
    "cluster_description": [
        {
            "variable": "dummy:CHAS:0",
            "var": 0.02,
            "values": [
                {
                    "cluster": "cluster_0",
                    "value": 1.0
                },
                {
                    "cluster": "cluster_1",
                    "value": 0.9230769230769231
                },
                {
                    "cluster": "cluster_10",
                    "value": 1.0
                },
                {
                    "cluster": "cluster_11",
                    "value": 0.8461538461538461
                },
                {
                    "cluster": "cluster_12",
                    "value": 1.0
                },
                {
                    "cluster": "cluster_13",
                    "value": 0.9090909090909091
                },
                {
                    "cluster": "cluster_14",
                    "value": 0.5625
                },
                {
                    "cluster": "cluster_15",
                    "value": 1.0
                },
                {
                    "cluster": "cluster_16",
                    "value": 1.0
                },
                {
                    "cluster": "cluster_17",
                    "value": 1.0
                },
                {
                    "cluster": "cluster_18",
                    "value": 0.8928571428571429
                },
                {
                    "cluster": "cluster_19",
                    "value": 0.8823529411764706
                },
                {
                    "cluster": "cluster_2",
                    "value": 1.0
                },
                {
                    "cluster": "cluster_20",
                    "value": 0.4
                },
                {
                    "cluster": "cluster_21",
                    "value": 0.9
                },
                {
                    "cluster": "cluster_3",
                    "value": 0.9285714285714286
                },
                {
                    "cluster": "cluster_4",
                    "value": 1.0
                },
                {
                    "cluster": "cluster_5",
                    "value": 0.9473684210526315
                },
                {
                    "cluster": "cluster_6",
                    "value": 0.8571428571428571
                },
                {
                    "cluster": "cluster_7",
                    "value": 1.0
                },
                {
                    "cluster": "cluster_8",
                    "value": 0.8181818181818182
                },
                {
                    "cluster": "cluster_9",
                    "value": 1.0
                }
            ]
        },
        {
            "variable": "dummy:CHAS:N/A",
            "var": 0.0,
            "values": [
                {
                    "cluster": "cluster_0",
                    "value": 0.0
                },
                {
                    "cluster": "cluster_1",
                    "value": 0.0
                },
                {
                    "cluster": "cluster_10",
                    "value": 0.0
                },
                {
                    "cluster": "cluster_11",
                    "value": 0.0
                },
                {
                    "cluster": "cluster_12",
                    "value": 0.0
                },
                {
                    "cluster": "cluster_13",
                    "value": 0.0
                },
                {
                    "cluster": "cluster_14",
                    "value": 0.0
                },
                {
                    "cluster": "cluster_15",
                    "value": 0.0
                },
                {
                    "cluster": "cluster_16",
                    "value": 0.0
                },
                {
                    "cluster": "cluster_17",
                    "value": 0.0
                },
                {
                    "cluster": "cluster_18",
                    "value": 0.0
                },
                {
                    "cluster": "cluster_19",
                    "value": 0.0
                },
                {
                    "cluster": "cluster_2",
                    "value": 0.0
                },
                {
                    "cluster": "cluster_20",
                    "value": 0.0
                },
                {
                    "cluster": "cluster_21",
                    "value": 0.0
                },
                {
                    "cluster": "cluster_3",
                    "value": 0.0
                },
                {
                    "cluster": "cluster_4",
                    "value": 0.0
                },
                {
                    "cluster": "cluster_5",
                    "value": 0.0
                },
                {
                    "cluster": "cluster_6",
                    "value": 0.0
                },
                {
                    "cluster": "cluster_7",
                    "value": 0.0
                },
                {
                    "cluster": "cluster_8",
                    "value": 0.0
                },
                {
                    "cluster": "cluster_9",
                    "value": 0.0
                }
            ]
        },
        {
            "variable": "dummy:CHAS:__Others__",
            "var": 0.02,
            "values": [
                {
                    "cluster": "cluster_0",
                    "value": 0.0
                },
                {
                    "cluster": "cluster_1",
                    "value": 0.07692307692307693
                },
                {
                    "cluster": "cluster_10",
                    "value": 0.0
                },
                {
                    "cluster": "cluster_11",
                    "value": 0.15384615384615385
                },
                {
                    "cluster": "cluster_12",
                    "value": 0.0
                },
                {
                    "cluster": "cluster_13",
                    "value": 0.09090909090909091
                },
                {
                    "cluster": "cluster_14",
                    "value": 0.4375
                },
                {
                    "cluster": "cluster_15",
                    "value": 0.0
                },
                {
                    "cluster": "cluster_16",
                    "value": 0.0
                },
                {
                    "cluster": "cluster_17",
                    "value": 0.0
                },
                {
                    "cluster": "cluster_18",
                    "value": 0.10714285714285714
                },
                {
                    "cluster": "cluster_19",
                    "value": 0.11764705882352941
                },
                {
                    "cluster": "cluster_2",
                    "value": 0.0
                },
                {
                    "cluster": "cluster_20",
                    "value": 0.6
                },
                {
                    "cluster": "cluster_21",
                    "value": 0.1
                },
                {
                    "cluster": "cluster_3",
                    "value": 0.07142857142857142
                },
                {
                    "cluster": "cluster_4",
                    "value": 0.0
                },
                {
                    "cluster": "cluster_5",
                    "value": 0.05263157894736842
                },
                {
                    "cluster": "cluster_6",
                    "value": 0.14285714285714285
                },
                {
                    "cluster": "cluster_7",
                    "value": 0.0
                },
                {
                    "cluster": "cluster_8",
                    "value": 0.18181818181818182
                },
                {
                    "cluster": "cluster_9",
                    "value": 0.0
                }
            ]
        },
        {
            "variable": "B",
            "var": 11743.04,
            "values": [
                {
                    "cluster": "cluster_0",
                    "value": 378.24652173913046
                },
                {
                    "cluster": "cluster_1",
                    "value": 387.73615384615374
                },
                {
                    "cluster": "cluster_10",
                    "value": 100.93833333333333
                },
                {
                    "cluster": "cluster_11",
                    "value": 386.81538461538463
                },
                {
                    "cluster": "cluster_12",
                    "value": 35.92277777777778
                },
                {
                    "cluster": "cluster_13",
                    "value": 391.6777272727271
                },
                {
                    "cluster": "cluster_14",
                    "value": 392.15999999999997
                },
                {
                    "cluster": "cluster_15",
                    "value": 390.32124999999996
                },
                {
                    "cluster": "cluster_16",
                    "value": 391.04486486486485
                },
                {
                    "cluster": "cluster_17",
                    "value": 266.1066666666667
                },
                {
                    "cluster": "cluster_18",
                    "value": 382.96964285714284
                },
                {
                    "cluster": "cluster_19",
                    "value": 390.27764705882345
                },
                {
                    "cluster": "cluster_2",
                    "value": 90.72714285714285
                },
                {
                    "cluster": "cluster_20",
                    "value": 371.38599999999997
                },
                {
                    "cluster": "cluster_21",
                    "value": 325.869
                },
                {
                    "cluster": "cluster_3",
                    "value": 388.40285714285716
                },
                {
                    "cluster": "cluster_4",
                    "value": 371.10538461538465
                },
                {
                    "cluster": "cluster_5",
                    "value": 365.165
                },
                {
                    "cluster": "cluster_6",
                    "value": 387.6764285714286
                },
                {
                    "cluster": "cluster_7",
                    "value": 389.5648936170212
                },
                {
                    "cluster": "cluster_8",
                    "value": 309.6027272727273
                },
                {
                    "cluster": "cluster_9",
                    "value": 354.62705882352947
                }
            ]
        },
        {
            "variable": "TAX",
            "var": 29598.51,
            "values": [
                {
                    "cluster": "cluster_0",
                    "value": 431.60869565217394
                },
                {
                    "cluster": "cluster_1",
                    "value": 287.79487179487177
                },
                {
                    "cluster": "cluster_10",
                    "value": 666.0
                },
                {
                    "cluster": "cluster_11",
                    "value": 296.0769230769231
                },
                {
                    "cluster": "cluster_12",
                    "value": 666.0
                },
                {
                    "cluster": "cluster_13",
                    "value": 305.40909090909093
                },
                {
                    "cluster": "cluster_14",
                    "value": 269.125
                },
                {
                    "cluster": "cluster_15",
                    "value": 339.375
                },
                {
                    "cluster": "cluster_16",
                    "value": 360.7567567567568
                },
                {
                    "cluster": "cluster_17",
                    "value": 666.0
                },
                {
                    "cluster": "cluster_18",
                    "value": 666.0
                },
                {
                    "cluster": "cluster_19",
                    "value": 267.61764705882354
                },
                {
                    "cluster": "cluster_2",
                    "value": 625.7142857142857
                },
                {
                    "cluster": "cluster_20",
                    "value": 666.0
                },
                {
                    "cluster": "cluster_21",
                    "value": 403.0
                },
                {
                    "cluster": "cluster_3",
                    "value": 286.2142857142857
                },
                {
                    "cluster": "cluster_4",
                    "value": 666.0
                },
                {
                    "cluster": "cluster_5",
                    "value": 666.0
                },
                {
                    "cluster": "cluster_6",
                    "value": 268.92857142857144
                },
                {
                    "cluster": "cluster_7",
                    "value": 299.72340425531917
                },
                {
                    "cluster": "cluster_8",
                    "value": 403.0
                },
                {
                    "cluster": "cluster_9",
                    "value": 307.1764705882353
                }
            ]
        },
        {
            "variable": "CRIM",
            "var": 290.59,
            "values": [
                {
                    "cluster": "cluster_0",
                    "value": 0.4012517391304347
                },
                {
                    "cluster": "cluster_1",
                    "value": 0.29324641025641024
                },
                {
                    "cluster": "cluster_10",
                    "value": 28.389599999999998
                },
                {
                    "cluster": "cluster_11",
                    "value": 1.123384920861032
                },
                {
                    "cluster": "cluster_12",
                    "value": 10.683654444444446
                },
                {
                    "cluster": "cluster_13",
                    "value": 0.5481559960718293
                },
                {
                    "cluster": "cluster_14",
                    "value": 0.237961875
                },
                {
                    "cluster": "cluster_15",
                    "value": 0.26387837319958846
                },
                {
                    "cluster": "cluster_16",
                    "value": 0.29084335057279503
                },
                {
                    "cluster": "cluster_17",
                    "value": 76.81036666666667
                },
                {
                    "cluster": "cluster_18",
                    "value": 5.75877357142857
                },
                {
                    "cluster": "cluster_19",
                    "value": 0.4766506445170661
                },
                {
                    "cluster": "cluster_2",
                    "value": 4.7592725631981185
                },
                {
                    "cluster": "cluster_20",
                    "value": 6.509680794238685
                },
                {
                    "cluster": "cluster_21",
                    "value": 1.9295370000000003
                },
                {
                    "cluster": "cluster_3",
                    "value": 0.28051814079952975
                },
                {
                    "cluster": "cluster_4",
                    "value": 20.994811538461537
                },
                {
                    "cluster": "cluster_5",
                    "value": 9.513837681936321
                },
                {
                    "cluster": "cluster_6",
                    "value": 0.24584571428571425
                },
                {
                    "cluster": "cluster_7",
                    "value": 0.18035306321688122
                },
                {
                    "cluster": "cluster_8",
                    "value": 2.404149090909091
                },
                {
                    "cluster": "cluster_9",
                    "value": 0.8597647058823529
                }
            ]
        },
        {
            "variable": "PTRATIO",
            "var": 5.26,
            "values": [
                {
                    "cluster": "cluster_0",
                    "value": 20.41304347826087
                },
                {
                    "cluster": "cluster_1",
                    "value": 18.782051282051295
                },
                {
                    "cluster": "cluster_10",
                    "value": 20.2
                },
                {
                    "cluster": "cluster_11",
                    "value": 13.392307692307693
                },
                {
                    "cluster": "cluster_12",
                    "value": 20.199999999999996
                },
                {
                    "cluster": "cluster_13",
                    "value": 16.722727272727273
                },
                {
                    "cluster": "cluster_14",
                    "value": 16.89375
                },
                {
                    "cluster": "cluster_15",
                    "value": 17.150000000000006
                },
                {
                    "cluster": "cluster_16",
                    "value": 19.316216216216223
                },
                {
                    "cluster": "cluster_17",
                    "value": 20.2
                },
                {
                    "cluster": "cluster_18",
                    "value": 20.199999999999996
                },
                {
                    "cluster": "cluster_19",
                    "value": 17.48529411764705
                },
                {
                    "cluster": "cluster_2",
                    "value": 20.3
                },
                {
                    "cluster": "cluster_20",
                    "value": 20.2
                },
                {
                    "cluster": "cluster_21",
                    "value": 14.7
                },
                {
                    "cluster": "cluster_3",
                    "value": 14.707142857142857
                },
                {
                    "cluster": "cluster_4",
                    "value": 20.199999999999996
                },
                {
                    "cluster": "cluster_5",
                    "value": 20.20000000000001
                },
                {
                    "cluster": "cluster_6",
                    "value": 17.392857142857146
                },
                {
                    "cluster": "cluster_7",
                    "value": 18.30851063829788
                },
                {
                    "cluster": "cluster_8",
                    "value": 14.7
                },
                {
                    "cluster": "cluster_9",
                    "value": 20.617647058823533
                }
            ]
        },
        {
            "variable": "MEDV",
            "var": 132.51,
            "values": [
                {
                    "cluster": "cluster_0",
                    "value": 16.456521739130437
                },
                {
                    "cluster": "cluster_1",
                    "value": 22.184615384615388
                },
                {
                    "cluster": "cluster_10",
                    "value": 14.266666666666667
                },
                {
                    "cluster": "cluster_11",
                    "value": 42.56923076923078
                },
                {
                    "cluster": "cluster_12",
                    "value": 11.516666666666667
                },
                {
                    "cluster": "cluster_13",
                    "value": 31.62272727272728
                },
                {
                    "cluster": "cluster_14",
                    "value": 20.85
                },
                {
                    "cluster": "cluster_15",
                    "value": 22.518750000000004
                },
                {
                    "cluster": "cluster_16",
                    "value": 20.045945945945945
                },
                {
                    "cluster": "cluster_17",
                    "value": 8.066666666666668
                },
                {
                    "cluster": "cluster_18",
                    "value": 21.803571428571427
                },
                {
                    "cluster": "cluster_19",
                    "value": 28.611764705882358
                },
                {
                    "cluster": "cluster_2",
                    "value": 17.72857142857143
                },
                {
                    "cluster": "cluster_20",
                    "value": 50.0
                },
                {
                    "cluster": "cluster_21",
                    "value": 25.26
                },
                {
                    "cluster": "cluster_3",
                    "value": 38.864285714285714
                },
                {
                    "cluster": "cluster_4",
                    "value": 9.707692307692309
                },
                {
                    "cluster": "cluster_5",
                    "value": 13.894736842105264
                },
                {
                    "cluster": "cluster_6",
                    "value": 43.62857142857143
                },
                {
                    "cluster": "cluster_7",
                    "value": 23.25106382978724
                },
                {
                    "cluster": "cluster_8",
                    "value": 15.799999999999999
                },
                {
                    "cluster": "cluster_9",
                    "value": 15.470588235294118
                }
            ]
        },
        {
            "variable": "DIS",
            "var": 4.07,
            "values": [
                {
                    "cluster": "cluster_0",
                    "value": 1.921260869565218
                },
                {
                    "cluster": "cluster_1",
                    "value": 4.152776923076924
                },
                {
                    "cluster": "cluster_10",
                    "value": 1.6370833333333332
                },
                {
                    "cluster": "cluster_11",
                    "value": 2.147692307692308
                },
                {
                    "cluster": "cluster_12",
                    "value": 2.0883944444444444
                },
                {
                    "cluster": "cluster_13",
                    "value": 5.306527272727272
                },
                {
                    "cluster": "cluster_14",
                    "value": 3.9705499999999994
                },
                {
                    "cluster": "cluster_15",
                    "value": 8.5874375
                },
                {
                    "cluster": "cluster_16",
                    "value": 2.8544270270270267
                },
                {
                    "cluster": "cluster_17",
                    "value": 1.5481666666666667
                },
                {
                    "cluster": "cluster_18",
                    "value": 2.737578571428571
                },
                {
                    "cluster": "cluster_19",
                    "value": 3.5675735294117636
                },
                {
                    "cluster": "cluster_2",
                    "value": 2.2441142857142857
                },
                {
                    "cluster": "cluster_20",
                    "value": 1.23806
                },
                {
                    "cluster": "cluster_21",
                    "value": 2.10814
                },
                {
                    "cluster": "cluster_3",
                    "value": 6.865171428571428
                },
                {
                    "cluster": "cluster_4",
                    "value": 1.5134461538461537
                },
                {
                    "cluster": "cluster_5",
                    "value": 1.928139473684211
                },
                {
                    "cluster": "cluster_6",
                    "value": 3.998592857142857
                },
                {
                    "cluster": "cluster_7",
                    "value": 6.5563361702127665
                },
                {
                    "cluster": "cluster_8",
                    "value": 1.5182545454545455
                },
                {
                    "cluster": "cluster_9",
                    "value": 4.8163882352941165
                }
            ]
        },
        {
            "variable": "ZN",
            "var": 615.47,
            "values": [
                {
                    "cluster": "cluster_0",
                    "value": 0.0
                },
                {
                    "cluster": "cluster_1",
                    "value": 2.0641025641025643
                },
                {
                    "cluster": "cluster_10",
                    "value": 0.0
                },
                {
                    "cluster": "cluster_11",
                    "value": 13.846153846153847
                },
                {
                    "cluster": "cluster_12",
                    "value": 0.0
                },
                {
                    "cluster": "cluster_13",
                    "value": 49.63636363636363
                },
                {
                    "cluster": "cluster_14",
                    "value": 3.59375
                },
                {
                    "cluster": "cluster_15",
                    "value": 73.90625
                },
                {
                    "cluster": "cluster_16",
                    "value": 0.7567567567567568
                },
                {
                    "cluster": "cluster_17",
                    "value": 0.0
                },
                {
                    "cluster": "cluster_18",
                    "value": 0.0
                },
                {
                    "cluster": "cluster_19",
                    "value": 3.411764705882353
                },
                {
                    "cluster": "cluster_2",
                    "value": 0.0
                },
                {
                    "cluster": "cluster_20",
                    "value": 0.0
                },
                {
                    "cluster": "cluster_21",
                    "value": 0.0
                },
                {
                    "cluster": "cluster_3",
                    "value": 86.96428571428571
                },
                {
                    "cluster": "cluster_4",
                    "value": 0.0
                },
                {
                    "cluster": "cluster_5",
                    "value": 0.0
                },
                {
                    "cluster": "cluster_6",
                    "value": 5.857142857142857
                },
                {
                    "cluster": "cluster_7",
                    "value": 12.936170212765957
                },
                {
                    "cluster": "cluster_8",
                    "value": 0.0
                },
                {
                    "cluster": "cluster_9",
                    "value": 4.0588235294117645
                }
            ]
        },
        {
            "variable": "INDUS",
            "var": 44.48,
            "values": [
                {
                    "cluster": "cluster_0",
                    "value": 24.142608695652168
                },
                {
                    "cluster": "cluster_1",
                    "value": 8.900358763321725
                },
                {
                    "cluster": "cluster_10",
                    "value": 18.099999999999998
                },
                {
                    "cluster": "cluster_11",
                    "value": 7.572307692307691
                },
                {
                    "cluster": "cluster_12",
                    "value": 18.1
                },
                {
                    "cluster": "cluster_13",
                    "value": 4.63899925177703
                },
                {
                    "cluster": "cluster_14",
                    "value": 8.750123456790124
                },
                {
                    "cluster": "cluster_15",
                    "value": 2.960625
                },
                {
                    "cluster": "cluster_16",
                    "value": 9.883513513513513
                },
                {
                    "cluster": "cluster_17",
                    "value": 18.1
                },
                {
                    "cluster": "cluster_18",
                    "value": 17.84942827748384
                },
                {
                    "cluster": "cluster_19",
                    "value": 5.067470346163156
                },
                {
                    "cluster": "cluster_2",
                    "value": 15.734855967078191
                },
                {
                    "cluster": "cluster_20",
                    "value": 18.1
                },
                {
                    "cluster": "cluster_21",
                    "value": 19.579999999999995
                },
                {
                    "cluster": "cluster_3",
                    "value": 1.899285714285714
                },
                {
                    "cluster": "cluster_4",
                    "value": 17.560307059195946
                },
                {
                    "cluster": "cluster_5",
                    "value": 17.73073640892355
                },
                {
                    "cluster": "cluster_6",
                    "value": 4.812857142857143
                },
                {
                    "cluster": "cluster_7",
                    "value": 5.9790211014797325
                },
                {
                    "cluster": "cluster_8",
                    "value": 18.03527123082678
                },
                {
                    "cluster": "cluster_9",
                    "value": 7.957293633502784
                }
            ]
        },
        {
            "variable": "RAD",
            "var": 89.84,
            "values": [
                {
                    "cluster": "cluster_0",
                    "value": 3.4782608695652173
                },
                {
                    "cluster": "cluster_1",
                    "value": 4.384615384615385
                },
                {
                    "cluster": "cluster_10",
                    "value": 24.0
                },
                {
                    "cluster": "cluster_11",
                    "value": 5.0
                },
                {
                    "cluster": "cluster_12",
                    "value": 24.0
                },
                {
                    "cluster": "cluster_13",
                    "value": 4.181818181818182
                },
                {
                    "cluster": "cluster_14",
                    "value": 4.4375
                },
                {
                    "cluster": "cluster_15",
                    "value": 3.75
                },
                {
                    "cluster": "cluster_16",
                    "value": 4.702702702702703
                },
                {
                    "cluster": "cluster_17",
                    "value": 24.0
                },
                {
                    "cluster": "cluster_18",
                    "value": 24.0
                },
                {
                    "cluster": "cluster_19",
                    "value": 4.5588235294117645
                },
                {
                    "cluster": "cluster_2",
                    "value": 21.285714285714285
                },
                {
                    "cluster": "cluster_20",
                    "value": 24.0
                },
                {
                    "cluster": "cluster_21",
                    "value": 5.0
                },
                {
                    "cluster": "cluster_3",
                    "value": 3.0714285714285716
                },
                {
                    "cluster": "cluster_4",
                    "value": 24.0
                },
                {
                    "cluster": "cluster_5",
                    "value": 24.0
                },
                {
                    "cluster": "cluster_6",
                    "value": 5.571428571428571
                },
                {
                    "cluster": "cluster_7",
                    "value": 4.829787234042553
                },
                {
                    "cluster": "cluster_8",
                    "value": 5.0
                },
                {
                    "cluster": "cluster_9",
                    "value": 4.647058823529412
                }
            ]
        },
        {
            "variable": "LSTAT",
            "var": 52.5,
            "values": [
                {
                    "cluster": "cluster_0",
                    "value": 18.984347826086957
                },
                {
                    "cluster": "cluster_1",
                    "value": 11.221817030705921
                },
                {
                    "cluster": "cluster_10",
                    "value": 24.319999999999997
                },
                {
                    "cluster": "cluster_11",
                    "value": 6.873076923076923
                },
                {
                    "cluster": "cluster_12",
                    "value": 22.126666666666665
                },
                {
                    "cluster": "cluster_13",
                    "value": 5.440701459034791
                },
                {
                    "cluster": "cluster_14",
                    "value": 19.253124999999997
                },
                {
                    "cluster": "cluster_15",
                    "value": 7.293749999999999
                },
                {
                    "cluster": "cluster_16",
                    "value": 12.649629629629631
                },
                {
                    "cluster": "cluster_17",
                    "value": 20.27
                },
                {
                    "cluster": "cluster_18",
                    "value": 12.358051146384481
                },
                {
                    "cluster": "cluster_19",
                    "value": 7.1005882352941185
                },
                {
                    "cluster": "cluster_2",
                    "value": 16.162857142857145
                },
                {
                    "cluster": "cluster_20",
                    "value": 5.672
                },
                {
                    "cluster": "cluster_21",
                    "value": 9.194999999999999
                },
                {
                    "cluster": "cluster_3",
                    "value": 4.582142857142857
                },
                {
                    "cluster": "cluster_4",
                    "value": 28.915384615384614
                },
                {
                    "cluster": "cluster_5",
                    "value": 18.730812215724495
                },
                {
                    "cluster": "cluster_6",
                    "value": 5.521490299823634
                },
                {
                    "cluster": "cluster_7",
                    "value": 8.299185710533227
                },
                {
                    "cluster": "cluster_8",
                    "value": 22.13363636363636
                },
                {
                    "cluster": "cluster_9",
                    "value": 16.985294117647054
                }
            ]
        },
        {
            "variable": "NOX",
            "var": 0.01,
            "values": [
                {
                    "cluster": "cluster_0",
                    "value": 0.6095217391304348
                },
                {
                    "cluster": "cluster_1",
                    "value": 0.49494871794871825
                },
                {
                    "cluster": "cluster_10",
                    "value": 0.646
                },
                {
                    "cluster": "cluster_11",
                    "value": 0.6262307692307694
                },
                {
                    "cluster": "cluster_12",
                    "value": 0.692611111111111
                },
                {
                    "cluster": "cluster_13",
                    "value": 0.438540909090909
                },
                {
                    "cluster": "cluster_14",
                    "value": 0.519875
                },
                {
                    "cluster": "cluster_15",
                    "value": 0.40618750000000003
                },
                {
                    "cluster": "cluster_16",
                    "value": 0.5428108108108111
                },
                {
                    "cluster": "cluster_17",
                    "value": 0.681
                },
                {
                    "cluster": "cluster_18",
                    "value": 0.6573571428571426
                },
                {
                    "cluster": "cluster_19",
                    "value": 0.48999705882352934
                },
                {
                    "cluster": "cluster_2",
                    "value": 0.6052857142857143
                },
                {
                    "cluster": "cluster_20",
                    "value": 0.6384000000000001
                },
                {
                    "cluster": "cluster_21",
                    "value": 0.6316
                },
                {
                    "cluster": "cluster_3",
                    "value": 0.40665714285714294
                },
                {
                    "cluster": "cluster_4",
                    "value": 0.6831538461538462
                },
                {
                    "cluster": "cluster_5",
                    "value": 0.6916578947368421
                },
                {
                    "cluster": "cluster_6",
                    "value": 0.47691428571428574
                },
                {
                    "cluster": "cluster_7",
                    "value": 0.4434893617021276
                },
                {
                    "cluster": "cluster_8",
                    "value": 0.8710000000000003
                },
                {
                    "cluster": "cluster_9",
                    "value": 0.5177647058823531
                }
            ]
        },
        {
            "variable": "RM",
            "var": 0.56,
            "values": [
                {
                    "cluster": "cluster_0",
                    "value": 5.870260869565217
                },
                {
                    "cluster": "cluster_1",
                    "value": 5.994948717948716
                },
                {
                    "cluster": "cluster_10",
                    "value": 4.945166666666666
                },
                {
                    "cluster": "cluster_11",
                    "value": 7.73676923076923
                },
                {
                    "cluster": "cluster_12",
                    "value": 6.319500000000001
                },
                {
                    "cluster": "cluster_13",
                    "value": 6.849454545454545
                },
                {
                    "cluster": "cluster_14",
                    "value": 5.807000000000001
                },
                {
                    "cluster": "cluster_15",
                    "value": 6.225249999999998
                },
                {
                    "cluster": "cluster_16",
                    "value": 6.114027027027027
                },
                {
                    "cluster": "cluster_17",
                    "value": 6.2026666666666666
                },
                {
                    "cluster": "cluster_18",
                    "value": 6.181464285714287
                },
                {
                    "cluster": "cluster_19",
                    "value": 6.724529411764705
                },
                {
                    "cluster": "cluster_2",
                    "value": 6.464428571428571
                },
                {
                    "cluster": "cluster_20",
                    "value": 6.151999999999999
                },
                {
                    "cluster": "cluster_21",
                    "value": 6.2202
                },
                {
                    "cluster": "cluster_3",
                    "value": 7.41042857142857
                },
                {
                    "cluster": "cluster_4",
                    "value": 4.969769230769231
                },
                {
                    "cluster": "cluster_5",
                    "value": 6.240210526315791
                },
                {
                    "cluster": "cluster_6",
                    "value": 8.014357142857143
                },
                {
                    "cluster": "cluster_7",
                    "value": 6.331234042553192
                },
                {
                    "cluster": "cluster_8",
                    "value": 5.506454545454545
                },
                {
                    "cluster": "cluster_9",
                    "value": 5.857941176470588
                }
            ]
        },
        {
            "variable": "AGE",
            "var": 594.08,
            "values": [
                {
                    "cluster": "cluster_0",
                    "value": 91.58421900161031
                },
                {
                    "cluster": "cluster_1",
                    "value": 47.15479582146247
                },
                {
                    "cluster": "cluster_10",
                    "value": 94.63333333333334
                },
                {
                    "cluster": "cluster_11",
                    "value": 84.83219373219373
                },
                {
                    "cluster": "cluster_12",
                    "value": 88.53436213991769
                },
                {
                    "cluster": "cluster_13",
                    "value": 33.67811447811448
                },
                {
                    "cluster": "cluster_14",
                    "value": 88.44375
                },
                {
                    "cluster": "cluster_15",
                    "value": 31.6375
                },
                {
                    "cluster": "cluster_16",
                    "value": 78.62042042042043
                },
                {
                    "cluster": "cluster_17",
                    "value": 97.3
                },
                {
                    "cluster": "cluster_18",
                    "value": 78.46071428571429
                },
                {
                    "cluster": "cluster_19",
                    "value": 69.6711328976035
                },
                {
                    "cluster": "cluster_2",
                    "value": 87.60000000000001
                },
                {
                    "cluster": "cluster_20",
                    "value": 90.48370370370371
                },
                {
                    "cluster": "cluster_21",
                    "value": 94.26
                },
                {
                    "cluster": "cluster_3",
                    "value": 27.707142857142856
                },
                {
                    "cluster": "cluster_4",
                    "value": 94.93846153846154
                },
                {
                    "cluster": "cluster_5",
                    "value": 95.61364522417155
                },
                {
                    "cluster": "cluster_6",
                    "value": 59.34417989417988
                },
                {
                    "cluster": "cluster_7",
                    "value": 32.65531914893617
                },
                {
                    "cluster": "cluster_8",
                    "value": 95.07441077441077
                },
                {
                    "cluster": "cluster_9",
                    "value": 88.07647058823531
                }
            ]
        },
        {
            "variable": "cluster_size",
            "var": 154.63,
            "values": [
                {
                    "cluster": "cluster_7",
                    "value": 47
                },
                {
                    "cluster": "cluster_1",
                    "value": 39
                },
                {
                    "cluster": "cluster_5",
                    "value": 38
                },
                {
                    "cluster": "cluster_16",
                    "value": 37
                },
                {
                    "cluster": "cluster_19",
                    "value": 34
                },
                {
                    "cluster": "cluster_18",
                    "value": 28
                },
                {
                    "cluster": "cluster_0",
                    "value": 23
                },
                {
                    "cluster": "cluster_13",
                    "value": 22
                },
                {
                    "cluster": "cluster_12",
                    "value": 18
                },
                {
                    "cluster": "cluster_9",
                    "value": 17
                },
                {
                    "cluster": "cluster_15",
                    "value": 16
                },
                {
                    "cluster": "cluster_14",
                    "value": 16
                },
                {
                    "cluster": "cluster_3",
                    "value": 14
                },
                {
                    "cluster": "cluster_6",
                    "value": 14
                },
                {
                    "cluster": "cluster_4",
                    "value": 13
                },
                {
                    "cluster": "cluster_11",
                    "value": 13
                },
                {
                    "cluster": "cluster_8",
                    "value": 11
                },
                {
                    "cluster": "cluster_21",
                    "value": 10
                },
                {
                    "cluster": "cluster_2",
                    "value": 7
                },
                {
                    "cluster": "cluster_10",
                    "value": 6
                },
                {
                    "cluster": "cluster_20",
                    "value": 5
                },
                {
                    "cluster": "cluster_17",
                    "value": 3
                }
            ]
        }
    ],
    "summary": {
        "clusters": []
    }
}